CLUSTERID1	CLUSTERID2	ComponentIndex	Cosine	DeltaMZ
82247	99059	3	0.9429	18.010
87009	99059	3	0.8789	13.981
81236	87690	3	0.8722	-0.001
81236	81355	3	0.9039	18.010
78845	98209	3	0.9437	18.010
82247	83327	3	0.8998	-0.001
81355	93013	3	0.8709	0.000
81268	86527	3	0.8699	0.001
83327	99059	3	0.8832	18.010
83037	98209	3	0.8656	245.017
81268	83327	3	0.877	-18.009
83327	98209	3	0.8654	19.014
81355	98209	3	0.8675	0.000
57335	58696	4	0.5224	-1.000
58656	63270	5	0.8198	-0.999
97282	99454	6	0.5522	0.030
98032	98751	6	0.8016	0.033
98032	99454	6	0.7812	-16.997
98751	99454	6	0.8798	-17.030
97282	100020	6	0.5724	-0.019
3134	4510	12	0.7309	-42.011
4189	4510	12	0.7105	-37.002
2784	4261	12	0.7325	2.010
3134	4972	12	0.7052	-56.026
4510	4856	12	0.7137	59.075
4189	4535	12	0.7576	0.090
3273	3796	12	0.7071	44.027
3167	3490	12	0.7534	-0.036
3134	3631	12	0.7019	-14.016
4402	4516	12	0.7101	-0.095
3167	4261	12	0.7285	-16.036
4510	4535	12	0.7256	37.092
3273	3490	12	0.8374	0.000
3167	3273	12	0.9187	-0.036
3273	4189	12	0.731	-36.999
3631	4510	12	0.7337	-27.995
4516	4535	12	0.7038	-21.930
4510	4516	12	0.7464	59.022
4516	4856	12	0.762	0.053
4402	4856	12	0.8117	-0.042
3273	4261	12	0.792	-16.000
19142	50667	14	0.6617	-1.855
28051	50667	14	0.5778	170.220
19142	28051	14	0.8252	-172.075
56031	66723	16	0.7698	-116.062
41373	95928	17	0.6966	-323.383
61810	99459	17	0.7566	-258.278
58859	79782	17	0.6892	8.673
5076	31072	17	0.6809	-158.984
13460	19183	17	0.7253	-77.106
16518	29887	17	0.6815	38.001
46867	58945	17	0.718	-212.139
1277	21075	17	0.7137	331.608
17470	75764	17	0.6888	-324.132
16987	104298	17	0.7174	-386.522
24958	68993	17	0.7513	132.079
20388	58109	17	0.692	-211.991
15260	31072	17	0.6926	-107.984
21671	31072	17	0.6866	-12.984
5076	34855	17	0.7319	-107.062
17970	51297	17	0.7374	-107.911
6260	13671	17	0.7247	45.968
57610	104298	17	0.6966	-310.418
5076	95183	17	0.6845	-395.389
3416	15481	17	0.7148	-33.045
99459	104386	17	0.6824	-41.035
15412	17470	17	0.7096	-76.087
6260	15294	17	0.7315	-113.973
15294	46867	17	0.7294	123.940
13104	103201	17	0.7231	-268.658
15412	61810	17	0.7117	-75.125
13460	58692	17	0.7172	-122.182
15294	17969	17	0.7314	97.004
13104	16987	17	0.72	8.736
94125	107066	17	0.714	-156.154
17353	57610	17	0.6897	-130.076
15294	21214	17	0.7184	24.039
16632	94125	17	0.7591	-252.401
58945	95928	17	0.6978	-212.214
15481	49554	17	0.6898	-122.146
96628	103201	17	0.6951	108.087
15260	63755	17	0.7189	-118.990
9972	17470	17	0.7025	-36.274
58692	100930	17	0.7412	-332.272
31072	103201	17	0.7403	-207.446
21671	93615	17	0.6848	-240.383
3416	49554	17	0.6847	-155.191
63755	80200	17	0.6949	-218.201
16632	93615	17	0.7153	-322.413
19995	21643	17	0.7044	235.871
16987	17353	17	0.7102	53.972
15481	16987	17	0.7135	-64.088
31072	99459	17	0.7059	-177.384
58692	95928	17	0.701	-356.272
13460	21214	17	0.7004	-154.002
15294	15481	17	0.7898	136.052
31072	96628	17	0.7913	-315.534
13899	68993	17	0.7054	-20.133
95183	104298	17	0.7091	-80.169
13104	48853	17	0.7221	-75.264
93615	103320	17	0.7241	-197.159
20388	21643	17	0.7005	-39.982
6260	58945	17	0.7357	-202.172
16632	99459	17	0.7625	-272.397
16632	79782	17	0.6829	-229.385
3749	17470	17	0.7654	-26.155
34855	88396	17	0.6802	-267.403
15540	16632	17	0.7321	-18.962
55654	61810	17	0.698	122.918
58109	68993	17	0.7068	35.813
104298	104616	17	0.7384	40.104
13460	51593	17	0.6821	-130.151
19183	96829	17	0.6854	-403.363
16632	17470	17	0.7819	-15.081
3749	61810	17	0.7081	-25.194
13671	15412	17	0.79	-1.906
31072	61810	17	0.7543	80.894
21643	52472	17	0.74	-216.053
13460	105405	17	0.7021	-453.499
15481	57610	17	0.6895	-140.193
21214	51297	17	0.7123	-37.073
54195	95928	17	0.7129	-243.297
15294	16987	17	0.8658	71.963
6260	13104	17	0.7866	-50.746
16987	61810	17	0.7226	10.946
16518	58945	17	0.6935	-94.115
21214	58945	17	0.7256	-112.238
13104	34855	17	0.7753	-9.289
15294	57610	17	0.7691	-4.141
15540	107066	17	0.6859	-427.518
51297	99005	17	0.7396	-206.354
21671	53807	17	0.6872	-202.280
13104	104298	17	0.721	-377.786
58945	104298	17	0.7251	-226.360
15412	34855	17	0.7177	-104.097
1277	40956	17	0.6822	42.515
13104	101259	17	0.7303	-266.601
15540	55654	17	0.6809	-156.000
1277	90872	17	0.713	-65.778
13104	96628	17	0.7435	-376.746
14432	90872	17	0.6841	-269.171
15294	104298	17	0.7178	-314.559
13104	61810	17	0.7203	19.682
58692	97972	17	0.6803	-242.281
6260	34855	17	0.7298	-60.035
11969	51297	17	0.7228	-116.987
21643	95928	17	0.6811	-418.453
16987	58945	17	0.7332	-160.162
10775	14432	17	0.6884	-32.194
95928	100930	17	0.7638	24.000
13460	96829	17	0.7381	-480.470
31072	95183	17	0.7032	-236.404
21213	34855	17	0.6831	127.091
16987	93374	17	0.7107	-299.364
1277	53807	17	0.7228	66.317
15540	61810	17	0.72	-33.082
15294	58945	17	0.7971	-88.199
14040	95928	17	0.6864	-280.386
94125	99459	17	0.7237	-19.996
21643	29887	17	0.7155	-74.122
17470	93615	17	0.7595	-307.332
15294	54195	17	0.7341	-57.116
17470	28648	17	0.7057	-15.883
34855	107066	17	0.6928	-365.465
15841	58692	17	0.7175	85.033
19995	58109	17	0.7046	63.862
58109	97972	17	0.7192	-132.453
34855	105291	17	0.6927	-428.401
61810	96628	17	0.7676	-396.428
6260	74831	17	0.7482	-410.477
13104	15540	17	0.8496	52.764
34855	96628	17	0.7013	-367.456
13899	24958	17	0.6837	-152.212
58945	74831	17	0.7436	-208.306
17470	33308	17	0.7071	-284.031
58692	96829	17	0.6894	-358.287
14288	61810	17	0.7002	-59.177
20388	58692	17	0.7121	-102.163
17470	62861	17	0.7024	-143.961
41373	100930	17	0.682	-299.383
6260	101259	17	0.6872	-317.346
6260	107066	17	0.6907	-425.500
34760	90872	17	0.7069	-61.364
17470	21671	17	0.7079	-66.949
13671	78488	17	0.721	-454.431
15481	34855	17	0.7318	-82.114
93615	105983	17	0.6818	-5.042
16987	57610	17	0.6924	-76.104
21214	95928	17	0.7673	-324.452
15481	104298	17	0.7243	-450.610
49554	94125	17	0.7744	-169.278
3416	16987	17	0.7054	-97.133
99459	103201	17	0.6857	-30.063
48604	54409	20	0.5036	-84.147
22539	34447	22	0.7019	-15.992
16699	22539	22	0.679	16.007
22539	39649	22	0.6934	0.001
25836	34447	22	0.6609	-15.994
25836	39649	22	0.6774	0.000
22539	25836	22	0.7275	0.001
22539	27935	22	0.7346	0.001
27935	39649	22	0.6669	0.000
25836	61926	22	0.6746	-50.015
27935	34447	22	0.6744	-15.994
25836	27935	22	0.7228	-0.000
91356	106786	23	0.9509	-112.088
66442	93325	23	0.9407	-25.021
87557	89484	23	0.9431	-14.016
87598	92996	23	0.9345	-42.047
82756	87557	23	0.944	-28.068
43906	64543	23	0.924	-59.153
80546	85944	23	0.9483	44.003
82310	91356	23	0.9722	-56.063
65849	89448	23	0.9306	-70.337
74950	78155	23	0.9582	-0.060
90406	93284	23	0.9466	-28.031
89448	92996	23	0.9434	-28.031
83536	108170	23	0.936	-56.177
90038	90406	23	0.9318	56.063
85361	87557	23	0.9345	-10.021
85143	89484	23	0.9738	-28.031
75883	108170	23	0.9212	9.971
85361	85510	23	0.9604	-27.995
92971	92996	23	0.9213	15.019
85243	90933	23	0.9307	42.047
86413	89448	23	0.9408	-2.016
63587	88239	23	0.9299	10.991
82310	85944	23	0.9562	-13.999
84587	89484	23	0.9215	69.967
87598	89448	23	0.9889	-14.016
72075	82477	23	0.9499	-59.062
92996	93325	23	0.9663	14.051
87557	91356	23	0.9698	-28.031
89484	108170	23	0.9749	-126.103
82310	89484	23	0.9447	-42.047
86123	89448	23	0.9311	-15.030
90172	93325	23	0.9951	-3.959
85143	93228	23	0.923	-145.111
85361	98012	23	0.9429	-125.129
90172	92615	23	0.9478	-3.995
85510	87557	23	0.9597	17.974
85243	87598	23	0.923	-16.031
82310	85510	23	0.9956	-46.005
69436	81727	23	0.9299	-82.193
80546	98012	23	0.9438	-85.137
92615	92971	23	0.9344	-29.034
65849	87598	23	0.9219	-56.321
85944	90457	23	0.9367	-44.004
85886	93284	23	0.9447	-32.028
72075	85641	23	0.9301	-72.036
62040	88239	23	0.9402	-7.064
82756	85361	23	0.967	-18.047
84587	87557	23	0.9416	83.983
85143	108170	23	0.9587	-154.135
75883	93228	23	0.9522	18.995
80546	93325	23	0.944	-16.036
69436	88239	23	0.9459	-68.177
83536	83859	23	0.927	27.954
88844	90457	23	0.9465	-14.015
79140	85143	23	0.9503	-42.047
70639	88239	23	0.947	-42.992
87598	93325	23	0.9548	-27.996
73673	85361	23	0.9444	-30.047
80546	91356	23	0.9372	1.939
83536	93228	23	0.9243	-47.153
82756	106786	23	0.9247	-168.187
73673	98012	23	0.9394	-155.176
92615	93325	23	0.945	0.035
89484	91356	23	0.9742	-14.016
84587	85510	23	0.9429	66.009
79140	87557	23	0.9408	-56.063
82310	90457	23	0.9475	-58.003
85143	87557	23	0.95	-14.016
82310	84587	23	0.9378	-112.014
87557	106786	23	0.9411	-140.119
65101	88239	23	0.9267	-112.125
85641	85944	23	0.9343	15.973
89484	93228	23	0.9225	-117.079
90172	92996	23	0.9711	-18.011
72075	90457	23	0.9297	-100.067
82756	91356	23	0.9381	-56.099
80546	85361	23	0.9479	39.991
69436	72075	23	0.9368	29.874
63587	80546	23	0.937	8.977
86413	90259	23	0.93	-43.968
85361	106786	23	0.9387	-150.140
85510	106786	23	0.9731	-122.145
63587	85510	23	0.9416	20.973
91356	108170	23	0.9577	-112.088
87598	90172	23	0.956	-24.036
43906	67254	23	0.9485	-91.146
79140	108170	23	0.9249	-196.182
88239	91516	23	0.9301	-75.112
70499	80546	23	0.9486	-29.079
90172	92971	23	0.941	-33.029
83536	93284	23	0.9224	7.926
69436	90485	23	0.9436	-68.177
75883	93284	23	0.9313	74.073
90038	93284	23	0.9499	28.031
82310	87557	23	0.9651	-28.031
85510	88844	23	0.9427	2.018
43906	69436	23	0.9468	-58.000
80546	90457	23	0.9401	-0.001
66442	90172	23	0.932	-21.062
88239	90485	23	0.9433	0.000
90172	97873	23	0.9447	-46.042
89448	92971	23	0.9361	-43.050
85510	90457	23	0.9587	-11.997
89448	92615	23	0.9558	-14.016
84587	106786	23	0.9244	-56.137
52628	98471	23	0.9209	-203.263
82477	85944	23	0.9269	2.999
72075	85944	23	0.9408	-56.063
69358	73673	23	0.9247	-28.031
82310	106786	23	0.9712	-168.151
84587	91356	23	0.9578	55.952
89448	93325	23	0.9607	-13.980
89448	90172	23	0.9636	-10.021
70639	81727	23	0.9255	-57.008
82310	85361	23	0.9606	-18.010
65849	86413	23	0.9284	-68.321
93325	97873	23	0.9389	-42.083
70639	72075	23	0.9414	55.059
93228	93284	23	0.9337	55.079
80546	82310	23	0.9536	58.002
92971	93325	23	0.9329	29.070
85243	86413	23	0.9278	-28.031
65101	70639	23	0.9235	-69.133
72075	88239	23	0.9466	-98.052
85361	85944	23	0.9502	4.012
64543	69436	23	0.9231	1.153
85886	90406	23	0.9216	-3.996
74950	85243	23	0.9257	-42.107
63587	106786	23	0.9296	-101.172
82477	90457	23	0.9298	-41.005
85944	98012	23	0.9231	-129.141
88774	90172	23	0.921	46.006
86123	87598	23	0.9229	-1.014
93228	108170	23	0.9252	-9.024
90457	93325	23	0.9766	-16.035
85243	89448	23	0.9303	-30.047
67254	88239	23	0.9265	-35.031
98012	98471	23	0.9382	-16.024
80546	88844	23	0.943	14.014
85361	91356	23	0.9452	-38.052
63587	82756	23	0.9249	67.016
69436	70639	23	0.9304	-25.185
63587	85641	23	0.9227	37.007
85510	91356	23	0.9706	-10.057
79140	89484	23	0.9415	-70.078
90457	98012	23	0.9463	-85.136
85510	85944	23	0.9584	32.007
70499	98012	23	0.9241	-114.217
40681	40685	24	0.5351	1.998
56221	75306	26	0.6132	-82.570
48851	56221	26	0.6109	-357.882
54277	55594	27	0.9552	-17.032
48887	52871	27	0.9435	-17.021
61813	63306	27	0.9122	-44.033
59331	74762	27	0.9218	17.004
63278	71958	27	0.8998	30.008
57288	59455	27	0.9401	-26.986
52828	55578	27	0.9483	-88.048
52421	52854	27	0.9629	1.003
60259	71774	27	0.927	77.049
56866	57855	27	0.9252	-44.027
72026	74066	27	0.9213	105.081
59768	60041	27	0.9427	-44.026
58090	60254	27	0.951	61.055
58230	60254	27	0.9426	105.081
63278	80069	27	0.8997	19.004
56439	58713	27	0.893	-17.027
56439	80228	27	0.8713	-56.063
53390	54474	27	0.928	17.028
56409	57663	27	0.9057	0.060
58667	59331	27	0.918	-27.001
54938	58667	27	0.9279	-75.068
51811	56866	27	0.955	-14.017
59331	74110	27	0.9218	148.073
55594	60254	27	0.9349	3.012
69379	71839	27	0.909	-17.027
56028	74110	27	0.9025	17.000
60041	60254	27	0.937	88.053
53166	54938	27	0.9243	61.053
48396	58713	27	0.8978	-31.043
59629	61936	27	0.9165	-14.009
54277	59768	27	0.9389	-58.046
51811	73943	27	0.9154	-25.022
56578	74762	27	0.9172	46.007
56439	69379	27	0.8958	-28.031
70213	76986	27	0.9137	-11.005
57670	59012	27	0.8809	-132.079
52871	54460	27	0.923	-44.029
53390	61936	27	0.9097	-10.998
54460	55456	27	0.9247	-115.047
59768	60286	27	0.9251	71.025
52611	53980	27	0.9452	-0.059
51699	58230	27	0.9066	-58.043
51811	53390	27	0.939	-44.029
52854	58667	27	0.9312	-119.091
60041	71774	27	0.9395	148.073
58713	71839	27	0.8522	-28.031
48396	80228	27	0.9046	-70.078
54474	61936	27	0.9097	-28.026
59148	59749	27	0.9161	17.030
61936	80069	27	0.8988	-42.053
52611	73943	27	0.9473	-42.107
52421	55456	27	0.9453	-131.068
54474	74066	27	0.9142	-42.046
48396	60631	27	0.8923	-28.032
52828	52854	27	0.949	61.055
52854	54460	27	0.9227	-17.024
60254	60259	27	0.9584	-17.029
58713	60631	27	0.8908	3.011
52854	55456	27	0.9528	-132.071
56866	57663	27	0.9117	17.086
48775	61626	27	0.8493	-28.031
48396	69379	27	0.9168	-42.047
71958	80069	27	0.9094	-11.004
58090	60041	27	0.9412	-26.998
55067	61896	27	0.8955	-14.073
51699	52997	27	0.9297	105.083
48887	52421	27	0.9569	-45.029
54474	71958	27	0.9157	-59.075
73943	76986	27	0.9357	-28.030
56866	76986	27	0.9307	-39.035
58110	61813	27	0.9378	-13.006
56865	58110	27	0.8847	-1.004
55594	56578	27	0.9328	-26.996
61936	74066	27	0.9088	-14.020
61582	63278	27	0.8996	44.028
61078	70213	27	0.8923	-14.016
56866	70213	27	0.9087	-28.030
49630	53209	27	0.9099	-131.071
58713	80228	27	0.8764	-39.036
48396	52611	27	0.8762	-43.966
52856	55155	27	0.8962	17.030
53980	56409	27	0.9347	-14.017
56409	73943	27	0.9255	-28.031
61626	71600	27	0.8806	-14.016
52997	74762	27	0.9187	-42.046
55456	55578	27	0.9514	-17.032
53390	57855	27	0.9147	-14.015
52871	60180	27	0.907	-14.016
57663	61078	27	0.9024	-31.100
56028	57288	27	0.8756	-60.055
48887	49630	27	0.9117	-1.002
48887	53166	27	0.9102	-149.103
52828	59749	27	0.9382	3.018
55594	60259	27	0.9636	-14.016
51699	60041	27	0.9308	-41.014
52856	53390	27	0.9522	44.027
60254	71774	27	0.9397	60.020
52828	57288	27	0.9768	-14.019
53166	55578	27	0.919	-44.026
56439	60631	27	0.8946	-14.016
51811	76986	27	0.9324	-53.052
57663	61896	27	0.8974	-14.073
58090	59768	27	0.959	17.028
48093	48887	27	0.9312	-44.027
53166	55456	27	0.9339	-26.994
60254	74762	27	0.9228	15.998
52854	54938	27	0.9318	-44.023
51699	55594	27	0.9542	44.027
61936	76986	27	0.9079	1.974
52854	53166	27	0.9275	-105.077
69379	80228	27	0.9182	-28.031
52871	55456	27	0.9168	-159.076
52856	63278	27	0.9167	-28.028
51811	70213	27	0.8963	-42.047
51811	53980	27	0.9042	17.026
56866	61896	27	0.9063	3.013
56028	59148	27	0.9064	-60.048
56028	63306	27	0.8908	-13.014
52997	74066	27	0.911	46.003
60041	60259	27	0.9221	71.024
51699	60259	27	0.922	30.010
59012	72026	27	0.9177	16.998
58090	60286	27	0.9235	88.053
61896	61936	27	0.8974	-44.022
62007	63278	27	0.9042	26.995
52997	55594	27	0.9451	-61.056
58230	59768	27	0.945	61.055
52871	56865	27	0.9141	3.005
51811	61078	27	0.909	-28.031
55456	59749	27	0.9219	74.033
48887	52854	27	0.9399	-44.026
55594	60041	27	0.9355	-85.040
71774	72026	27	0.9296	-61.054
59148	59331	27	0.9526	-71.025
62007	80069	27	0.8959	45.999
59148	62007	27	0.9093	-40.004
52854	59749	27	0.9413	-58.038
53390	59629	27	0.9057	3.011
59012	59331	27	0.9329	17.027
58667	59749	27	0.9475	61.054
54938	59012	27	0.9159	-119.096
59768	60259	27	0.9689	26.998
54938	59749	27	0.916	-14.014
52997	54277	27	0.9374	-44.025
60259	60286	27	0.9353	44.027
54938	59331	27	0.9108	-102.069
60254	60286	27	0.9184	26.998
51811	52856	27	0.903	-88.055
53209	54938	27	0.9235	44.023
56028	61813	27	0.9086	31.019
58110	74110	27	0.9152	-27.025
53209	59455	27	0.9097	-14.014
54938	55456	27	0.9162	-88.048
57855	59629	27	0.8991	17.027
51699	54277	27	0.9359	61.058
71774	74066	27	0.9371	44.027
54474	59629	27	0.9079	-14.017
60631	61896	27	0.8995	-44.024
60631	80119	27	0.8631	1.979
58667	59148	27	0.9191	44.024
59270	60286	27	0.8915	-17.031
53209	59749	27	0.914	30.009
60180	61813	27	0.9141	3.010
73943	74762	27	0.924	-132.073
52828	58667	27	0.9464	-58.036
61078	63278	27	0.9142	-88.052
48887	56865	27	0.9147	-14.016
54277	56578	27	0.9511	-44.028
58090	58230	27	0.9474	-44.027
61813	74110	27	0.9295	-14.019
73943	74066	27	0.9392	-44.025
76986	80069	27	0.9245	-44.027
52421	52871	27	0.9326	28.008
53390	74066	27	0.9138	-25.018
52828	55456	27	0.9637	-71.015
56028	58110	27	0.9718	44.025
53147	60286	27	0.8869	-14.016
56409	56439	27	0.9079	44.026
56409	56866	27	0.9327	-17.026
60631	69379	27	0.8879	-14.016
51811	56409	27	0.908	3.009
51699	71774	27	0.9455	107.059
59768	60254	27	0.9728	44.027
53166	59749	27	0.9153	47.039
58090	60259	27	0.969	44.026
52421	58667	27	0.9132	-118.088
52421	52828	27	0.9626	-60.052
56409	61896	27	0.9044	-14.013
52997	72026	27	0.9076	-59.078
52611	56409	27	0.9261	-14.076
62412	71958	27	0.9034	118.062
55578	59148	27	0.9339	74.035
54277	58090	27	0.9315	-75.074
52611	57663	27	0.8791	-14.016
52421	54460	27	0.9091	-16.021
55456	58667	27	0.9581	12.979
56866	73943	27	0.9163	-11.005
69379	76986	27	0.9203	-72.056
52421	53166	27	0.9405	-104.074
48396	56439	27	0.8973	-14.016
48093	52421	27	0.9192	-89.056
72026	74762	27	0.958	17.032
60180	74110	27	0.8979	-11.008
54460	55578	27	0.9121	-132.079
63306	74110	27	0.9117	30.014
62007	62412	27	0.9105	-61.060
69379	73943	27	0.9445	-44.026
52997	71774	27	0.9284	1.976
53166	58667	27	0.9189	-14.015
53209	59012	27	0.8994	-75.072
58110	59331	27	0.9168	-175.098
51811	52611	27	0.903	17.085
48093	49630	27	0.8909	-45.029
74066	74762	27	0.9456	-88.049
56865	59749	27	0.9133	-88.047
54277	58230	27	0.9364	-119.101
58110	61024	27	0.9054	-43.020
58230	61582	27	0.9066	118.064
52828	52871	27	0.9364	88.060
54277	71774	27	0.9531	46.001
55067	60631	27	0.8716	29.951
56578	72026	27	0.9076	28.975
49630	56865	27	0.8922	-13.015
58230	60259	27	0.9308	88.053
52854	52871	27	0.9303	27.005
49630	54938	27	0.9173	-87.048
71774	80069	27	0.9395	15.995
59148	74110	27	0.9267	77.048
53390	76986	27	0.9083	-9.024
71600	80119	27	0.8643	-28.031
56409	59629	27	0.9029	-44.026
60631	80228	27	0.8954	-42.047
61078	61896	27	0.9023	17.027
61936	63278	27	0.917	-61.057
59148	61813	27	0.9127	91.067
54277	60041	27	0.9709	-102.072
53166	54460	27	0.9075	88.052
58230	60041	27	0.9686	17.029
74066	76986	27	0.9148	15.994
53209	59331	27	0.9187	-58.046
59012	59455	27	0.9102	61.059
55578	58667	27	0.9377	30.012
55594	58090	27	0.9422	-58.042
54474	80069	27	0.9096	-70.079
52828	53166	27	0.9623	-44.021
57670	60180	27	0.89	44.029
58110	63306	27	0.899	-57.039
56866	61078	27	0.9229	-14.014
52828	54460	27	0.9392	44.031
52997	60041	27	0.9156	-146.097
53980	73943	27	0.9627	-42.048
61582	71958	27	0.9079	74.036
52421	59749	27	0.9264	-57.035
71774	74762	27	0.9456	-44.022
55067	61078	27	0.8995	-31.100
61024	61813	27	0.8989	30.013
55594	59768	27	0.9304	-41.015
51699	59768	27	0.9299	3.012
58110	59148	27	0.9165	-104.073
54277	60254	27	0.9493	-14.019
82518	89981	28	0.8738	-28.034
75118	77186	28	0.8716	0.006
92883	105728	28	0.8033	-112.126
61425	62803	28	0.7517	-30.043
100383	103518	28	0.7409	60.958
97404	103518	28	0.7503	32.923
73542	74871	28	0.8858	61.059
82518	102558	28	0.7384	-141.165
79274	102513	28	0.8172	56.060
73637	74871	28	0.9104	17.030
82678	102513	28	0.8659	56.060
61425	63831	28	0.7595	13.981
73557	75912	28	0.7915	1.002
39819	60896	28	0.7549	121.506
86745	89981	28	0.903	-2.013
73542	75761	28	0.7711	60.054
72889	73542	28	0.8152	-132.080
71477	74871	28	0.8733	44.030
89981	92883	28	0.8462	-28.033
39819	41424	28	0.7456	-298.615
72889	74421	28	0.7743	-1.002
66477	75405	28	0.7542	-60.040
66477	66755	28	0.7557	44.020
72889	74871	28	0.8324	-71.021
105616	108198	28	0.9129	-28.031
102558	105728	28	0.7588	-27.028
86745	92883	28	0.7364	-30.047
82678	105616	28	0.9129	28.030
82678	108198	28	0.9029	-0.000
20023	72427	28	0.7653	-190.120
82217	82258	28	0.7404	1.003
82678	83108	28	0.85	-1.003
72427	89981	28	0.7331	137.941
89981	105728	28	0.8852	-140.159
73324	74871	28	0.8826	-26.995
73324	73542	28	0.8789	-88.054
50807	60896	28	0.7205	58.022
61425	72427	28	0.7605	-104.062
79274	105616	28	0.8171	28.030
72427	73637	28	0.7505	-74.071
72889	75912	28	0.8272	44.026
92883	101995	28	0.7766	-84.094
75405	75912	28	0.785	72.021
71477	73637	28	0.8606	27.001
41424	105616	28	0.7921	54.680
73515	77186	28	0.7415	44.025
41424	60896	28	0.7299	420.121
72427	73324	28	0.8082	-30.047
102513	108198	28	0.8518	-56.060
73637	77186	28	0.7822	43.022
82258	89981	28	0.7428	179.227
74871	75761	28	0.7841	-1.005
71477	75761	28	0.7908	43.025
73542	77186	28	0.7373	87.052
20023	89981	28	0.7292	-52.179
79274	82678	28	0.8652	-0.000
72889	73637	28	0.8758	-88.050
83108	108198	28	0.8721	1.003
62803	71477	28	0.7787	-175.090
72427	75912	28	0.7784	58.005
62803	73324	28	0.8257	-104.066
72889	73324	28	0.927	-44.026
105616	106743	28	0.7527	-23.015
62803	75912	28	0.7601	-16.014
62803	77186	28	0.7798	-105.068
101995	102558	28	0.7219	-1.004
59983	73891	28	0.7273	-60.040
82518	105728	28	0.8956	-168.193
79274	83108	28	0.7529	-1.003
41424	82678	28	0.7755	26.650
82219	82258	28	0.7623	21.982
82518	86745	28	0.7213	-26.020
101995	105728	28	0.8292	-28.032
73515	75761	28	0.7637	17.028
73557	75761	28	0.7251	-115.050
82518	92883	28	0.7805	-56.067
89981	101995	28	0.8295	-112.127
83108	102513	28	0.7974	57.063
72889	75405	28	0.8468	-27.995
82518	87742	28	0.9179	-14.019
75761	77186	28	0.7529	26.998
87742	89981	28	0.7295	-14.014
87742	105728	28	0.7292	-154.173
20023	26940	28	0.731	-56.061
62803	72889	28	0.7671	-60.040
39819	108198	28	0.7313	-271.965
73637	75761	28	0.7747	16.025
62803	73542	28	0.7736	-192.119
71477	72889	28	0.7672	115.051
71477	73542	28	0.9044	-17.029
62803	73637	28	0.8167	-148.090
71477	75912	28	0.8121	159.077
41424	102513	28	0.7414	82.710
39819	105616	28	0.7715	-243.935
74421	77186	28	0.8245	-44.026
39815	39819	28	0.8705	1.000
82518	101995	28	0.8294	-140.161
39819	50807	28	0.734	63.485
72427	72889	28	0.8494	13.979
102513	105616	28	0.8515	-28.029
73324	75405	28	0.8108	16.031
82518	105844	28	0.753	-169.196
72427	75405	28	0.8466	-14.016
102513	105728	28	0.8455	15.997
103518	105728	28	0.7992	39.011
60896	105616	28	0.7301	-365.441
41424	83108	28	0.7504	25.647
100383	106743	28	0.7464	32.926
39819	83108	28	0.7798	-272.968
62803	63831	28	0.7921	44.024
97404	106743	28	0.7214	4.891
71477	72427	28	0.7246	101.072
82209	82217	28	0.7446	1.003
73324	77186	28	0.7973	-1.002
83108	105616	28	0.8788	29.033
41424	108198	28	0.7608	26.650
66755	75405	28	0.8435	-104.060
73324	73637	28	0.9036	-44.024
73557	77186	28	0.7421	-88.052
73542	73637	28	0.8692	44.029
79274	108198	28	0.8646	-0.000
86745	105728	28	0.7749	-142.172
59983	63831	28	0.7382	-44.029
73324	75912	28	0.8257	88.052
73557	75118	28	0.7785	-88.058
20023	59983	28	0.7236	-28.048
71477	73324	28	0.8372	71.025
73637	75912	28	0.8044	132.076
73542	75912	28	0.8124	176.106
102513	103518	28	0.778	-23.013
74871	75912	28	0.8189	115.047
20023	75405	28	0.7735	-204.136
62803	74871	28	0.7589	-131.060
74421	75118	28	0.7971	-44.032
103518	106743	28	0.8745	-28.032
39819	82678	28	0.7278	-271.965
89981	105844	28	0.7449	-141.162
254	265	31	0.9329	-3.997
253	2597	31	0.8834	-11.034
2551	3056	31	0.9233	14.018
1285	3472	31	0.9357	-22.987
2516	3110	31	0.9555	-3.993
2516	3521	31	0.9943	0.001
244	488	31	0.9089	-16.016
2516	3504	31	0.9262	-18.010
1509	2597	31	0.8977	-18.072
4684	9848	31	0.875	-27.995
2502	2635	31	0.839	14.016
254	488	31	0.9343	-2.001
2605	3022	31	0.9506	0.019
2562	2815	31	0.8965	22.982
354	2785	31	0.9351	-0.073
253	1509	31	0.8715	7.038
50	396	31	0.886	0.027
1710	3110	31	0.9049	14.017
278	390	31	0.9309	-0.071
607	3334	31	0.9122	-28.035
535	2597	31	0.8646	-55.044
2974	3056	31	0.8776	-18.010
278	1400	31	0.8691	18.010
1060	1180	31	0.8433	-10.018
1996	2341	31	0.8406	-13.507
34	50	31	0.8664	17.965
253	2562	31	0.8919	5.013
253	265	31	0.876	-21.946
607	3933	31	0.9364	13.981
2543	2551	31	0.872	32.007
2502	2584	31	0.8697	54.976
1885	2817	31	0.9017	-18.011
2516	3483	31	0.9262	-3.993
1885	2815	31	0.9007	-12.011
2690	3521	31	0.9329	3.996
9848	33982	31	0.887	-14.052
50	2551	31	0.9185	0.027
2533	3521	31	0.9825	14.017
2574	2584	31	0.83	-60.024
2468	2752	31	0.8265	50.905
1285	3933	31	0.9648	9.002
91	1180	31	0.8716	14.004
575	3472	31	0.9375	-4.977
2584	2793	31	0.8217	-44.951
244	254	31	0.92	-14.015
1301	2108	31	0.8692	-30.950
3334	3336	31	0.9047	-18.006
3110	3521	31	0.9542	3.994
1958	2562	31	0.9096	14.022
2547	2793	31	0.8295	15.980
244	265	31	0.9096	-18.011
226	265	31	0.8766	-20.009
2727	2817	31	0.8868	30.953
4684	4998	31	0.846	2.016
1958	3336	31	0.896	70.948
1617	3472	31	0.9033	89.910
1710	2551	31	0.9338	-27.995
2954	3369	31	0.8298	-11.996
50	2563	31	0.8573	-14.015
1996	2061	31	0.9482	101.935
2547	2819	31	0.8828	32.024
412	2817	31	0.8747	-24.009
575	3334	31	0.9527	-15.004
1958	3334	31	0.9076	88.954
33982	42238	31	0.997	0.000
2351	2502	31	0.8642	2.975
1617	2110	31	0.9111	-42.035
1617	2815	31	0.9153	27.933
2574	2724	31	0.9278	-9.007
2563	2605	31	0.9287	0.027
2603	2724	31	0.8525	9.988
1349	1509	31	0.9118	18.013
226	488	31	0.9308	-18.014
2516	3933	31	0.9968	0.001
412	2110	31	0.8765	-87.977
2533	2974	31	0.9567	0.039
354	1301	31	0.8736	12.939
47	50	31	0.9192	-14.015
2533	107663	31	0.847	27.996
3334	3504	31	0.9509	24.004
1285	3110	31	0.9301	5.007
3472	3933	31	0.9348	31.989
9848	42238	31	0.9013	-14.052
34	2551	31	0.8958	17.992
354	1400	31	0.8631	15.972
2563	3022	31	0.9846	0.046
1285	2574	31	0.9566	-14.016
224	396	31	0.9206	-0.018
607	3110	31	0.9397	9.986
85	2809	31	0.8945	-27.964
3472	3521	31	0.9278	31.988
1285	3521	31	0.9636	9.001
2974	3503	31	0.8752	27.995
2516	2533	31	0.9894	-14.016
34	224	31	0.9358	18.011
1311	2110	31	0.8932	-12.991
3284	3334	31	0.9154	16.025
1509	2110	31	0.8768	-49.011
1301	2817	31	0.9214	1.000
607	2690	31	0.9288	9.984
354	1962	31	0.8933	0.997
2061	2351	31	0.8296	-60.003
3110	3933	31	0.9555	3.995
2724	2974	31	0.8761	18.046
1962	2108	31	0.8751	-19.007
265	488	31	0.8974	1.996
33945	42238	31	0.829	-14.016
396	1710	31	0.9333	27.995
1710	3472	31	0.9116	-13.977
2110	2562	31	0.8916	46.986
354	2108	31	0.866	-18.011
224	3056	31	0.8732	14.000
2543	2793	31	0.8498	-49.979
2110	2815	31	0.8879	69.968
2543	2724	31	0.8354	45.990
2496	2558	31	0.8719	-14.012
1617	3336	31	0.8947	61.877
575	1285	31	0.9487	18.010
1285	2516	31	0.9634	9.001
535	1885	31	0.8655	-4.004
2574	2603	31	0.9095	-18.995
1349	2597	31	0.8647	-0.059
1962	2817	31	0.9038	12.943
377	1349	31	0.8765	14.016
3521	3933	31	0.9934	0.001
2574	3056	31	0.8318	-8.971
1843	2635	31	0.8228	-18.972
2496	2547	31	0.869	-32.023
253	535	31	0.8849	44.009
3334	3472	31	0.9537	10.027
1885	1962	31	0.8845	-30.953
2597	2815	31	0.8834	39.029
265	1060	31	0.8616	-14.012
224	2551	31	0.9707	-0.018
253	2815	31	0.9061	27.995
2468	2793	31	0.8561	0.945
8240	33945	31	0.9421	0.000
1962	2727	31	0.8797	-18.010
607	1285	31	0.9398	4.979
3521	4684	31	0.9284	1.910
3284	3369	31	0.915	0.057
2690	3504	31	0.9223	-14.015
2603	2748	31	0.8295	-1.004
3110	3504	31	0.9445	-14.017
396	2543	31	0.8893	-32.007
85	2690	31	0.9319	0.031
2547	2558	31	0.855	18.011
377	1509	31	0.8892	32.029
2533	3933	31	0.9877	14.017
1958	2817	31	0.8857	31.004
575	3504	31	0.9561	9.001
1617	3334	31	0.9188	79.883
1311	1509	31	0.8577	36.020
4684	9852	31	0.894	4.031
3110	3483	31	0.9871	0.001
208	488	31	0.9273	-17.978
412	2815	31	0.8788	-18.009
2496	2819	31	0.8556	0.002
412	2562	31	0.876	-40.991
535	2815	31	0.8947	-16.015
2516	2690	31	0.9367	-3.995
226	244	31	0.9423	-1.998
47	2809	31	0.9058	0.028
1285	3504	31	0.9719	-9.010
607	2516	31	0.9286	13.979
1982	2061	31	0.8298	-18.011
2108	2817	31	0.8966	31.950
2690	3933	31	0.9281	3.996
2108	2785	31	0.8319	17.937
575	1710	31	0.9187	9.000
2562	2597	31	0.8851	-16.047
91	2110	31	0.9036	18.007
1710	2690	31	0.9216	14.016
412	1617	31	0.8947	-45.942
1180	2110	31	0.8983	4.003
2533	2724	31	0.8649	-18.007
2543	3056	31	0.8545	46.025
396	2551	31	0.9413	0.000
2690	3110	31	0.9744	0.001
50	224	31	0.9532	0.045
3504	3521	31	0.9287	18.011
412	3336	31	0.8845	15.935
2690	3483	31	0.9651	0.002
208	254	31	0.9383	-15.977
226	254	31	0.9122	-16.013
1617	1958	31	0.9333	-9.071
208	244	31	0.9089	-1.963
254	2562	31	0.8654	22.962
1958	2110	31	0.9475	-32.964
575	2551	31	0.9061	-18.995
1285	3334	31	0.9544	-33.014
2584	2603	31	0.8794	41.030
593	2785	31	0.8301	30.945
50	85	31	0.8518	42.007
396	3056	31	0.9316	14.018
412	1958	31	0.9001	-55.013
3472	3504	31	0.9478	13.977
3483	3521	31	0.9263	3.994
208	226	31	0.9362	0.035
1885	2562	31	0.8725	-34.992
2724	3056	31	0.9657	0.036
3483	3504	31	0.9466	-14.017
253	1958	31	0.9013	-9.009
2108	2727	31	0.8892	0.997
253	1617	31	0.9	0.061
396	2724	31	0.8917	13.982
253	1885	31	0.8871	40.005
1301	1885	31	0.8814	19.011
535	2562	31	0.8831	-38.997
1301	1962	31	0.8765	-11.942
354	2817	31	0.896	13.939
390	1400	31	0.859	18.081
3504	3933	31	0.9304	18.012
208	265	31	0.9411	-19.974
34	2809	31	0.8696	32.008
1617	2562	31	0.9004	4.951
607	3483	31	0.9282	9.986
2516	4684	31	0.9218	1.910
575	3284	31	0.9228	-31.029
3933	4684	31	0.9275	1.909
2533	2574	31	0.8682	-9.001
1958	2815	31	0.9069	37.004
62753	78277	32	0.7562	15.996
80854	86381	32	0.8955	14.014
59141	78277	32	0.7425	15.995
61740	75999	32	0.8699	0.036
48975	86381	32	0.8056	-0.002
31414	98909	32	0.791	0.002
62753	88845	32	0.8277	-52.061
31031	53936	32	0.8813	-14.017
72086	76353	32	0.7681	15.995
31414	31629	32	0.9182	0.066
86723	89363	32	0.7942	-0.094
80854	98909	32	0.8463	0.000
59141	62753	32	0.77	-0.001
63170	86381	32	0.9312	-0.003
80676	82461	32	0.8084	-14.015
31031	69588	32	0.9281	-0.001
78277	87159	32	0.7991	-64.041
31629	53936	32	0.8731	-0.064
86723	87159	32	0.7939	4.019
81130	89650	32	0.7408	17.975
59141	69621	32	0.804	-54.044
69621	89363	32	0.7687	1.885
31031	86381	32	0.8903	-0.003
31414	86381	32	0.8157	14.016
48975	51913	32	0.8057	-0.000
75999	76482	32	0.7807	220.144
88714	89363	32	0.7427	0.914
48975	69588	32	0.8099	0.000
62506	71951	32	0.759	20.021
53936	98909	32	0.8486	0.000
65697	79199	32	0.7771	14.015
73955	76482	32	0.792	0.144
31031	80854	32	0.8861	-14.017
31629	80854	32	0.8857	-0.063
62506	88714	32	0.7815	-52.071
31414	63170	32	0.7961	14.019
76569	82461	32	0.8319	-0.000
69621	75167	32	0.8115	74.077
62506	87572	32	0.7499	-53.078
31414	53936	32	0.9214	0.002
53936	68179	32	0.9575	0.004
63170	69588	32	0.9284	-0.001
78277	88845	32	0.773	-68.057
93833	93834	32	0.8135	-1.009
83690	89650	32	0.7589	-80.062
53936	69588	32	0.841	14.016
79199	80676	32	0.8263	-14.016
68179	69588	32	0.8311	14.012
80247	88755	32	0.8821	0.002
88714	88845	32	0.8044	1.011
53936	93145	32	0.8471	-0.001
63170	75378	32	0.871	14.015
53936	80854	32	0.9616	0.000
48975	75378	32	0.8669	14.016
75167	88714	32	0.7773	-73.105
89650	89700	32	0.7537	-1.010
62506	87501	32	0.7732	-48.038
31031	48975	32	0.8481	-0.001
87501	87572	32	0.8071	-5.040
75867	86723	32	0.7445	17.991
71345	75620	32	0.7704	2.016
87159	87501	32	0.745	-0.995
62753	75167	32	0.8414	20.033
75167	87159	32	0.8481	-68.078
81130	92661	32	0.7773	15.989
87159	89363	32	0.8052	-4.113
75167	75867	32	0.7666	-90.088
75867	88845	32	0.7718	17.994
89700	93834	32	0.8626	0.000
78277	88755	32	0.7516	136.128
83690	93834	32	0.7756	-81.073
62753	87159	32	0.7754	-48.045
31629	68179	32	0.8683	-0.059
75167	86723	32	0.8391	-72.097
68179	80854	32	0.9774	-0.004
61234	61740	32	0.75	1.004
87159	88714	32	0.7756	-5.028
86723	88714	32	0.7419	-1.009
69621	87159	32	0.7595	5.999
31629	75674	32	0.7576	-0.063
75378	80854	32	0.8371	-28.032
71951	88714	32	0.7432	-72.092
69621	86723	32	0.7558	1.980
87572	88714	32	0.8243	1.007
93145	98909	32	0.7831	0.001
31031	75378	32	0.9285	14.015
75167	78277	32	0.7968	-4.037
65748	86723	32	0.7514	-70.076
31414	68179	32	0.9218	0.006
69588	80854	32	0.8496	-14.016
69621	76353	32	0.7759	-16.031
78277	89363	32	0.7411	-68.154
75779	83690	32	0.7432	-119.017
75167	89363	32	0.8804	-72.191
65697	80676	32	0.8718	-0.001
64689	76482	32	0.7655	14.014
62753	89363	32	0.8034	-52.158
48975	63170	32	0.7803	0.001
50703	75779	32	0.7904	42.985
31629	98909	32	0.8269	-0.063
53936	63170	32	0.8397	14.017
75867	89363	32	0.7503	17.897
65748	78277	32	0.7596	-2.017
76353	89363	32	0.8056	17.917
31414	93145	32	0.8158	0.001
88845	89363	32	0.8493	-0.097
71951	87501	32	0.7451	-68.059
88714	93834	32	0.7722	-14.017
79199	82461	32	0.765	-28.030
86617	93833	32	0.8826	-68.063
31629	93145	32	0.7802	-0.065
75999	79199	32	0.8172	-0.037
71345	76569	32	0.7949	0.000
69588	86381	32	0.904	-0.002
74501	86175	32	0.7655	-69.070
59141	88845	32	0.8169	-52.062
86617	89650	32	0.8946	-68.062
86723	88845	32	0.8185	0.002
48975	68179	32	0.8296	-14.012
86381	88755	32	0.8364	0.003
89650	93833	32	0.9334	-0.001
86617	93834	32	0.756	-69.072
69621	78277	32	0.7476	70.039
76569	84626	32	0.786	-1.007
69621	76569	32	0.78	-14.016
31031	31414	32	0.8334	-14.019
69588	75378	32	0.8949	14.016
62753	65748	32	0.7704	18.013
78520	84626	32	0.7938	-0.003
62753	69621	32	0.7612	-54.044
75378	86381	32	0.8719	-14.018
61740	65697	32	0.8848	-14.015
31031	68179	32	0.8695	-14.013
68179	86381	32	0.8775	14.009
68179	75378	32	0.8201	28.028
82461	84626	32	0.7929	-1.006
75167	76353	32	0.8203	-90.108
31414	80854	32	0.9273	0.002
76569	78520	32	0.7632	-1.004
69621	88845	32	0.8173	1.982
31031	63170	32	0.9114	-0.000
63170	68179	32	0.8345	-14.012
84626	86175	32	0.7849	-1.009
87159	88845	32	0.8246	-4.017
75167	88845	32	0.8818	-72.094
78277	80247	32	0.7623	136.126
89650	93834	32	0.8203	-1.010
87501	88714	32	0.8745	-4.033
63170	80854	32	0.8612	-14.016
53936	86381	32	0.8642	14.014
62753	86723	32	0.7793	-52.064
76353	93448	32	0.7514	17.917
61740	80676	32	0.9372	-14.016
13665	13681	33	0.6568	1.002
68191	74524	40	0.6343	58.001
68191	76292	40	0.6291	57.000
74524	76292	40	0.6303	-1.002
39598	49829	42	0.7127	-34.057
23796	39598	42	0.6943	-50.000
23796	49829	42	0.6992	-84.058
23796	34241	42	0.717	-451.976
34241	39598	42	0.6805	401.976
23796	39239	42	0.6879	-299.996
34241	49829	42	0.6934	367.918
7535	24221	44	0.5742	-47.938
23640	24221	44	0.6041	-163.913
24221	38714	44	0.5509	-284.236
9889	31032	45	0.6012	-54.085
9650	9889	45	0.7243	-0.201
9505	9650	45	0.6574	0.094
34671	35740	46	0.6492	-1.003
26266	34671	46	0.7005	-24.000
37150	40711	47	0.6697	-64.994
3349	3650	48	0.6842	-11.109
3349	3535	48	0.6935	-0.004
3225	4026	48	0.6657	-66.013
3632	3650	48	0.7324	44.055
3650	3802	48	0.6605	-44.054
1646	2834	48	0.6765	16.956
3009	3343	48	0.665	-36.018
3535	3632	48	0.7209	-55.160
3009	3328	48	0.6611	-17.001
498	3319	48	0.6793	43.922
3225	3535	48	0.6842	1.120
3328	3360	48	0.6673	17.001
3328	3349	48	0.6833	33.993
3319	4026	48	0.7076	-63.047
3349	3802	48	0.6809	-55.163
3319	3349	48	0.6908	4.089
498	3225	48	0.6808	46.887
3348	3650	48	0.6743	-28.100
3348	3632	48	0.6668	-72.154
3319	3650	48	0.6759	-7.020
3225	3632	48	0.6709	-54.040
3319	3802	48	0.6941	-51.074
3225	3348	48	0.6899	18.114
3225	3650	48	0.6821	-9.986
498	3535	48	0.6611	48.007
3632	4034	48	0.673	16.025
498	3349	48	0.6789	48.011
306	3349	48	0.6829	5.012
3535	3650	48	0.666	-11.105
3348	4026	48	0.7235	-84.126
3319	3348	48	0.6839	21.079
3225	3349	48	0.7015	1.124
3535	3802	48	0.6696	-55.159
306	3535	48	0.6672	5.008
306	3802	48	0.6624	-50.151
3225	3319	48	0.6994	-2.965
2834	3225	48	0.6755	1.959
3009	3535	48	0.6852	16.988
3349	3632	48	0.6776	-55.164
3319	3535	48	0.6757	4.085
6418	6528	50	0.5597	137.950
37204	48350	51	0.8037	-0.000
20639	48350	51	0.8448	-61.948
20639	27160	51	0.9239	0.000
27160	48350	51	0.8391	-61.948
29477	43496	57	0.8677	-17.028
46990	47005	57	0.9581	-2.000
43496	51784	57	0.8713	-2.918
29854	46990	57	0.9133	-19.948
29854	40309	57	0.936	-33.962
30980	39357	57	0.8185	2.003
30980	36953	57	0.7712	5.935
32565	44292	57	0.9196	-19.028
39814	43102	57	0.9026	39.896
30198	43496	57	0.8684	-15.020
28849	30031	57	0.849	0.049
41891	43601	57	0.9392	-1.998
30356	30980	57	0.7899	-1.996
39290	53128	57	0.9023	15.962
36953	36958	57	0.9507	1.999
40276	41974	57	0.9088	-19.947
41974	47004	57	0.9022	33.963
39805	44292	57	0.8807	41.900
29857	39142	57	0.8503	-45.077
40310	47004	57	0.8973	12.015
32057	34983	57	0.8385	-2.949
41893	49583	57	0.8745	2.012
32840	39069	57	0.8758	-45.002
29854	31231	57	0.9105	0.017
41535	43102	57	0.9768	-1.997
8681	41974	57	0.8987	-63.955
30000	40276	57	0.9143	-35.963
38938	42509	57	0.9091	-0.001
30000	43102	57	0.9467	-14.016
32163	40493	57	0.7701	16.925
46401	47143	57	0.8899	82.007
36936	41908	57	0.7968	87.955
40493	42295	57	0.782	0.037
40923	41908	57	0.9002	-2.000
40309	40310	57	0.9616	-1.998
29854	41535	57	0.9151	-14.018
43102	44292	57	0.9229	1.000
38412	39123	57	0.8835	1.993
32565	32818	57	0.8255	-2.000
44292	49583	57	0.879	-19.933
46491	46515	57	0.9297	-1.998
40309	47005	57	0.9092	12.013
17671	38871	57	0.8039	-42.986
39244	39398	57	0.8044	-1.006
32057	32909	57	0.854	0.038
39814	47005	57	0.9184	33.964
43601	44841	57	0.9172	-1.996
43496	49583	57	0.898	-16.918
32909	52942	57	0.8532	-45.048
28849	39832	57	0.8627	-12.012
31231	39353	57	0.8557	-32.026
39290	41974	57	0.9179	-1.911
32909	34983	57	0.87	-2.987
39805	46401	57	0.8949	-48.039
29854	40310	57	0.9235	-35.960
41891	44841	57	0.9004	-3.994
26558	30000	57	0.9296	-1.999
41535	47005	57	0.9167	-7.930
39814	40309	57	0.9028	21.950
39814	41974	57	0.9216	-1.997
41893	47143	57	0.8855	14.013
32856	34904	57	0.9342	-2.982
28849	30058	57	0.8721	2.001
39353	43102	57	0.9076	15.994
6325	39353	57	0.846	-156.017
30356	39358	57	0.847	-1.992
29477	30058	57	0.8724	2.018
43496	47143	57	0.8816	-4.917
36958	39329	57	0.8609	-3.931
34904	38871	57	0.8865	-45.018
26558	31231	57	0.8968	0.017
34983	39244	57	0.8213	-45.018
41535	44292	57	0.9059	-0.997
17671	42295	57	0.8009	-43.006
39806	51784	57	0.8617	37.964
39814	41535	57	0.9179	41.894
39806	46401	57	0.8914	-46.042
36946	39404	57	0.7756	-3.928
36946	40923	57	0.8773	87.960
30000	47004	57	0.9255	-21.946
39805	43496	57	0.8842	38.885
32909	43102	57	0.9125	-19.031
39805	47143	57	0.8822	33.968
30000	40309	57	0.9462	-31.963
42855	49583	57	0.8668	1.922
39123	41535	57	0.91	-16.033
30356	39404	57	0.7937	1.003
36946	39558	57	0.7485	-3.986
29857	34983	57	0.8771	0.010
32163	33718	57	0.7628	-1.992
29592	30356	57	0.7817	2.994
41893	41908	57	0.8457	44.019
33381	38871	57	0.8368	16.983
40923	43601	57	0.7877	-0.998
39814	46491	57	0.9139	-48.044
29857	32909	57	0.8772	2.997
26558	46990	57	0.9028	-19.948
8681	39290	57	0.8928	-62.043
41535	46990	57	0.9093	-5.930
40276	46491	57	0.8925	-65.994
40276	40310	57	0.9233	2.002
39290	46515	57	0.9073	-49.956
33381	42295	57	0.7849	16.963
32840	54296	57	0.8171	-42.044
39805	51784	57	0.8881	35.967
30000	47005	57	0.928	-19.949
39290	39814	57	0.9415	0.085
32565	32856	57	0.8705	1.001
40310	43102	57	0.9018	19.944
36943	36958	57	0.8857	3.993
33381	40493	57	0.7798	16.926
32057	33785	57	0.8098	-0.036
39290	41535	57	0.9087	41.979
30355	36958	57	0.783	3.941
39814	53128	57	0.9101	15.877
32565	54296	57	0.8373	-45.041
39814	46515	57	0.9172	-50.042
36946	36958	57	0.7942	1.007
35015	39142	57	0.7829	-44.061
36943	36953	57	0.9118	1.994
34904	34983	57	0.8985	-2.003
39142	39244	57	0.9604	0.069
39806	43496	57	0.8783	40.882
36946	39385	57	0.7614	-5.931
35015	39398	57	0.849	-44.997
40276	40309	57	0.9172	4.000
26558	47005	57	0.9075	-21.948
32856	32909	57	0.9503	-1.998
32163	38871	57	0.7952	16.981
39805	39806	57	0.8894	-1.997
34904	39123	57	0.8746	-0.016
41974	46515	57	0.9012	-48.045
39806	47143	57	0.8702	35.965
32565	39069	57	0.9048	-47.999
29477	30198	57	0.8957	-2.008
32909	39142	57	0.855	-48.074
46401	49583	57	0.878	70.006
29477	44292	57	0.9174	-14.014
29854	30443	57	0.8928	2.072
40309	47004	57	0.8953	10.016
40276	46515	57	0.9065	-67.991
39329	39357	57	0.7389	-2.001
36946	36953	57	0.7601	-0.991
30031	38452	57	0.8345	-32.086
38871	42295	57	0.8188	-0.019
40276	47004	57	0.9315	14.017
29592	39357	57	0.7616	3.000
46401	51784	57	0.8839	84.006
28849	29477	57	0.9208	-0.017
36958	41891	57	0.8825	87.953
32565	32909	57	0.8598	-0.998
30000	38412	57	0.9077	2.021
41908	49583	57	0.8708	-42.007
40309	46990	57	0.9353	14.014
30356	39329	57	0.7392	2.007
26558	42509	57	0.8802	-12.003
32163	33381	57	0.8289	-0.001
44292	46401	57	0.8918	-89.939
8345	39805	57	0.8738	-61.944
41974	46491	57	0.9116	-46.047
46990	47004	57	0.9105	-3.997
47004	47005	57	0.9325	1.997
29477	42795	57	0.8729	-16.026
30443	31231	57	0.8713	-2.055
40923	41891	57	0.8058	1.000
29857	32057	57	0.8521	2.959
42509	46990	57	0.8916	-7.945
32856	41535	57	0.9296	-19.032
8345	39806	57	0.8674	-63.942
29854	47005	57	0.9183	-21.948
42795	43496	57	0.8726	-1.002
39357	39404	57	0.8312	0.996
39142	39398	57	0.8292	-0.936
32856	39123	57	0.8716	-2.999
38871	39244	57	0.9216	-2.002
8681	46491	57	0.8913	-110.002
43102	47005	57	0.9207	-5.933
40276	43102	57	0.902	21.947
39069	39244	57	0.8166	-1.003
30000	40310	57	0.9414	-33.961
39814	40276	57	0.9151	17.950
34904	53128	57	0.8981	-42.066
28849	44292	57	0.8863	-14.031
32909	39353	57	0.8533	-35.025
46401	46515	57	0.8978	-0.999
26558	29854	57	0.9236	-0.000
44292	47143	57	0.8846	-7.932
36953	43601	57	0.8759	87.953
32565	32840	57	0.8991	-2.997
32856	53128	57	0.8876	-45.048
30000	31231	57	0.9043	2.016
30355	39329	57	0.8505	0.011
39357	39358	57	0.853	-1.999
39806	49583	57	0.8695	23.964
30198	42795	57	0.878	-14.018
30058	42001	57	0.741	-32.964
39805	49583	57	0.8871	21.967
29854	30000	57	0.9517	-1.999
39329	41891	57	0.7802	91.884
36936	36946	57	0.8379	1.995
30980	39358	57	0.8506	0.004
42795	44292	57	0.8855	2.012
30058	32818	57	0.8316	0.996
39290	40276	57	0.9069	18.035
47143	49583	57	0.9103	-12.001
43496	46401	57	0.8826	-86.924
32856	38871	57	0.8666	-48.001
43102	47004	57	0.9158	-7.930
26558	40309	57	0.9272	-33.962
34983	39142	57	0.8407	-45.087
30356	39357	57	0.8569	0.007
41535	42509	57	0.9103	2.015
26558	40310	57	0.9185	-35.960
17671	33381	57	0.8116	-59.969
8345	51784	57	0.8499	-25.978
38412	47004	57	0.8979	-23.967
28738	39385	57	0.8131	-0.004
38871	39069	57	0.8492	-0.999
40310	47005	57	0.9433	14.012
36953	39358	57	0.7979	-5.932
38871	40493	57	0.8181	-0.057
47143	51784	57	0.9058	1.999
39290	46491	57	0.904	-47.959
39290	47004	57	0.9009	32.052
34983	52942	57	0.8344	-42.061
29477	32818	57	0.8715	3.015
52355	71301	58	0.8143	-42.047
52355	53309	58	0.73	-87.012
30143	33532	58	0.6929	39.011
34220	38370	58	0.6138	-14.016
67582	77094	58	0.6793	6.959
53309	71301	58	0.7172	44.964
42409	47405	58	0.8037	60.980
21886	32186	58	0.6301	49.982
47545	63882	58	0.7207	-42.003
37911	61816	58	0.8147	-69.060
37911	82842	58	0.7487	43.004
47609	63882	58	0.7297	-42.995
37911	61893	58	0.8743	-68.063
47545	61816	58	0.7507	-111.063
39175	42409	58	0.7726	44.987
39175	61893	58	0.7001	-5.101
61816	63866	58	0.7137	-1.004
53188	61816	58	0.7266	14.997
79434	82842	58	0.7488	-0.003
69280	71301	58	0.7891	-33.984
67582	71301	58	0.7444	1.004
42409	82842	58	0.77	60.978
47545	82842	58	0.7514	1.001
37911	42409	58	0.7426	-17.974
52355	79434	58	0.7219	14.016
37911	39175	58	0.7236	-62.961
50770	79434	58	0.7523	0.013
33532	34220	58	0.7083	-51.067
42409	47609	58	0.7673	60.969
47609	50770	58	0.8555	-0.000
29945	32137	58	0.6014	39.008
47545	50770	58	0.7568	0.992
47405	47609	58	0.8619	-0.012
39175	50770	58	0.7486	105.956
37911	50770	58	0.7286	42.995
47405	79434	58	0.7636	0.001
39175	47609	58	0.8218	105.956
33532	47545	58	0.8131	14.992
53188	56610	58	0.6773	-33.958
37911	41241	58	0.6949	91.011
47405	82842	58	0.8647	-0.003
47609	79434	58	0.7818	0.012
37911	47405	58	0.7607	43.006
50770	61893	58	0.7392	-111.057
47405	50770	58	0.8499	-0.012
47405	63882	58	0.7855	-43.006
21886	34220	58	0.6719	-35.072
33532	63882	58	0.7265	-27.011
42409	61816	58	0.7008	-51.086
47609	61893	58	0.7439	-111.058
69280	77094	58	0.6221	-28.029
47405	52355	58	0.8285	-14.015
32137	63866	58	0.623	-96.073
47609	82842	58	0.8489	0.009
47545	63866	58	0.7077	-112.068
63882	82842	58	0.7568	43.004
47545	47609	58	0.7768	0.992
47405	47545	58	0.7866	-1.004
52355	67018	58	0.6973	-111.068
52355	67582	58	0.6908	-43.051
61816	61893	58	0.8314	0.997
30143	40198	58	0.7088	15.995
50770	82842	58	0.8342	0.009
47545	52355	58	0.7687	-13.012
32186	33532	58	0.725	-33.988
21886	53188	58	0.7542	-95.074
53188	61893	58	0.8681	15.995
52355	82842	58	0.808	14.013
47609	52355	58	0.7279	-14.004
42409	50770	58	0.783	60.969
42409	47545	58	0.7116	59.977
67582	69280	58	0.7374	34.988
30143	32186	58	0.6897	72.999
50770	63882	58	0.7259	-42.994
42409	63882	58	0.7473	17.974
37911	63882	58	0.8795	0.000
42409	61893	58	0.7312	-50.089
61893	82842	58	0.7553	111.067
34220	53188	58	0.7161	-60.002
61893	63882	58	0.9097	68.063
61816	63882	58	0.812	69.060
39175	47405	58	0.7588	105.968
41121	79955	61	0.5522	-95.058
19261	79955	61	0.5027	-274.399
19261	59668	61	0.5204	-134.375
27724	31404	64	0.9372	0.002
21234	31439	64	0.7347	-0.012
33134	33650	64	0.7321	-1.002
33134	40124	64	0.7338	214.067
27766	31292	64	0.9487	1.997
31292	38559	64	0.7075	87.064
27724	27842	64	0.7469	-1.997
40137	41012	64	0.8349	352.211
31292	47282	64	0.6676	87.066
23249	27766	64	0.7687	-17.973
21042	23249	64	0.6714	0.009
39374	47691	64	0.8173	85.908
36891	40137	64	0.6737	-351.213
34682	40081	64	0.6985	-14.033
27724	27766	64	0.7538	-0.993
40124	51840	64	0.7513	-302.801
40081	40137	64	0.7893	-353.212
27863	39374	64	0.6928	-30.868
27824	31314	64	0.7013	-0.000
37877	46588	64	0.7382	-0.003
31252	31292	64	0.938	1.998
37877	38830	64	0.7405	-18.010
27766	27842	64	0.6828	-1.004
38830	46588	64	0.7168	18.007
31404	31479	64	0.7	-1.997
31292	31404	64	0.8018	-1.003
31292	47691	64	0.7193	55.040
37877	38559	64	0.8304	1.995
31252	31404	64	0.7818	0.995
31439	33134	64	0.6777	-26.019
23249	27863	64	0.7603	-15.975
19462	21880	64	0.7183	14.013
19462	40124	64	0.69	167.139
27724	31479	64	0.6972	-1.995
23249	23386	64	0.7537	0.056
31252	37877	64	0.6943	87.067
40138	41012	64	0.6857	353.209
31439	31479	64	0.6637	0.075
31004	40081	64	0.6803	16.996
37877	47282	64	0.8121	1.997
27863	38559	64	0.6765	87.064
46588	47282	64	0.6695	2.000
40136	40138	64	0.7164	-2.000
30633	47691	64	0.6636	-14.020
38559	47282	64	0.8467	0.001
40081	40136	64	0.8173	-352.209
31252	31479	64	0.6883	-1.002
31004	36891	64	0.7292	14.997
27863	31404	64	0.7925	-1.003
38559	46588	64	0.7524	-1.998
23249	31292	64	0.7692	-15.975
33650	41012	64	0.7486	42.013
47282	47691	64	0.712	-32.026
31004	31439	64	0.705	1.002
38559	39374	64	0.6824	-117.932
27842	31314	64	0.6824	-1.002
31439	40081	64	0.7612	15.993
33650	36891	64	0.7005	41.015
27766	31252	64	0.9452	-0.000
36891	41012	64	0.7232	0.998
27724	31292	64	0.7976	1.005
31292	39374	64	0.696	-30.868
40136	40137	64	0.799	-1.003
38559	47691	64	0.7546	-32.024
40137	40138	64	0.7551	-0.998
27724	31252	64	0.7691	-0.993
40081	41012	64	0.7415	-1.001
33134	40081	64	0.8237	42.012
27643	30633	64	0.6829	-0.981
33650	40081	64	0.6716	43.014
31004	33650	64	0.723	-26.018
33134	41012	64	0.7093	41.011
27842	31252	64	0.7203	1.004
31004	41012	64	0.7746	15.995
23249	31252	64	0.7771	-17.973
27863	47691	64	0.7036	55.040
27724	27863	64	0.7918	1.005
27863	31292	64	0.9455	-0.000
27863	31252	64	0.9269	-1.998
27842	31479	64	0.8642	0.001
27766	31404	64	0.7708	0.994
27766	27863	64	0.9355	1.997
27842	31404	64	0.7672	1.998
21218	70730	65	0.5637	-141.188
14	109108	68	0.5676	14.016
20	109108	68	0.6994	-0.000
109048	109108	68	0.5665	0.000
20	109048	68	0.5966	-0.000
20	32714	68	0.5783	-14.016
14	108902	68	0.5471	-0.000
3546	37753	68	0.6381	-1.923
14	20	68	0.6023	14.016
32714	37753	68	0.7081	0.000
14	32714	68	0.6773	-0.000
32714	108902	68	0.5122	0.000
32714	109108	68	0.5711	14.016
20968	20990	69	0.7048	-136.053
23525	25134	69	0.6858	27.996
20968	35637	69	0.6674	-94.038
13446	35689	69	0.7392	-272.096
19556	20954	69	0.6793	104.027
19589	20954	69	0.646	105.031
20968	20988	69	0.6426	-137.057
19685	20968	69	0.6413	26.989
20954	25874	69	0.6442	-30.013
23525	25874	69	0.6643	180.043
22903	35689	69	0.6977	-356.117
20954	20968	69	0.6996	1.008
20954	35689	69	0.6853	-92.028
13446	22903	69	0.6699	84.021
25874	35689	69	0.6567	-62.015
20988	35689	69	0.6703	44.022
25134	35637	69	0.6657	89.029
20954	25852	69	0.6572	-31.016
19556	20990	69	0.6696	-31.018
25134	35689	69	0.7076	90.032
19556	19685	69	0.703	78.046
20988	35637	69	0.6518	43.019
19556	23525	69	0.6458	-106.029
35637	35689	69	0.6835	1.003
13446	75204	69	0.6789	-26.088
19556	35689	69	0.7125	11.999
20968	35689	69	0.7053	-93.035
20954	35637	69	0.6587	-93.031
20990	35689	69	0.67	43.018
19556	20968	69	0.6855	105.035
51903	56623	74	0.7108	-103.532
35077	40194	74	0.7195	59.040
56622	56623	74	0.7361	-0.497
29537	29590	74	0.6957	-499.172
51903	56622	74	0.7866	-103.036
40194	51903	74	0.7688	43.025
35078	40194	74	0.7259	94.080
29590	35077	74	0.6901	100.013
35077	35078	74	0.7449	-35.040
84665	85896	75	0.7975	14.015
60354	60379	78	0.8424	-1.997
42143	42148	78	0.5779	-2.996
59430	60007	78	0.6917	-2.987
48345	60379	78	0.6055	-192.967
42373	42943	78	0.7283	1.003
48316	48345	78	0.6976	112.132
48347	60379	78	0.6165	-136.898
59430	60379	78	0.7551	-0.990
59430	60354	78	0.7139	1.007
42373	59431	78	0.5987	-46.817
42943	60354	78	0.6023	-44.819
39178	46539	78	0.6129	-0.113
42144	46083	78	0.7427	-0.991
42143	42144	78	0.6766	-1.002
39178	42143	78	0.7821	0.010
33464	60007	78	0.6086	-39.853
42373	60007	78	0.5732	-47.810
42148	46083	78	0.58	1.002
60007	60354	78	0.7656	3.994
42943	60379	78	0.5891	-46.816
33464	60379	78	0.5972	-37.856
59431	60007	78	0.7308	-0.993
42144	42148	78	0.6005	-1.994
59430	59431	78	0.6897	-1.994
33464	60354	78	0.6031	-35.859
42143	46083	78	0.7986	-1.993
60007	60379	78	0.8627	1.997
28115	59542	78	0.6714	149.129
59431	60354	78	0.6492	3.001
42143	46539	78	0.5938	-0.123
19225	60379	78	0.5775	-180.898
48345	48347	78	0.849	-56.069
8447	48345	78	0.6407	-3.878
19225	59542	78	0.581	-39.979
19225	57135	78	0.5992	-53.024
59431	60379	78	0.6807	1.004
42143	42373	78	0.5616	56.908
19225	59430	78	0.5839	-179.909
42144	42373	78	0.6484	57.909
43067	48345	78	0.6982	-5.950
48316	48347	78	0.9205	56.062
42943	60007	78	0.6036	-48.813
33165	33949	80	0.6855	1.009
33924	33949	80	0.9439	0.010
33949	36360	80	0.8697	0.039
33760	34164	80	0.6455	0.999
33924	36360	80	0.8919	0.050
34164	36360	80	0.6732	-1.959
33165	33924	80	0.68	0.999
33165	33760	80	0.6369	2.009
33924	34164	80	0.772	2.009
33949	34164	80	0.892	1.999
73284	101012	81	0.5503	-8.267
98689	101012	81	0.606	-286.211
14065	101012	81	0.6063	-438.543
24525	101012	81	0.5552	-443.511
14065	33947	81	0.6011	-239.254
90442	91653	82	0.8555	4.001
90442	96089	82	0.8402	-172.036
52139	97115	82	0.8149	-306.241
90442	97115	82	0.8607	-228.099
89545	96089	82	0.8346	58.042
57262	90442	82	0.8531	1.845
91653	96089	82	0.8413	-176.036
90750	97115	82	0.8364	-126.145
81798	90750	82	0.8671	-46.990
85572	91653	82	0.8553	57.956
97115	97117	82	0.8009	-14.016
85572	89545	82	0.893	-176.123
57262	90750	82	0.887	-100.109
85572	86970	82	0.8207	-82.070
89545	90750	82	0.851	128.124
57262	85572	82	0.8849	-52.110
40131	91653	82	0.8034	-78.134
57262	89545	82	0.8239	-228.233
52139	90750	82	0.886	-180.096
57262	91653	82	0.8011	5.846
52139	89545	82	0.833	-308.220
89545	91653	82	0.8653	234.079
52139	57262	82	0.8574	-79.987
91653	97115	82	0.8192	-232.100
90442	92048	82	0.8991	-14.015
57262	97115	82	0.8156	-226.254
81798	97115	82	0.8214	-173.135
86970	91653	82	0.8305	140.025
52139	81798	82	0.8569	-133.105
89545	90442	82	0.8936	230.078
81798	85572	82	0.8585	1.009
52139	90442	82	0.8635	-78.142
90442	90750	82	0.8813	-101.954
52139	96089	82	0.8057	-250.177
90750	96089	82	0.8122	-70.082
85572	90750	82	0.9071	-47.999
86970	89545	82	0.8411	-94.053
96089	97115	82	0.8104	-56.063
52139	91653	82	0.8194	-74.141
89545	97115	82	0.8538	1.979
90750	91653	82	0.8279	105.954
81798	90442	82	0.8597	54.964
85572	96089	82	0.8309	-118.081
85572	90442	82	0.912	53.955
52139	85572	82	0.8736	-132.097
81798	89545	82	0.8177	-175.114
57262	81798	82	0.8391	-53.119
85572	97115	82	0.8585	-174.144
83947	91125	85	0.528	-147.037
55656	58067	86	0.8321	18.010
64379	72475	86	0.8587	14.016
58067	72475	86	0.8492	12.000
104784	105976	87	0.7257	0.000
81639	106535	87	0.8087	-0.000
81639	108303	87	0.7101	-0.000
92737	106535	87	0.7942	-0.000
892	105312	87	0.7078	0.000
92737	100023	87	0.7431	-0.000
17474	102850	87	0.732	24.075
98721	108303	87	0.7257	-0.000
94850	105976	87	0.7328	-0.000
892	895	87	0.7173	-135.975
892	104784	87	0.716	67.988
890	892	87	0.7336	203.962
96249	102850	87	0.7697	-0.000
250	827	87	0.7063	-203.962
250	914	87	0.8301	61.970
888	892	87	0.8285	67.987
87472	105059	87	0.7554	-0.000
94850	104784	87	0.7009	-0.000
102850	105059	87	0.8496	0.000
909	914	87	0.7411	203.963
892	103314	87	0.7257	67.988
914	106535	87	0.7804	0.000
914	102850	87	0.8531	0.000
100023	102850	87	0.7751	-0.000
81639	87472	87	0.7568	0.000
827	909	87	0.708	61.970
92737	105059	87	0.7392	-0.000
78031	81639	87	0.7514	0.000
892	101473	87	0.7427	67.988
250	825	87	0.7364	-135.975
78031	87472	87	0.7376	0.000
98721	106535	87	0.7044	-0.000
909	103314	87	0.7027	0.000
96249	100023	87	0.7492	-0.000
888	909	87	0.8055	135.975
914	17474	87	0.7393	-24.075
102850	108303	87	0.7595	-0.000
100023	105059	87	0.7649	-0.000
100023	106535	87	0.7731	-0.000
892	909	87	0.8314	67.988
81639	102850	87	0.7437	-0.000
825	827	87	0.7245	-67.988
753	914	87	0.7472	-10.033
92737	102850	87	0.7393	-0.000
914	108303	87	0.7766	-0.000
105059	106535	87	0.8426	0.000
81639	105059	87	0.7744	-0.000
250	2117	87	0.7314	-23.967
87472	100023	87	0.7009	-0.000
888	103314	87	0.7119	135.975
87472	106535	87	0.7483	-0.000
96249	106535	87	0.7595	-0.000
825	2117	87	0.7048	112.008
914	105059	87	0.8329	0.000
753	105059	87	0.7296	-10.033
888	895	87	0.7131	-67.987
102850	106535	87	0.8218	0.000
87472	96249	87	0.7203	-0.000
92737	96249	87	0.7313	0.000
106535	108303	87	0.7366	-0.000
914	2117	87	0.7662	-85.937
250	102850	87	0.7645	61.970
892	914	87	0.7417	271.950
953	2117	87	0.7069	134.976
250	105059	87	0.8057	61.970
888	101473	87	0.7008	135.975
98680	104784	87	0.7038	0.000
96249	105059	87	0.7717	-0.000
7290	16793	89	0.75	-0.005
7480	102968	90	0.5807	-37.367
7480	77032	90	0.5932	-47.352
100343	102968	90	0.5807	-14.016
79276	80848	95	0.5817	-195.892
38169	80848	95	0.5719	-407.106
79276	80992	95	0.5469	-92.902
80848	80992	95	0.6986	102.989
38169	80992	95	0.5735	-304.116
79981	80822	97	0.6631	82.003
80407	80822	97	0.7174	-3.995
71263	80822	97	0.7705	-46.043
73652	79018	97	0.8557	-14.015
73652	80822	97	0.8407	-32.027
74185	80822	97	0.7588	-28.032
71263	73652	97	0.8688	-14.015
75713	88170	97	0.5854	-42.041
85923	88170	97	0.654	-90.061
71263	72533	97	0.7268	-1.003
80822	89935	97	0.7875	15.993
85923	89812	97	0.6826	-77.105
72533	81901	97	0.7844	-28.031
88170	89812	97	0.6178	12.956
89812	93343	97	0.5878	21.043
71263	81901	97	0.7748	-29.034
72283	85923	97	0.6028	33.999
71263	79018	97	0.8236	-28.031
75713	89812	97	0.6026	-29.085
89935	93343	97	0.7301	-28.030
74185	89935	97	0.7114	-12.039
80822	81901	97	0.7019	17.008
72283	78994	97	0.6174	-28.040
85923	93343	97	0.6652	-56.062
72533	73652	97	0.7827	-13.012
85923	89935	97	0.7945	-28.032
79018	80822	97	0.7922	-18.012
89812	89935	97	0.6591	49.073
72533	74185	97	0.7367	-17.007
35216	46964	98	0.8411	-14.019
15324	25096	98	0.9243	-0.000
15324	36069	98	0.9051	-0.000
15324	46964	98	0.8886	-137.089
25096	36069	98	0.8487	0.000
46282	48238	99	0.74	-1.998
48238	60189	99	0.7083	-35.959
45876	45917	99	0.5462	-1.998
45895	60080	99	0.5214	-53.906
35478	45876	99	0.5241	171.841
46278	60169	99	0.6123	-35.958
45885	46278	99	0.6578	-21.942
45876	46278	99	0.663	-19.945
45885	48238	99	0.6576	-19.945
39727	46278	99	0.5236	-17.966
60080	60165	99	0.5257	2.999
45897	48238	99	0.5458	-21.943
46278	48238	99	0.6301	1.997
45876	48238	99	0.5919	-17.948
46282	60143	99	0.5705	-35.958
60080	60189	99	0.5263	-0.994
45895	46278	99	0.5522	-20.939
46282	60165	99	0.68	-33.962
45885	45895	99	0.5487	-1.003
45885	45932	99	0.5535	0.994
45876	45885	99	0.6821	1.997
45917	46278	99	0.5358	-17.948
45895	48238	99	0.5263	-18.942
60169	60189	99	0.5976	1.996
46278	60189	99	0.64	-33.961
45885	45897	99	0.6469	1.998
60143	60189	99	0.6427	-1.998
60165	60189	99	0.5939	-3.994
45897	45932	99	0.561	-1.003
48238	60165	99	0.5937	-31.965
46278	60143	99	0.5442	-31.964
45876	60169	99	0.5247	-55.903
35478	60169	99	0.534	115.939
45897	46282	99	0.66	-19.945
45876	45895	99	0.5336	0.994
46278	46297	99	0.5748	-1.997
45932	46282	99	0.5272	-18.942
60080	60143	99	0.5592	1.003
45895	45932	99	0.5377	1.998
48238	60143	99	0.7229	-33.961
60143	60165	99	0.7261	1.996
45695	76886	101	0.8257	15.995
36797	38930	101	0.8607	14.017
42052	43037	101	0.8024	-42.066
41954	45695	101	0.889	-0.000
38930	41954	101	0.8529	15.993
38930	41573	101	0.887	-0.000
41573	45695	101	0.8009	15.993
41573	41954	101	0.857	15.993
41954	42052	101	0.8087	0.057
36797	41573	101	0.8497	14.017
41954	76886	101	0.8314	15.995
13737	26058	104	0.6502	-419.134
13641	17213	105	0.6663	-61.991
16413	17213	105	0.6774	28.980
17213	67860	105	0.6418	31.929
13641	26811	105	0.6418	-237.217
2546	2751	106	0.8815	9.002
203	654	106	0.7924	0.011
2751	3386	106	0.8696	0.000
3058	4084	106	0.7069	-42.047
2405	109087	106	0.7951	0.024
3080	3687	106	0.8813	-18.126
1337	108805	106	0.908	18.010
2751	3058	106	0.9596	0.037
2191	3051	106	0.9229	0.000
2546	3058	106	0.8589	9.038
654	2366	106	0.7048	-59.035
30	1974	106	0.6562	-18.020
4056	4084	106	0.7789	-42.010
1337	109104	106	0.9457	18.011
3442	109104	106	0.9383	14.147
1337	3442	106	0.9559	3.864
273	410	106	0.6281	18.011
2546	3041	106	0.7157	-0.013
108780	108833	106	0.87	12.000
108813	108833	106	0.9128	14.015
2405	108813	106	0.7961	-1.991
1337	108982	106	0.9561	18.010
2191	108773	106	0.887	14.016
3080	108982	106	0.8965	-17.978
4168	108773	106	0.8739	0.094
108780	109104	106	0.8886	-18.010
3051	3386	106	0.8839	-0.000
3051	3058	106	0.9647	0.036
108711	108833	106	0.8528	30.047
6762	7143	106	0.9392	0.000
108805	108982	106	0.9574	0.000
654	3150	106	0.6588	-18.104
108773	108982	106	0.9694	14.016
3442	108773	106	0.9298	0.131
3442	4168	106	0.8707	0.037
7143	109104	106	0.9097	14.110
1337	1970	106	0.8825	3.995
108805	109104	106	0.935	0.000
195	46325	106	0.6494	-14.099
195	3150	106	0.6844	-0.083
1970	3442	106	0.8725	-0.131
195	654	106	0.808	18.022
2191	3058	106	0.944	0.037
3300	3386	106	0.9298	-0.036
3442	7143	106	0.9005	0.037
691	7143	106	0.8475	-14.110
2546	3300	106	0.8286	9.038
1337	7143	106	0.9039	3.901
108780	108982	106	0.8937	-18.011
108773	108805	106	0.9256	14.016
2751	108773	106	0.8752	14.016
3080	108805	106	0.8864	-17.978
3058	3300	106	0.9122	-0.000
2405	108711	106	0.7951	-18.023
3442	108982	106	0.9495	14.147
3442	108780	106	0.8649	32.157
691	108805	106	0.8771	0.000
3687	108780	106	0.8808	18.158
1337	3080	106	0.8616	35.988
273	654	106	0.6737	4.006
2405	108780	106	0.8949	0.024
3080	108833	106	0.8612	12.033
691	108982	106	0.8834	0.000
7143	108805	106	0.8794	14.110
4056	4077	106	0.7676	0.036
2546	3386	106	0.8204	9.002
3058	3386	106	0.8945	-0.036
2191	3300	106	0.9	0.036
7143	108773	106	0.9086	0.094
203	273	106	0.7812	-3.995
1974	2366	106	0.8885	0.026
2191	2546	106	0.9113	-9.002
5892	109087	106	0.741	0.013
691	1337	106	0.8586	-18.010
430	108711	106	0.8028	13.962
30	2546	106	0.693	-14.002
7143	108982	106	0.9188	14.110
108780	108805	106	0.8804	-18.011
2546	3051	106	0.8381	9.002
3080	3442	106	0.8681	-32.124
2751	3300	106	0.8765	0.036
410	2781	106	0.9088	-14.015
1970	7143	106	0.8684	-0.094
2405	5892	106	0.7707	0.011
1970	109104	106	0.8971	14.016
691	3080	106	0.8885	17.978
1970	108773	106	0.908	0.000
195	203	106	0.8025	18.011
691	1970	106	0.8646	-14.016
108773	109104	106	0.9431	14.016
1970	108805	106	0.8982	14.016
691	109104	106	0.8776	0.000
2191	2751	106	0.9762	0.000
3386	3428	106	0.7297	-27.995
2191	3386	106	0.8561	0.000
3442	108805	106	0.8931	14.147
1970	4168	106	0.8716	-0.094
3428	4084	106	0.7404	-14.015
108982	109104	106	0.9763	0.000
691	108780	106	0.928	18.011
1337	4168	106	0.8799	3.901
8641	46325	106	0.6654	-0.000
3080	108780	106	0.9571	0.033
3051	3300	106	0.899	0.036
3080	109104	106	0.8765	-17.978
1337	108773	106	0.9325	3.995
3300	3428	106	0.692	-28.031
2751	3051	106	0.9408	0.000
1970	108982	106	0.9031	14.016
20675	96936	110	0.5375	-419.329
55962	68719	113	0.932	-42.047
68719	72454	113	0.9246	-0.000
619	1032	114	0.7607	-15.974
1059	1727	114	0.6634	31.958
619	1058	114	0.7402	31.949
642	1097	114	0.6915	-167.935
1032	1058	114	0.6645	47.923
642	1008	114	0.7923	-135.984
1059	1097	114	0.7066	67.985
1008	1059	114	0.6707	-99.936
942	1727	114	0.6639	-141.980
642	942	114	0.6755	-61.982
642	1059	114	0.701	-235.920
619	1059	114	0.6846	15.976
619	1028	114	0.7516	67.988
20107	43426	115	0.7252	-24.000
20107	30795	115	0.6964	13.978
34249	43403	115	0.7028	405.194
3607	34249	115	0.7071	-335.089
43403	45964	115	0.6978	66.935
34249	91580	115	0.7037	147.763
45964	91580	115	0.7587	-324.367
12891	43403	115	0.6937	-12.960
3607	43426	115	0.7275	58.027
12069	12070	116	0.637	-1.004
33812	35431	117	0.6283	-127.919
22370	24261	117	0.6023	-85.909
25251	35431	117	0.796	-141.935
23808	63899	117	0.6161	-46.005
25251	34568	117	0.7559	46.003
26960	38558	117	0.6692	-14.015
38161	38176	117	0.6144	1.006
25251	63899	117	0.7224	-0.002
15804	37353	117	0.6222	3.956
3660	26960	117	0.5904	-59.066
15804	54108	117	0.7179	3.956
34568	38176	117	0.623	-58.004
26806	63899	117	0.593	1.003
22370	63899	117	0.6536	14.014
23808	34568	117	0.8893	-0.000
34568	63899	117	0.5934	-46.005
23808	38176	117	0.6054	-58.004
36618	54108	117	0.6806	15.012
23808	33613	117	0.6252	-0.999
23808	25251	117	0.7116	-46.003
32607	63899	117	0.5828	42.009
26960	37663	117	0.5976	-0.000
22370	32607	117	0.6055	-27.995
34568	37663	117	0.6371	0.000
34568	41420	117	0.5812	-14.015
25251	33812	117	0.6441	-14.016
35431	63899	117	0.7298	141.933
34568	63161	117	0.6743	-0.000
33812	63899	117	0.5844	14.014
33613	37663	117	0.5951	0.999
23808	37663	117	0.6658	-0.000
15804	26960	117	0.6497	-12.039
37353	54108	117	0.6122	-0.001
37663	38558	117	0.5825	-14.015
23808	63161	117	0.6674	-0.000
26960	44501	117	0.6199	14.990
33613	34568	117	0.6004	0.999
25251	26806	117	0.6186	-1.005
15804	37663	117	0.5958	-12.039
8275	89745	122	0.6013	-205.285
8275	74924	122	0.6144	-199.268
8515	10664	126	0.6458	-10.021
45687	90778	128	0.6843	126.962
41082	90778	128	0.6765	-103.172
45655	45656	128	0.7602	-1.008
45656	45717	128	0.6446	-33.982
8615	54258	128	0.6209	-355.223
40509	41082	128	0.6246	0.992
45655	45717	128	0.8027	-34.990
45687	45717	128	0.756	-1.005
8615	90778	128	0.6711	-200.229
45687	54258	128	0.695	-28.031
41082	45687	128	0.6927	-230.134
45655	45687	128	0.6604	-33.984
54258	90778	128	0.7099	154.994
32958	36728	130	0.6772	70.042
16945	32958	130	0.6453	31.990
26939	30002	130	0.6549	-44.026
26528	36728	130	0.7149	70.042
8183	36728	130	0.6767	15.995
25479	26939	130	0.6492	-17.974
32958	35491	130	0.6506	0.000
26939	59133	130	0.6696	31.988
8183	25479	130	0.6913	-68.063
25479	59133	130	0.7057	14.014
8183	26939	130	0.6977	-86.037
16945	36728	130	0.6924	102.032
26528	35491	130	0.6986	0.000
9344	26939	130	0.646	-100.052
26939	35491	130	0.6982	31.990
25479	36728	130	0.6519	84.058
19839	59133	130	0.7125	-0.001
35491	36728	130	0.6724	70.042
8183	18175	130	0.6589	-56.026
26528	26939	130	0.7204	-31.989
8183	59133	130	0.6773	-54.048
26939	36728	130	0.7547	102.032
8183	26528	130	0.6617	-54.047
8183	35491	130	0.7189	-54.047
19839	26528	130	0.6644	0.000
8183	32958	130	0.6815	-54.047
16945	26939	130	0.6487	0.000
26528	59133	130	0.6889	-0.001
35491	59133	130	0.6868	-0.001
25479	32958	130	0.6437	14.015
8183	24312	130	0.7041	-128.049
107891	107908	131	0.8764	-3.995
107886	108201	131	0.8929	-0.043
107886	108807	131	0.5822	-3.995
107832	107891	131	0.6272	1.001
107805	107832	131	0.5377	106.918
107832	107886	131	0.5309	2.998
107891	108807	131	0.8382	-1.998
107908	108807	131	0.773	1.997
107832	108807	131	0.5905	-0.997
107789	107805	131	0.6484	1.998
107908	107915	131	0.5519	-1.996
107886	107891	131	0.6859	-1.997
6930	50629	132	0.7092	-209.140
5818	94121	132	0.6663	-480.358
50629	78827	132	0.6733	112.901
6842	75768	132	0.7576	-210.272
9317	50629	132	0.6653	-149.100
39522	86271	132	0.7013	87.980
50629	94121	132	0.7146	-294.251
5410	50629	132	0.6612	-224.121
32527	50629	132	0.6969	74.845
43196	86271	132	0.7307	-12.057
86271	94121	132	0.6713	-396.191
43561	94121	132	0.7169	-482.264
78827	85421	132	0.7054	-441.111
6842	32527	132	0.6698	-281.014
6930	52573	132	0.7264	-97.975
78482	93213	133	0.6455	15.995
59254	75274	134	0.5587	4.939
59687	69842	136	0.6528	-184.017
18696	43965	136	0.6573	-96.037
18696	69842	136	0.6461	-81.045
22094	69842	136	0.6483	-84.111
51033	51269	136	0.7069	43.012
21282	59687	136	0.7398	-35.098
45782	51269	136	0.704	-118.171
51033	59687	136	0.7299	219.000
18696	59687	136	0.7745	102.971
22094	43965	136	0.6807	-99.102
51033	69842	136	0.6679	34.984
21282	43965	136	0.7144	-234.107
43965	59687	136	0.6679	199.008
73293	85248	137	0.6765	-29.787
79093	85248	137	0.7503	-27.766
73293	79093	137	0.6373	-2.021
73293	86367	137	0.713	-30.119
24637	61441	139	0.7266	158.867
3145	15263	139	0.788	16.916
3001	38392	139	0.7283	263.768
13750	68284	139	0.8017	-247.671
11625	48319	139	0.7281	96.953
3145	53462	139	0.7733	-43.103
3001	75610	139	0.7233	-97.511
3144	11625	139	0.7421	-130.092
15263	85898	139	0.7969	-51.068
3001	59292	139	0.7776	200.608
13750	15263	139	0.7438	113.027
53462	76161	139	0.792	-268.241
15263	50249	139	0.7664	-82.993
3001	15963	139	0.763	106.769
47701	50698	139	0.7296	-181.110
53462	84217	139	0.7427	-340.173
3001	80889	139	0.7343	-41.396
9182	47701	139	0.7546	27.063
3144	47701	139	0.7537	-38.096
3144	61441	139	0.7423	-171.331
13750	85898	139	0.7322	61.959
3001	13750	139	0.7233	187.763
3001	15263	139	0.725	300.790
28261	80889	139	0.7324	-182.097
76161	84217	139	0.7384	-71.931
3145	76161	139	0.736	-311.344
15263	75610	139	0.7397	-398.301
24637	76161	139	0.7276	7.825
15263	68284	139	0.7412	-360.698
26572	76161	139	0.721	213.881
68284	85898	139	0.726	309.630
22041	38262	141	0.8133	-136.054
24833	26646	141	0.7992	47.933
26646	36279	141	0.7201	60.018
27856	38262	141	0.7888	-223.246
32576	36279	141	0.7406	46.005
6483	22227	141	0.7155	-0.157
22041	39118	141	0.824	-253.078
8088	27856	141	0.8021	-2.858
22041	34995	141	0.7951	18.990
22041	34535	141	0.8192	-136.055
34535	39118	141	0.7576	-117.023
43363	48141	141	0.8162	-0.001
38262	43501	141	0.7541	-86.035
41311	52980	141	0.8018	-58.002
34535	38262	141	0.8331	0.001
6483	25320	141	0.7798	-7.132
14332	56127	141	0.7822	-45.963
22041	25320	141	0.8003	83.004
22041	27856	141	0.8651	87.192
31469	56127	141	0.7764	-59.944
4556	39118	141	0.7505	-329.222
25320	36279	141	0.7729	-9.984
38262	39118	141	0.7724	-117.024
52980	56127	141	0.7595	-3.953
1545	4556	141	0.7011	0.147
27856	41311	141	0.8547	-41.187
19868	34535	141	0.842	-120.027
14332	22041	141	0.7885	-30.014
14332	31469	141	0.7601	13.982
38262	41311	141	0.8072	182.060
6483	41311	141	0.7991	-44.130
26689	34284	141	0.7274	-13.012
14332	27856	141	0.7657	57.179
34284	44355	141	0.7197	-35.999
34995	38262	141	0.758	-155.044
34284	36279	141	0.8211	0.000
6483	27856	141	0.8265	-2.944
44192	44355	141	0.713	-21.983
19868	43501	141	0.7447	-206.061
22041	56127	141	0.8011	-15.949
15727	56127	141	0.7407	-45.962
15727	22041	141	0.7919	-30.013
25320	26689	141	0.7711	3.028
27856	34535	141	0.8059	-223.247
14332	41311	141	0.8018	15.992
34995	41311	141	0.8217	27.016
6483	8088	141	0.7348	-0.086
6483	34995	141	0.7309	-71.146
8088	31469	141	0.7324	-46.055
25320	41311	141	0.8116	-36.998
25320	38262	141	0.7667	-219.058
38262	52980	141	0.7524	124.058
25320	27856	141	0.8256	4.189
34535	41311	141	0.8082	182.061
34995	52980	141	0.7573	-30.986
8088	22227	141	0.7158	-0.070
32576	43363	141	0.7312	-150.031
34995	56127	141	0.749	-34.939
27856	52980	141	0.7638	-99.189
32576	34284	141	0.728	46.005
22041	41311	141	0.8402	46.006
26646	52980	141	0.776	-24.997
26689	36279	141	0.8244	-13.012
34284	44192	141	0.7444	-14.015
15727	31469	141	0.7264	13.982
8088	15727	141	0.7091	-60.037
41311	56127	141	0.7789	-61.955
14332	38262	141	0.7493	-166.068
34535	52980	141	0.7383	124.059
14332	34995	141	0.7451	-11.024
25320	52980	141	0.7984	-95.000
34535	43501	141	0.7621	-86.034
25320	26646	141	0.8492	-70.003
27856	34995	141	0.7971	-68.202
14332	26646	141	0.7475	-17.013
26646	32576	141	0.7509	14.014
14332	52980	141	0.7654	-42.010
25320	34995	141	0.7758	-64.014
34535	34995	141	0.7661	155.045
513	536	142	0.7026	-18.011
536	540	142	0.6119	27.995
48195	59076	145	0.6707	25.942
9765	10210	146	0.8722	-28.021
4861	51592	146	0.8979	-38.939
43603	51592	146	0.9426	0.000
27817	49079	146	0.9393	-42.046
27817	51285	146	0.9285	-43.048
29769	49079	146	0.893	59.834
9765	51516	146	0.8957	-112.126
9560	29573	146	0.8789	-69.919
29573	29729	146	0.8851	1.997
29729	51516	146	0.8968	-16.172
9765	51285	146	0.9201	-113.129
51516	51592	146	0.8894	112.126
49079	51592	146	0.931	112.128
9607	43603	146	0.9091	-28.038
9526	28941	146	0.8207	7.089
49733	51285	146	0.941	-57.065
9765	49733	146	0.9263	-56.064
29573	29826	146	0.8762	-76.008
27817	49733	146	0.9231	14.017
9765	51592	146	0.9453	0.000
49733	51516	146	0.9293	-56.061
9560	51285	146	0.8949	-85.098
9765	27817	146	0.9321	-70.081
9765	43603	146	0.923	0.000
9560	27817	146	0.8968	-42.050
9607	107844	146	0.854	-12.046
9560	49079	146	0.9098	-84.096
29729	51285	146	0.8923	-17.176
9526	10210	146	0.8554	1.010
29845	87941	146	0.8351	-104.361
9560	9765	146	0.9215	28.031
29826	29845	146	0.8797	-1.997
87941	90532	146	0.8636	0.019
43603	49079	146	0.8904	-112.127
29769	51516	146	0.9065	59.836
87941	90748	146	0.885	-45.047
51285	51516	146	0.924	1.004
29573	29769	146	0.8957	-74.011
27817	51592	146	0.9118	70.082
9765	27440	146	0.8994	14.014
87941	91400	146	0.9027	-0.997
29769	29826	146	0.8942	-1.997
28941	29845	146	0.8554	-154.014
49079	51285	146	0.948	-1.002
29729	29769	146	0.8739	-76.008
29573	51285	146	0.8978	-15.179
29769	29845	146	0.8754	-3.994
29573	49733	146	0.9048	41.886
27817	51516	146	0.9105	-42.045
9607	27440	146	0.9556	-14.024
10210	43603	146	0.8593	28.021
29573	51516	146	0.8968	-14.175
27817	43603	146	0.8844	70.081
29769	51285	146	0.8952	58.832
27440	43603	146	0.954	-14.014
49079	49733	146	0.9464	56.063
9607	51592	146	0.8963	-28.038
29769	49733	146	0.901	115.897
9560	49733	146	0.8971	-28.033
9560	10210	146	0.9245	0.010
27817	29573	146	0.8874	-27.869
49079	51516	146	0.9463	0.001
51285	51592	146	0.929	113.130
29729	29826	146	0.8621	-78.005
9765	49079	146	0.9349	-112.127
27440	51592	146	0.9455	-14.014
27817	29729	146	0.8849	-25.872
29573	49079	146	0.894	-14.177
90748	91400	146	0.8283	44.050
49733	51592	146	0.9379	56.065
9560	51516	146	0.9034	-84.094
29729	49733	146	0.8945	39.889
9526	9560	146	0.8661	0.999
12814	34236	149	0.7683	0.010
27060	34236	149	0.8654	0.006
9657	12814	149	0.7251	0.001
9657	11475	149	0.9608	0.001
12814	20652	149	0.7351	0.004
11475	12814	149	0.7326	0.000
12814	27060	149	0.7348	0.004
18243	92670	150	0.6884	-348.386
18243	18776	150	0.7009	-14.935
1793	92670	150	0.7314	-343.623
18776	64564	150	0.7112	-71.980
73530	75996	152	0.6406	1.003
67599	75414	152	0.738	-105.061
62094	75996	152	0.5867	-112.010
73484	74931	152	0.6729	-27.992
75110	75996	152	0.675	27.994
73525	75996	152	0.5842	44.026
75170	75996	152	0.6028	-16.032
58854	73525	152	0.6266	-200.063
67599	75110	152	0.5896	-148.086
74931	75110	152	0.7244	-88.055
62094	73525	152	0.6068	-156.036
72648	73525	152	0.6472	-30.043
69242	74931	152	0.6284	-103.052
75170	75414	152	0.6597	-1.002
75110	75170	152	0.6843	44.026
73484	73566	152	0.7728	-1.003
64811	75414	152	0.5941	-1.040
73484	73530	152	0.6207	-89.056
73484	75996	152	0.6815	-88.053
72648	75996	152	0.6202	13.983
62094	73530	152	0.6199	-113.013
73566	75996	152	0.6871	-87.049
69242	75110	152	0.6753	-191.107
62613	72648	152	0.6009	-104.066
67599	75170	152	0.7657	-104.059
72247	72648	152	0.5964	-44.026
73530	73566	152	0.6295	88.053
66671	74931	152	0.6788	-104.060
66671	75110	152	0.6468	-192.115
66671	69242	152	0.5895	-1.008
52187	52235	153	0.8907	19.504
45467	45484	153	0.8292	-0.500
50413	63539	153	0.8319	-163.068
48982	54375	153	0.7455	-129.055
50765	52235	153	0.8597	-23.514
50447	52196	153	0.8351	-43.018
52235	53754	153	0.8716	-42.516
52179	52187	153	0.8655	-20.006
50379	55356	153	0.8448	-128.553
50447	50765	153	0.8316	-0.502
35373	53754	153	0.8786	95.042
45433	50447	153	0.8211	-86.037
52196	56790	153	0.8427	-109.551
26773	56790	153	0.8609	-163.068
32232	57860	153	0.78	5.067
26773	55363	153	0.8063	-139.554
50413	52235	153	0.8749	-43.519
50765	53754	153	0.8504	-66.030
47998	52196	153	0.8254	-85.534
57803	57870	153	0.7927	0.501
35373	52179	153	0.8784	138.060
47998	50413	153	0.8367	-23.013
45433	53734	153	0.8377	-172.073
39098	48741	153	0.8101	9.005
50447	50904	153	0.8419	43.018
26773	53741	153	0.8019	-77.534
48982	53633	153	0.7264	-43.018
42527	51401	153	0.8517	9.507
56081	59054	153	0.8452	-43.520
53754	63539	153	0.8326	-77.032
45433	53747	153	0.8595	-172.575
50904	55356	153	0.8294	-152.569
45484	52235	153	0.8363	-101.596
50413	52179	153	0.8911	-43.018
39137	42527	153	0.8364	-43.019
42492	48296	153	0.7484	51.523
45433	52196	153	0.8277	-129.055
48174	51401	153	0.8734	52.024
59054	63243	153	0.8652	-129.055
45433	53741	153	0.8088	-153.071
53734	56790	153	0.8396	-66.532
47998	59054	153	0.8253	-77.031
53734	59054	153	0.8418	51.522
52196	55356	153	0.8483	-66.533
45467	52235	153	0.8222	-102.096
57658	59054	153	0.84	-0.502
45484	50439	153	0.8035	-85.537
48174	48741	153	0.8202	95.043
45467	52187	153	0.8249	-121.600
22239	52179	153	0.8384	-103.024
52187	53754	153	0.868	-23.013
55356	59054	153	0.8372	75.036
50413	50765	153	0.8401	-20.006
57655	57860	153	0.8268	43.019
35373	50413	153	0.8828	181.078
42527	48043	153	0.8687	-85.535
42527	45467	153	0.821	-43.018
35373	50765	153	0.823	161.072
50447	53734	153	0.8478	-86.037
39137	48741	153	0.7785	9.507
35373	63539	153	0.8246	18.010
45433	52208	153	0.8074	-136.510
39137	48043	153	0.8066	-128.554
42492	48982	153	0.7539	52.024
47998	53734	153	0.8383	-128.553
35352	54375	153	0.7449	223.122
42482	42527	153	0.869	-0.501
45354	53741	153	0.7979	76.530
47998	50765	153	0.8073	-43.019
48741	51645	153	0.7676	-43.520
48741	51401	153	0.8788	-43.019
52196	53747	153	0.8505	-43.520
48174	50400	153	0.8517	-86.036
50904	53734	153	0.83	-129.055
45467	50765	153	0.8028	-78.582
45483	53628	153	0.763	-171.578
22233	53747	153	0.8329	-183.075
35598	42482	153	0.7772	-86.036
47998	50904	153	0.82	0.502
55356	63539	153	0.8351	-34.013
22233	27308	153	0.7938	-31.043
50447	55356	153	0.8302	-109.551
50765	52187	153	0.8525	-43.018
50413	52187	153	0.8757	-63.023
53747	55363	153	0.8459	-42.517
45433	47998	153	0.8087	-43.520
45484	52187	153	0.841	-121.100
42482	50400	153	0.8242	-129.055
22239	53754	153	0.8365	-146.042
22239	50413	153	0.8432	-60.006
53754	56790	153	0.8369	-86.037
42527	50400	153	0.8491	-128.553
50447	53754	153	0.8763	-66.533
35598	42527	153	0.8072	-86.537
53747	57655	153	0.8289	45.070
22233	26773	153	0.8096	-86.037
57655	57870	153	0.8102	58.994
52235	63007	153	0.8287	-120.050
26773	27308	153	0.842	54.994
26773	53734	153	0.8364	-96.536
52208	57803	153	0.7843	67.497
42527	48174	153	0.8757	-42.517
51644	57803	153	0.8101	-129.055
35598	48051	153	0.7542	-156.600
48296	48982	153	0.7441	0.501
52196	53734	153	0.8496	-43.018
48296	54375	153	0.778	-128.554
48043	48741	153	0.8275	138.061
42482	51401	153	0.8693	9.005
52179	63539	153	0.837	-120.050
48713	51401	153	0.8143	-42.019
48713	48741	153	0.7765	1.000
48043	51401	153	0.855	95.042
59054	63007	153	0.8551	-109.551
50379	52196	153	0.8295	-62.021
48043	48174	153	0.8774	43.018
35352	35373	153	0.823	1.004
53747	55356	153	0.8546	-23.012
48043	50400	153	0.8396	-43.018
50413	53754	153	0.8909	-86.036
40629	48296	153	0.7806	8.499
27308	56790	153	0.8406	-218.062
42527	48741	153	0.8322	52.525
51645	53674	153	0.7955	-85.535
55356	56790	153	0.8871	-43.018
35598	39052	153	0.7444	-44.021
50379	63007	153	0.8227	-163.069
35373	52235	153	0.8859	137.559
52187	63007	153	0.8182	-100.546
52235	59054	153	0.8379	-10.499
52179	53754	153	0.9022	-43.018
35373	52187	153	0.8611	118.055
48741	50400	153	0.7759	-181.079
50400	51401	153	0.8193	138.060
45484	50765	153	0.8195	-78.082
45433	56081	153	0.8045	-77.031
52196	55363	153	0.8398	-86.037
52179	52235	153	0.8727	-0.502
39137	51401	153	0.7995	-33.512
22239	52187	153	0.8234	-123.029
53734	53747	153	0.8615	-0.502
40629	45483	153	0.7685	-86.543
52196	59054	153	0.8261	8.503
22239	35373	153	0.8266	-241.084
39098	42482	153	0.8269	-43.019
42482	48741	153	0.8786	52.024
52208	53747	153	0.8362	-36.065
56081	63243	153	0.8249	-172.575
53734	55356	153	0.8664	-23.514
39137	42482	153	0.7923	-42.517
50379	56790	153	0.8588	-171.572
53747	56790	153	0.8397	-66.031
53741	57655	153	0.8036	25.566
48054	50439	153	0.7658	-43.019
52179	56790	153	0.8453	-129.055
27308	55356	153	0.8296	-175.044
56081	57658	153	0.8301	-43.018
47998	63007	153	0.812	-186.583
52208	57655	153	0.8344	9.005
40629	42492	153	0.7466	-43.024
50765	52179	153	0.8625	-23.012
42482	48043	153	0.8471	-86.037
63007	63243	153	0.8218	-19.504
50447	52179	153	0.8336	-23.514
39137	48174	153	0.8548	-85.536
42482	48174	153	0.8753	-43.019
42517	45467	153	0.7978	-42.518
56790	63539	153	0.8654	9.005
53747	63007	153	0.833	-57.528
17597	32232	153	0.768	-186.089
40629	54375	153	0.7503	-120.055
56038	56081	153	0.8524	0.502
39137	50400	153	0.7757	-171.572
5771	63028	154	0.7922	-353.300
7360	20362	154	0.893	-107.156
20348	27874	154	0.8948	35.236
7354	9623	154	0.868	-15.995
6101	9684	154	0.9286	-31.919
27859	27862	154	0.9237	-0.993
3787	6101	154	0.9999	-0.000
6101	7363	154	0.9998	0.001
18853	37789	154	0.8735	-29.971
5641	12957	154	0.945	63.062
9661	11515	154	0.7871	27.995
12982	18853	154	0.895	-0.997
21496	21509	154	0.8354	-275.932
11461	21498	154	0.7378	-2.998
24843	27887	154	0.8018	159.304
7376	9684	154	0.9372	79.040
7354	20348	154	0.8618	-107.149
27859	27937	154	0.8632	-1.998
7354	9661	154	0.8529	51.044
7376	12957	154	0.9386	79.040
7363	32329	154	0.9095	-33.931
11464	18853	154	0.9635	-0.002
11535	27916	154	0.9004	-0.257
12958	12972	154	0.8186	-1.996
5641	20347	154	0.9469	-123.134
11494	21498	154	0.7587	-0.998
7376	11463	154	0.9335	79.040
9623	9661	154	0.8014	67.040
5657	27887	154	0.8372	-91.877
9623	21470	154	0.7866	-51.920
5657	9663	154	0.8458	35.068
5771	18869	154	0.923	-22.918
33617	57813	154	0.9153	-92.063
23346	23636	154	0.807	1.001
21496	21498	154	0.8275	22.990
18910	33617	154	0.9106	218.091
5658	21470	154	0.7737	-83.893
11476	23346	154	0.7397	-143.224
3787	7363	154	0.9999	0.001
11476	23636	154	0.8399	-142.223
5771	24938	154	0.8355	-22.918
6100	18897	154	0.8628	-31.918
6101	11463	154	0.923	-31.920
11464	27862	154	0.9107	-152.948
27862	27875	154	0.8879	1.999
9684	12957	154	0.9961	-0.001
11544	11550	154	0.9045	1.998
18869	37789	154	0.9201	-0.000
8145	19279	154	0.7721	-55.766
32314	32446	154	0.7388	0.992
7376	18921	154	0.9371	79.038
20348	27859	154	0.879	33.239
18869	57813	154	0.9255	-142.223
8145	9921	154	0.7815	0.105
7363	18921	154	0.9282	-31.922
21496	21503	154	0.7479	142.984
9684	9999	154	0.9246	-2.014
23346	32433	154	0.7521	52.179
11466	11476	154	0.7582	1.996
8145	27887	154	0.809	-59.754
9637	11464	154	0.8825	95.032
12982	27874	154	0.8565	-150.952
23636	63028	154	0.7664	-176.159
8145	26888	154	0.7795	-58.003
18910	57813	154	0.9284	126.028
7363	9684	154	0.93	-31.920
5657	7360	154	0.9031	-15.976
9663	25928	154	0.8549	-125.174
23636	37348	154	0.8115	49.077
5658	7354	154	0.8211	-15.977
7354	27859	154	0.9065	-73.910
9637	12963	154	0.8811	95.033
19766	33739	154	0.925	7.967
5487	33892	154	0.7677	-212.141
25111	57813	154	0.9087	140.047
33617	88964	154	0.9091	-367.253
9999	32329	154	0.9075	0.002
20362	27862	154	0.9066	33.244
12972	19279	154	0.8151	89.053
9623	27859	154	0.8536	-57.915
25928	27887	154	0.8706	-1.771
18853	27862	154	0.8911	-152.945
57813	88964	154	0.9371	-275.189
33739	88964	154	0.9232	-411.278
20347	88964	154	0.9328	-263.187
7360	9637	154	0.9001	-15.996
9663	11464	154	0.9036	27.992
9623	27874	154	0.8631	-55.918
11471	23346	154	0.7805	-142.221
7354	12982	154	0.8857	79.039
11476	12776	154	0.7686	-16.048
19766	20347	154	0.9249	-140.124
9668	11464	154	0.9483	-0.001
11444	33617	154	0.9084	189.814
11444	11550	154	0.9057	119.987
5641	18910	154	0.9312	-237.160
9663	18853	154	0.884	27.990
9999	11463	154	0.9211	2.013
7376	88964	154	0.9543	-370.344
18869	88964	154	0.9105	-417.412
5641	9684	154	0.9434	63.063
7360	12963	154	0.9267	79.037
20347	33617	154	0.9193	104.065
5771	11476	154	0.8253	-34.918
5641	11463	154	0.9399	63.062
12963	27862	154	0.9084	-152.948
9921	24843	154	0.765	-219.163
5641	18921	154	0.9433	63.061
11535	27859	154	0.8624	-1.003
18853	20362	154	0.8667	-186.189
5657	20362	154	0.8414	-123.131
12963	18869	154	0.9008	-29.974
11444	57813	154	0.9384	97.750
23346	24736	154	0.7286	1.086
23636	48563	154	0.7712	-112.016
9684	32329	154	0.9637	-2.012
11550	18910	154	0.9125	-148.265
9668	12982	154	0.8944	0.993
20347	57813	154	0.9217	12.002
18910	33739	154	0.9156	262.117
23636	24736	154	0.7976	0.086
20348	20362	154	0.9036	-0.999
21470	27874	154	0.8366	-3.997
19766	88964	154	0.9247	-403.311
11476	37348	154	0.7507	-93.146
5641	11550	154	0.9275	-88.895
18910	88964	154	0.9253	-149.161
11464	12982	154	0.9161	0.995
5657	25928	154	0.8519	-90.106
21501	21503	154	0.7434	1.996
5641	7376	154	0.9691	-15.978
7354	18897	154	0.8194	79.039
10000	19766	154	0.8878	19.935
11463	18921	154	0.9934	-0.002
3787	11463	154	0.9236	-31.920
9661	9663	154	0.8828	-0.993
9661	12982	154	0.8478	27.995
9663	27862	154	0.896	-124.955
25891	26442	154	0.7746	0.131
11515	12982	154	0.8771	0.000
7360	27862	154	0.927	-73.911
7376	20347	154	0.9379	-107.156
11464	12963	154	0.9757	0.001
11444	88964	154	0.9312	-177.439
5771	37789	154	0.8646	-22.918
3787	12957	154	0.9339	-31.920
19279	25891	154	0.7753	-0.296
7360	9668	154	0.8987	79.037
21498	21509	154	0.8236	-298.922
27875	27879	154	0.9038	1.995
9637	20362	154	0.8648	-91.160
5658	9623	154	0.7978	-31.972
5658	9661	154	0.7944	35.068
11535	11544	154	0.8968	-1.006
9663	12963	154	0.9026	27.993
7363	12957	154	0.9346	-31.920
11457	11544	154	0.8824	119.986
9663	9668	154	0.876	27.994
9661	27874	154	0.8313	-122.958
5771	23636	154	0.8466	-177.142
9637	9663	154	0.8552	67.040
24736	85844	154	0.8077	-174.193
21470	21503	154	0.7584	1.003
9684	18921	154	0.9957	-0.002
11457	27916	154	0.8918	120.735
9999	12957	154	0.927	2.013
11463	12957	154	0.9932	0.000
12963	20362	154	0.8811	-186.193
6101	32329	154	0.908	-33.931
11464	20362	154	0.8859	-186.192
7354	7360	154	0.9437	-0.992
5641	88964	154	0.9553	-386.321
25148	33892	154	0.7675	-122.304
18853	18869	154	0.882	-29.971
11550	33739	154	0.9022	113.852
48563	48812	154	0.7353	-0.998
12776	48563	154	0.7319	-238.191
6100	11515	154	0.8163	-31.918
3787	18921	154	0.9273	-31.922
12982	18897	154	0.9176	-0.000
27859	27874	154	0.9339	1.997
8145	25891	154	0.8047	-56.063
9668	18853	154	0.9277	-0.004
27875	27916	154	0.8991	-0.260
11444	18869	154	0.909	239.974
7360	11464	154	0.9275	79.036
9668	20362	154	0.8565	-186.193
7360	9663	154	0.9028	51.044
18921	32329	154	0.9617	-2.009
9637	27862	154	0.8859	-57.916
12957	32329	154	0.9677	-2.011
27874	27875	154	0.8996	-0.991
12957	18921	154	0.9954	-0.002
7376	33739	154	0.9174	40.935
11444	33739	154	0.9144	233.839
9623	9637	154	0.8868	-0.992
7360	18853	154	0.9073	79.034
6101	12957	154	0.9332	-31.920
7376	11550	154	0.9198	-72.917
7363	11463	154	0.9245	-31.920
21195	25928	154	0.833	-1.958
23636	85844	154	0.7896	-174.108
6100	9661	154	0.7523	-59.913
11464	18869	154	0.9104	-29.974
23346	37348	154	0.7531	50.078
7376	32329	154	0.9209	77.029
11466	11471	154	0.852	0.993
5658	32446	154	0.7535	-44.993
9668	12963	154	0.9489	-0.001
9661	18897	154	0.7838	27.995
9637	9668	154	0.8543	95.033
20347	33739	154	0.9303	148.091
3787	9684	154	0.9292	-31.919
37789	57813	154	0.8983	-142.223
8145	24843	154	0.7838	-219.058
21470	27859	154	0.8253	-5.994
11550	20347	154	0.9331	-34.239
11550	25111	154	0.9017	-162.284
5657	9637	154	0.8503	-31.971
6100	12982	154	0.8556	-31.918
12963	18853	154	0.9544	-0.003
5641	32329	154	0.9272	61.051
11544	27875	154	0.8773	1.009
21498	21503	154	0.8034	119.994
12972	27887	154	0.7955	85.066
12776	23636	154	0.7608	-126.175
6101	18921	154	0.9267	-31.921
11444	20347	154	0.9364	85.748
7354	27874	154	0.9391	-71.913
11463	32329	154	0.9594	-2.011
18910	20347	154	0.9395	114.026
12776	23346	154	0.7316	-127.176
23346	85844	154	0.7343	-173.107
9999	18921	154	0.9252	2.011
11444	18910	154	0.9314	-28.278
3787	32329	154	0.9088	-33.931
12963	12982	154	0.9164	0.994
27862	27916	154	0.8863	1.739
25148	26442	154	0.7905	-0.118
18910	25111	154	0.9207	-14.019
9684	11463	154	0.9934	-0.001
21470	21501	154	0.8426	-0.993
11544	27916	154	0.908	0.749
11515	18897	154	0.8341	-0.000
5852	96833	155	0.7221	-129.018
65097	90853	155	0.767	128.158
8925	91582	155	0.6998	-11.022
6553	8925	155	0.8619	63.984
8925	61141	155	0.7201	-55.994
47992	50140	155	0.6854	14.991
54386	68848	155	0.6898	123.109
54386	92679	155	0.6904	242.100
73067	89874	155	0.6817	119.783
74706	88581	155	0.709	-75.086
2275	58148	155	0.7908	-0.370
5852	44729	155	0.6928	-248.046
39054	42211	155	0.7136	-283.064
71761	83257	155	0.6869	212.839
4779	50140	155	0.7161	-150.150
5852	94412	155	0.6943	-83.033
53191	71761	155	0.6806	-300.136
19897	91582	155	0.7908	-101.052
47992	58777	155	0.7196	12.980
74549	90853	155	0.6991	484.296
37111	90853	155	0.6928	-65.051
34007	39054	155	0.7441	-92.000
39054	68063	155	0.7341	-230.339
8925	88581	155	0.7016	-358.456
5852	8925	155	0.6831	-81.968
39054	88693	155	0.7104	-202.425
8925	58148	155	0.7077	-215.155
44729	91582	155	0.6832	155.056
54386	74549	155	0.6843	-203.097
88581	91582	155	0.7088	347.433
65499	77967	155	0.6804	358.998
52463	68848	155	0.7075	-162.030
51738	90853	155	0.6881	218.168
4345	65499	155	0.6951	-387.119
39054	65499	155	0.7496	-416.190
68848	79517	155	0.694	-171.285
6553	76703	155	0.7236	-65.048
59410	73067	155	0.7689	-341.985
54386	89874	155	0.7098	-13.077
52463	54386	155	0.6902	-285.139
54386	73067	155	0.7535	-132.860
31965	79517	155	0.7093	-355.422
58303	90853	155	0.6936	433.703
59410	90853	155	0.7471	72.074
65097	73067	155	0.6901	-285.901
88693	90853	155	0.7366	261.429
73067	90853	155	0.7575	414.059
64155	88731	155	0.7049	28.041
31965	54386	155	0.6889	-307.246
4779	76378	155	0.7235	-222.382
30867	31386	155	0.7178	-109.028
77967	101123	155	0.7351	-313.305
88693	88731	155	0.708	194.210
51738	65097	155	0.7504	90.010
51926	91582	155	0.6909	-87.019
5852	30867	155	0.7239	-4.983
39054	88731	155	0.7235	-8.214
4345	39054	155	0.6888	29.071
37111	88693	155	0.6801	-326.480
31965	73067	155	0.7155	-440.106
4779	91582	155	0.6959	-80.090
59410	65097	155	0.6968	-56.084
52463	73067	155	0.718	-417.999
5852	31386	155	0.7963	-114.011
71761	91582	155	0.6856	443.175
4779	44729	155	0.6912	-235.146
50140	73067	155	0.7265	-312.987
2275	30254	155	0.701	188.695
31386	96833	155	0.7133	-15.007
43423	77967	155	0.7426	105.990
26997	53263	156	0.5954	-258.844
74029	80670	157	0.6919	-266.292
74029	75741	157	0.6995	14.014
83147	95578	157	0.7298	-93.130
57019	95578	157	0.6892	-56.143
75741	83147	157	0.7088	-106.072
57019	83147	157	0.7285	36.987
61822	76514	159	0.5407	-54.046
41284	69932	160	0.5994	-117.166
42168	69932	160	0.6069	127.959
48155	61533	162	0.6638	-217.504
61533	72495	162	0.6411	187.119
50098	71892	163	0.6204	-132.487
41575	48218	165	0.6678	-42.004
60194	63053	167	0.9047	-14.016
59251	60427	167	0.8782	-0.109
30360	48894	167	0.8778	-14.016
63053	76849	167	0.8894	-14.016
57796	60194	167	0.8962	12.000
27356	48894	167	0.8941	-10.057
30360	63053	167	0.8607	0.000
50598	63053	167	0.9085	12.000
27356	30360	167	0.8996	3.959
50598	57796	167	0.9163	14.016
60427	63053	167	0.9046	0.000
59251	63053	167	0.8689	-0.109
33407	61554	169	0.8947	14.017
42778	61554	169	0.8857	14.014
42778	70082	169	0.8625	0.000
70082	97433	169	0.8374	-14.014
27591	84718	169	0.8646	0.000
42778	92554	169	0.8915	14.016
40338	73225	169	0.7964	0.000
36660	42778	169	0.8858	0.003
55052	84718	169	0.8806	-0.000
27591	80944	169	0.9196	0.000
27137	55052	169	0.8381	0.071
42778	55052	169	0.8299	14.016
36660	92554	169	0.9112	14.019
42778	80944	169	0.8619	14.015
80944	95533	169	0.8496	-14.015
70082	92554	169	0.8842	14.015
36660	95533	169	0.9085	0.003
33407	80944	169	0.9029	14.018
33407	92554	169	0.9115	14.018
55052	97433	169	0.8549	-28.029
42778	95533	169	0.8693	0.000
36660	84718	169	0.8626	14.019
27137	84718	169	0.899	0.071
84718	92554	169	0.907	0.000
27591	92554	169	0.9204	0.001
27591	70082	169	0.8426	-14.015
33407	36660	169	0.9465	-0.001
70082	95533	169	0.8695	-0.000
42778	84718	169	0.8824	14.015
33407	42778	169	0.9142	0.002
70082	73225	169	0.8232	-14.015
92554	95533	169	0.879	-14.016
92554	97433	169	0.8664	-28.029
27137	54023	169	0.6615	-28.032
55052	95533	169	0.8236	-14.016
36660	86245	169	0.8747	0.003
80944	92554	169	0.9596	0.000
27591	95533	169	0.8408	-14.015
61554	70082	169	0.8868	-14.014
27591	97433	169	0.8403	-28.029
80944	97433	169	0.8495	-28.029
33407	97433	169	0.8438	-14.011
27591	61554	169	0.9066	-0.001
36660	80944	169	0.8951	14.019
33407	95533	169	0.92	0.002
27137	61554	169	0.8609	0.070
80944	84718	169	0.8748	-0.000
61554	80944	169	0.9452	0.001
84718	95533	169	0.9087	-14.015
33407	70082	169	0.9173	0.003
55052	61554	169	0.8616	-0.001
36660	70082	169	0.9083	0.004
61554	92554	169	0.9484	0.001
40338	97433	169	0.835	0.001
70082	80944	169	0.8945	14.015
27137	27591	169	0.8639	0.071
33407	84718	169	0.8681	14.018
61554	84718	169	0.8989	0.001
27591	33407	169	0.8649	-14.018
36660	97433	169	0.892	-14.010
36660	61554	169	0.8942	14.018
14512	40907	171	0.7219	-158.033
14512	14696	171	0.8143	-0.996
65124	66092	172	0.7487	17.017
66055	66073	173	0.6168	1.003
13586	16993	178	0.704	59.052
16993	36359	178	0.7433	-35.035
14165	36359	178	0.7885	-107.965
11870	36580	178	0.7122	-185.951
11870	54187	178	0.7935	-168.048
44484	56097	178	0.7186	109.016
12068	12434	178	0.7329	-20.991
11669	54187	178	0.7008	78.999
13586	36359	178	0.722	24.017
11870	37273	178	0.7081	-156.048
10072	36359	178	0.7855	-51.021
10072	28302	178	0.7577	-79.873
5786	36359	178	0.8932	-141.067
67127	96488	178	0.7464	-154.230
36580	54187	178	0.7088	17.903
11669	11870	178	0.8403	247.047
12434	96488	178	0.7018	-293.400
28302	54187	178	0.7058	-4.256
16327	54187	178	0.7209	57.742
10072	14165	178	0.7164	56.944
5786	13586	178	0.7062	-165.084
11870	12434	178	0.8042	-142.983
16993	56097	178	0.7568	102.987
64828	72018	179	0.7496	-198.202
62520	72018	179	0.7111	-239.093
76978	80578	180	0.6828	-454.274
31764	66465	180	0.6878	29.938
7681	103809	180	0.6847	-345.448
14506	17290	180	0.6958	83.247
7523	48428	180	0.7318	-44.094
43671	94571	180	0.7016	-407.437
3177	20376	180	0.7111	-330.214
14772	52006	180	0.7365	-30.104
18028	47934	180	0.6936	93.034
22440	24260	180	0.8697	148.236
21675	66465	180	0.7256	-75.249
94571	109106	180	0.728	385.231
17917	30189	180	0.7364	29.049
30189	42004	180	0.6888	95.155
17661	82557	180	0.6965	-192.196
24260	41654	180	0.7206	-126.247
17917	72013	180	0.7465	-187.189
24260	78713	180	0.749	-89.269
16363	21675	180	0.7033	17.136
30189	31764	180	0.7247	11.004
42004	96068	180	0.702	-329.410
17156	76978	180	0.7747	-15.219
10936	16786	180	0.7191	-103.924
17917	31764	180	0.713	40.053
48428	94571	180	0.7717	-300.229
13356	18148	180	0.6929	132.885
22440	22921	180	0.697	288.214
7681	31829	180	0.7687	46.052
16363	72013	180	0.7058	-315.293
15659	30189	180	0.705	-42.025
11741	17661	180	0.7211	-33.020
7513	14772	180	0.6905	-97.101
16409	99828	180	0.6916	-422.511
11741	17917	180	0.7449	-214.140
22440	100293	180	0.7837	-217.270
454	3065	180	0.7341	50.981
4371	17661	180	0.6817	-26.088
8456	105115	180	0.7565	-210.381
18148	24260	180	0.7852	-22.889
10936	38200	180	0.7099	-55.948
15659	16363	180	0.6908	57.031
3739	14506	180	0.7454	-172.262
30189	72013	180	0.766	-216.238
13356	100293	180	0.6859	-255.511
76978	96841	180	0.7238	-330.666
33479	48428	180	0.6962	89.923
77708	99056	180	0.7073	-127.538
8456	48428	180	0.7168	-81.212
24260	103809	180	0.8091	-363.491
25523	45726	180	0.7122	-11.901
11741	72013	180	0.7097	-401.329
17661	68939	180	0.6957	-374.692
41654	76978	180	0.7347	147.053
38292	73975	180	0.6962	-200.199
76978	78713	180	0.7523	-110.076
11741	38235	180	0.7006	-237.949
24260	45726	180	0.713	-13.878
38235	83586	180	0.7157	-5.315
17156	20376	180	0.7099	-212.179
4523	8063	180	0.7134	-14.787
17661	74070	180	0.7047	-110.928
10936	33479	180	0.7118	-207.058
69582	74070	180	0.7005	228.265
30189	61781	180	0.6816	22.024
16363	38235	180	0.7272	-151.913
33479	94571	180	0.6984	-210.306
4523	10936	180	0.7393	69.014
16786	41857	180	0.6971	-27.118
4523	41857	180	0.7053	-62.027
38235	74070	180	0.6805	94.000
17917	66465	180	0.7401	69.990
17156	18148	180	0.6917	-13.137
72013	93362	180	0.6856	111.087
24260	96841	180	0.7302	-309.860
31764	72013	180	0.6944	-227.242
8188	41857	180	0.7052	-63.055
7614	93375	180	0.6831	-468.480
17156	74070	180	0.6912	-56.029
14506	30189	180	0.7068	-63.902
18148	76978	180	0.7869	-2.083
8456	10321	180	0.8087	-9.131
13356	22440	180	0.6846	-38.241
24260	100293	180	0.7952	-365.507
30189	66465	180	0.7591	40.942
18148	103809	180	0.7202	-386.380
7523	100293	180	0.7304	-410.435
20376	25523	180	0.7127	174.176
17156	103809	180	0.6943	-399.517
7614	11741	180	0.688	70.924
8456	94571	180	0.7231	-381.441
4523	16786	180	0.729	-34.910
43671	48428	180	0.6923	-107.208
22440	73975	180	0.7493	42.993
24260	76978	180	0.8729	20.806
4523	37398	180	0.7109	19.854
22440	103809	180	0.7163	-215.254
14506	17917	180	0.7406	-92.950
18148	96841	180	0.7214	-332.749
18148	41654	180	0.7154	-149.136
37398	47934	180	0.7555	-92.778
10366	38235	180	0.7386	-245.055
7513	16409	180	0.7009	-32.029
8063	33479	180	0.7655	-123.257
73975	100293	180	0.7517	-260.263
21675	72013	180	0.7198	-332.429
3065	38069	180	0.7003	-36.277
96841	103809	180	0.7152	-53.631
38292	103809	180	0.7268	-458.446
15659	72013	180	0.7286	-258.262
4523	47934	180	0.7125	-72.924
31764	77708	180	0.7072	-82.152
19864	94571	180	0.7172	-389.395
10936	94571	180	0.7293	-417.365
17917	99056	180	0.7001	-169.637
21675	96068	180	0.7041	-350.446
14506	15659	180	0.7243	-21.877
66465	72013	180	0.7819	-257.180
7681	24260	180	0.7735	18.042
7523	77658	180	0.6821	-119.180
3177	38069	180	0.7127	-99.141
16786	18163	180	0.7365	-118.142
7614	17661	180	0.6993	37.903
3922	16786	180	0.7215	-103.841
19864	99828	180	0.6949	-427.481
41857	47934	180	0.6849	-10.897
7523	94571	180	0.8012	-344.323
68939	105538	180	0.7223	104.421
95070	99056	180	0.6895	6.477
14506	31764	180	0.6932	-52.897
36764	41635	181	0.7165	0.000
36764	84658	181	0.6205	0.036
41635	42157	181	0.5664	0.036
41635	84658	181	0.5829	0.036
36764	42157	181	0.6438	0.036
41278	84658	181	0.5861	1.002
19635	22182	182	0.6292	-163.121
49099	77928	187	0.6626	200.682
56167	80230	187	0.673	-229.924
49099	80230	187	0.6491	145.633
49099	66882	187	0.6646	178.200
65736	80230	187	0.6546	-127.878
76582	84533	190	0.783	-28.032
97942	98520	190	0.6811	0.009
96802	97942	190	0.6703	-14.020
37935	78914	190	0.6215	-98.110
84533	97942	190	0.6738	-93.061
59201	76582	190	0.7361	58.042
96802	98520	190	0.6924	-14.011
76582	78914	190	0.6725	-70.078
37935	48035	190	0.7288	-14.016
59201	84533	190	0.7173	30.010
65579	65634	192	0.667	1.996
65573	65579	192	0.7598	-0.992
88136	92504	195	0.8066	-14.017
59085	100031	195	0.803	94.018
85551	88659	195	0.8239	95.983
76021	86383	195	0.8063	35.960
86383	86506	195	0.8143	-40.016
88659	92504	195	0.8011	-41.956
85551	86506	195	0.8167	57.982
85551	100031	195	0.8035	30.911
95975	97575	199	0.5079	-44.991
60723	101644	200	0.6853	196.229
5668	9036	201	0.8112	-28.031
9036	9046	201	0.9134	-0.126
9046	10220	201	0.8349	0.090
5970	8189	201	0.8084	16.121
2938	8189	201	0.7452	-69.957
2938	9046	201	0.7291	-110.078
23711	27654	201	0.7324	2.012
5668	10220	201	0.7082	-28.067
2938	6814	201	0.7067	-70.078
5031	8189	201	0.7656	-14.016
6814	27654	201	0.8063	-176.090
5970	23711	201	0.7152	-162.103
5970	6814	201	0.781	16.000
8189	9036	201	0.7175	-39.995
6814	8189	201	0.8087	0.122
8189	27654	201	0.8284	-176.212
6814	23711	201	0.702	-178.102
9036	10220	201	0.8751	-0.036
5031	5668	201	0.7105	-25.979
5970	27654	201	0.8665	-160.090
5048	9046	201	0.7022	-28.031
5668	8189	201	0.7057	11.964
5031	5207	201	0.9026	-0.123
1035	1432	202	0.5708	286.875
1432	72758	202	0.5443	35.624
1230	1432	202	0.5433	100.949
1035	1279	202	0.6011	-116.929
34419	70742	203	0.8299	15.922
70742	74291	203	0.7961	-76.821
17598	55606	206	0.762	-259.095
43405	68633	206	0.6622	236.145
30255	37033	206	0.6605	-23.033
24829	71576	206	0.6726	38.999
48202	101656	206	0.7213	104.133
42975	74465	206	0.7487	131.921
33505	42975	206	0.7074	-258.004
18235	21757	206	0.6601	-52.915
22721	99473	206	0.7136	40.926
45539	59145	206	0.6662	-26.015
32801	89958	206	0.6792	-417.350
75598	89574	206	0.6795	110.090
19289	29555	206	0.6897	128.110
28497	99473	206	0.6603	-140.108
26156	98926	206	0.6683	-121.211
1382	68891	206	0.6686	19.655
21757	101656	206	0.6629	-52.102
101656	103630	206	0.7283	-171.284
71576	75726	206	0.7532	-185.246
15005	15381	206	0.7433	36.003
48064	89958	206	0.6959	-58.166
28461	36149	206	0.6609	-0.057
32801	54423	206	0.7048	-474.116
34337	45126	206	0.7156	78.124
36149	81971	206	0.6995	-315.129
73935	76540	206	0.7009	-78.931
21757	77811	206	0.6977	-181.282
68891	98945	206	0.7025	-430.471
88204	89114	206	0.6653	30.046
85463	98945	206	0.6756	-263.782
50812	88204	206	0.7117	152.941
68891	80762	206	0.7045	-118.115
37672	66378	206	0.6621	-19.934
68891	87033	206	0.8148	44.062
68891	99473	206	0.684	-35.034
37033	42975	206	0.7191	-300.015
94225	98926	206	0.7015	-16.123
15005	16995	206	0.7335	8.055
13992	65654	206	0.6624	-27.076
13992	105319	206	0.7035	86.023
33505	37033	206	0.7206	42.011
19531	68891	206	0.6766	-151.117
68891	98926	206	0.7543	-37.049
86764	87033	206	0.6602	170.202
17598	19716	206	0.6622	-54.954
13992	45539	206	0.696	43.039
22721	39325	206	0.6684	112.111
17598	81971	206	0.6911	-303.151
13992	59145	206	0.7038	17.024
29281	75598	206	0.7181	-275.290
22721	68891	206	0.7385	75.960
17807	29555	206	0.7061	-17.082
15005	90893	206	0.7089	-100.127
29281	45539	206	0.689	-115.107
42975	54423	206	0.7065	-102.982
75598	100939	206	0.6792	189.239
68891	85463	206	0.7117	-166.689
15005	102262	206	0.6904	-160.035
31973	45126	206	0.7145	3.039
28497	37672	206	0.6854	-14.014
64927	88204	206	0.6628	131.935
19707	65654	206	0.69	-245.221
59145	75598	206	0.6973	-134.168
26156	69511	206	0.6633	10.824
65654	95796	206	0.664	-297.332
13992	21757	206	0.671	134.181
33505	54423	206	0.7149	-360.986
13392	22721	206	0.6699	-74.110
33741	37546	206	0.7082	62.050
37546	66378	206	0.6835	-28.903
37546	77242	206	0.7314	-316.223
1382	87033	206	0.7057	63.717
43299	65654	206	0.7884	-255.145
37672	38016	206	0.6748	-53.045
29555	36149	206	0.7872	57.946
13992	31870	206	0.7454	186.059
94225	100841	206	0.7572	15.943
45126	71576	206	0.7797	-106.135
33505	73935	206	0.6677	-225.217
15381	16995	206	0.6817	-27.947
31973	71576	206	0.7004	-103.096
19707	24076	206	0.6879	-52.959
38016	94336	206	0.7012	-309.910
22718	99473	206	0.668	-160.193
43405	47868	206	0.7111	240.063
85047	101656	206	0.6672	-91.041
51972	74465	206	0.7639	-96.037
37033	54423	206	0.7253	-402.997
17807	102262	206	0.7576	-143.148
19531	65654	206	0.7145	-269.196
76540	98348	206	0.7277	-142.821
37546	37672	206	0.7319	-8.969
43405	63491	206	0.6635	189.092
32801	34337	206	0.7097	-141.125
37033	54422	206	0.6617	-381.016
55021	98926	206	0.6681	-154.169
40206	65563	206	0.6669	-316.132
40206	54422	206	0.7185	-397.048
37033	74465	206	0.7271	-168.094
13992	36149	206	0.7188	230.089
33741	76540	206	0.6788	-304.111
15005	36149	206	0.7662	23.977
81971	98922	206	0.6945	167.025
37450	54423	206	0.7299	-102.966
15005	16977	206	0.7161	-221.044
33505	47868	206	0.6856	-5.990
37672	89463	206	0.6623	-317.271
45126	75726	206	0.7954	-291.381
85047	89114	206	0.6656	-49.089
22420	65654	206	0.7105	-204.245
50073	50315	207	0.5797	-0.995
31225	36852	208	0.6506	15.993
31225	39518	208	0.6508	15.992
36852	39518	208	0.7501	-0.001
79868	98026	209	0.7172	-34.039
85566	98026	209	0.7091	-0.826
52226	53214	210	0.6453	17.330
52226	53532	210	0.656	41.064
25082	41856	213	0.6443	-179.095
51308	54630	214	0.5956	-0.041
51492	54630	214	0.566	-0.076
51308	51492	214	0.5611	0.035
80314	93675	220	0.5851	-191.102
555	7310	221	0.8872	-0.015
182	12254	221	0.8834	-4.004
105724	107723	221	0.9341	0.000
555	108059	221	0.9001	4.031
555	12254	221	0.9257	0.027
106432	107723	221	0.9079	1.003
95282	108059	221	0.9104	6.027
7310	108059	221	0.8533	4.047
5766	107723	221	0.8564	-2.012
12254	108059	221	0.8919	4.004
555	106432	221	0.9295	-2.999
7310	14688	221	0.8749	-0.000
95282	96756	221	0.9069	1.996
555	96756	221	0.8973	0.000
5766	7310	221	0.844	-0.032
555	107723	221	0.9392	-1.995
5766	96756	221	0.8571	-0.017
96756	108059	221	0.8681	4.031
107723	108059	221	0.8656	6.027
96756	107723	221	0.8621	-1.996
12254	14688	221	0.9607	-0.043
5766	95282	221	0.8981	-2.012
5766	14688	221	0.8831	-0.033
182	5766	221	0.8551	-4.015
107723	107866	221	0.8964	1.996
12254	105724	221	0.9311	-2.023
182	96756	221	0.8675	-4.031
182	108825	221	0.8539	0.029
37	12254	221	0.9097	12.011
14688	96756	221	0.8888	0.016
7310	107866	221	0.8587	0.016
5766	105724	221	0.8944	-2.012
555	5766	221	0.8906	0.017
12254	107723	221	0.8903	-2.023
5766	12254	221	0.8853	0.010
95282	105724	221	0.9738	-0.000
37	73	221	0.9635	-14.016
14688	107723	221	0.8869	-1.980
12254	95282	221	0.9334	-2.023
105724	106432	221	0.9239	-1.003
555	14688	221	0.9233	-0.016
12254	96756	221	0.8898	-0.027
5766	108059	221	0.8599	4.014
14688	108059	221	0.8911	4.047
182	108059	221	0.8738	-0.000
182	105724	221	0.9034	-6.027
105724	108059	221	0.9037	6.027
555	95282	221	0.934	-1.995
7310	96756	221	0.8506	0.016
95282	107723	221	0.8967	-0.000
96756	105724	221	0.9014	-1.996
182	14688	221	0.8865	-4.047
555	105724	221	0.965	-1.995
14688	95282	221	0.9338	-1.980
14688	105724	221	0.9299	-1.980
22398	95282	221	0.887	-2.021
182	95282	221	0.9304	-6.027
63663	63844	223	0.5673	330.180
63704	63844	223	0.6243	1.001
7761	64552	223	0.5412	-120.029
7761	7766	223	0.7366	-1.003
7761	63844	223	0.6853	-119.974
7761	88022	223	0.6602	-312.375
63844	64552	223	0.5695	-0.055
7761	12453	223	0.5499	-50.024
7766	88022	223	0.6614	-311.373
63663	64370	223	0.566	24.000
7766	63704	223	0.6737	-119.972
25763	39979	225	0.9902	0.000
35496	39979	225	0.9987	0.000
30478	109082	225	0.9986	0.036
28109	52687	225	0.9983	0.000
35496	109011	225	0.9764	0.036
25763	109082	225	0.9809	0.036
14495	58217	225	0.9758	0.000
30478	35496	225	0.9974	0.000
3105	109011	225	0.982	-0.000
32266	109011	225	0.9838	0.143
52687	109011	225	0.9764	0.036
25763	30478	225	0.9873	0.000
39979	109011	225	0.9789	0.036
109011	109082	225	0.9863	0.000
52687	109082	225	0.9946	0.036
32266	109082	225	0.999	0.143
39979	108856	225	0.997	0.036
30478	43987	225	0.9773	0.000
3105	32266	225	0.9735	-0.143
28109	32266	225	0.9939	-0.107
25763	35496	225	0.996	0.000
39979	43987	225	0.9795	0.000
3105	109082	225	0.9779	-0.000
25763	108856	225	0.9793	0.036
3105	58217	225	0.9656	-0.143
28109	109082	225	0.9959	0.036
3105	108856	225	0.978	-0.000
43987	52687	225	0.9794	0.000
25763	28109	225	0.9908	0.000
35496	109082	225	0.9941	0.036
108856	109011	225	0.987	0.000
39979	109082	225	0.9976	0.036
39979	52687	225	0.999	0.000
28109	109011	225	0.9785	0.036
58217	109011	225	0.9941	0.143
108856	109082	225	0.9998	0.000
35496	108856	225	0.9932	0.036
32266	35496	225	0.9914	0.107
30478	108856	225	0.9981	0.036
30478	52687	225	0.9979	0.000
35496	43987	225	0.9798	0.000
52687	108856	225	0.9936	0.036
11775	14495	225	0.9625	-0.016
30478	109011	225	0.9813	0.036
25763	43987	225	0.9731	0.000
32266	108856	225	0.9992	0.143
28109	43987	225	0.9795	0.000
28109	35496	225	0.9982	0.000
25763	32266	225	0.9763	-0.107
32266	39979	225	0.9956	0.107
30478	32266	225	0.9967	-0.107
32266	52687	225	0.9915	0.107
6998	11775	225	0.9681	-0.001
28109	30478	225	0.9982	0.000
35496	52687	225	0.9998	0.000
25763	52687	225	0.9953	0.000
28109	39979	225	0.9987	0.000
28109	108856	225	0.9954	0.036
30478	39979	225	0.9997	0.000
16498	25703	226	0.7037	-0.001
24597	26320	226	0.7748	-0.050
24597	25703	226	0.6998	0.035
16498	23102	226	0.6829	-0.001
23102	25703	226	0.7408	-0.000
51676	62576	227	0.7017	48.020
62576	65791	227	0.7814	-235.160
20982	88667	228	0.7148	-184.262
47255	63353	228	0.7037	-92.131
47255	92609	228	0.7628	-328.424
48849	88667	228	0.7251	-50.109
88667	92609	228	0.7113	-106.099
63353	92609	228	0.6937	-236.293
48849	49607	228	0.6803	1.980
15766	73604	228	0.6801	-89.331
73604	88667	228	0.7151	-47.054
71651	74061	229	0.6884	-232.133
13959	13962	230	0.7003	1.997
13962	13974	230	0.6597	-3.994
13959	13974	230	0.729	-1.997
13758	13974	230	0.6927	-0.991
13758	13959	230	0.6795	1.006
33022	98860	231	0.6728	-153.072
30818	41623	238	0.6372	55.145
86332	90320	238	0.5967	1.942
30818	86332	238	0.6128	44.935
32895	86332	238	0.5801	423.028
1063	34830	240	0.6642	295.609
24687	76448	240	0.7022	49.055
76448	96007	240	0.5916	-45.173
30768	95157	240	0.6015	-152.156
639	24687	240	0.6555	-205.391
76448	95157	240	0.584	-226.263
639	34830	240	0.5834	9.672
64588	86148	244	0.5863	-286.078
23554	27458	245	0.9789	0.107
57	28089	245	0.9272	-14.016
4086	26270	245	0.9027	-4.031
26270	43596	245	0.9334	0.000
26270	40123	245	0.8969	-0.107
43596	108870	245	0.9765	-0.000
23057	109125	245	0.9069	-0.000
696	23127	245	0.985	-0.128
32271	43691	245	0.9398	0.000
23352	40123	245	0.8991	-0.036
35180	109103	245	0.9142	-0.019
2354	109125	245	0.8972	0.000
5562	11487	245	0.8612	0.000
48809	59829	245	0.9751	-0.143
39714	43691	245	0.9332	0.000
32271	34628	245	0.9815	0.000
107500	109125	245	0.9145	-22.940
23127	23554	245	0.9891	0.021
5562	34108	245	0.9237	0.070
23127	53129	245	0.981	0.128
18494	20815	245	0.9478	0.000
19974	109107	245	0.9279	28.154
33144	41156	245	0.9732	-0.077
10882	32259	245	0.9199	-0.052
35031	53129	245	0.993	0.000
27458	108608	245	0.9852	0.038
14041	21010	245	0.9336	27.995
28640	34628	245	0.9604	-14.016
18494	40234	245	0.9408	0.036
37044	39714	245	0.9494	0.070
11487	21010	245	0.8821	0.000
43691	108755	245	0.972	-0.000
42010	46489	245	0.9517	-14.016
27179	31691	245	0.9244	0.000
28640	41156	245	0.9747	-0.077
27458	38995	245	0.9955	0.000
27458	43997	245	0.9971	0.000
35031	38995	245	0.994	0.000
57	108755	245	0.9542	-14.016
44594	50450	245	0.9205	-0.000
31886	39714	245	0.9431	0.143
23127	27458	245	0.9884	0.128
37987	56283	245	0.949	-0.127
34108	39086	245	0.8938	0.000
2354	108911	245	0.8919	0.000
31691	39586	245	0.9275	0.000
37044	108649	245	0.9423	14.123
16164	58165	245	0.9702	0.015
35180	50450	245	0.9236	-0.000
58165	108608	245	0.966	0.165
28640	46489	245	0.9566	-14.016
28682	43596	245	0.9957	0.000
39586	109103	245	0.9372	-0.019
26520	107500	245	0.8977	22.940
23352	26270	245	0.9199	0.070
27179	35180	245	0.8966	0.000
23352	43596	245	0.9633	0.070
27	109107	245	0.9229	0.000
28089	31886	245	0.9613	-0.143
27179	109103	245	0.9231	-0.019
35180	44594	245	0.904	0.000
7793	11283	245	0.8706	13.979
18494	23554	245	0.9677	0.036
23127	38995	245	0.9833	0.128
27179	44594	245	0.9148	0.000
43997	53129	245	0.9985	0.000
34609	35031	245	0.9677	0.128
26270	108988	245	0.9239	4.031
16781	23352	245	0.8954	0.000
28089	34628	245	0.9613	-0.000
23352	108870	245	0.9717	0.070
27	43596	245	0.9648	-0.036
28640	37987	245	0.9992	0.000
56283	108649	245	0.9517	0.165
38995	48809	245	0.9882	0.000
33144	42010	245	0.9976	0.000
2354	23057	245	0.8662	0.000
34628	108649	245	0.9538	14.053
5555	8083	245	0.8772	0.000
28089	37044	245	0.9638	-0.070
4086	28682	245	0.9105	-4.031
7793	11849	245	0.876	-0.000
23352	108988	245	0.9272	4.101
28682	108870	245	0.9734	-0.000
23554	38995	245	0.974	0.107
53129	59829	245	0.9744	-0.143
8927	59829	245	0.9885	-0.036
5555	39086	245	0.7661	14.086
34628	42010	245	0.9547	14.016
31691	50450	245	0.9208	-0.000
38995	58165	245	0.9687	-0.128
216	20815	245	0.9486	-0.103
696	27458	245	0.9753	0.000
57	32271	245	0.9479	-14.016
16164	18494	245	0.9744	0.000
23554	43997	245	0.9723	0.107
8242	31886	245	0.8662	-0.073
11487	16781	245	0.8906	0.000
33144	56283	245	0.9458	-0.127
23057	26520	245	0.8845	-0.000
28640	32271	245	0.9439	-14.016
16164	23554	245	0.9671	0.036
28089	46489	245	0.9451	0.000
19974	108755	245	0.9557	0.123
28	27179	245	0.7868	0.019
5562	109107	245	0.925	0.107
27458	48809	245	0.9908	0.000
16164	59829	245	0.9959	0.000
26520	108911	245	0.9095	0.000
57	19974	245	0.9503	-14.138
34628	46489	245	0.9813	0.000
33144	108649	245	0.9865	0.038
23352	28682	245	0.969	0.070
57	37044	245	0.9557	-14.086
28640	108649	245	0.9912	0.038
42010	48400	245	0.9481	-0.128
11283	19835	245	0.8328	-13.979
14560	19835	245	0.8234	0.000
48809	53129	245	0.9985	0.000
48400	108649	245	0.9393	0.165
4086	109107	245	0.9298	-3.995
16164	20815	245	0.9772	0.000
53129	58165	245	0.9795	-0.128
32271	37044	245	0.9694	-0.070
32271	37987	245	0.9396	14.016
28640	56283	245	0.9502	-0.127
23127	108608	245	0.9752	0.165
42010	56283	245	0.9504	-0.127
57	109107	245	0.9302	14.016
16781	43596	245	0.8953	0.070
48809	58165	245	0.98	-0.128
32271	33144	245	0.94	14.016
8927	20815	245	0.9923	-0.036
11283	17802	245	0.9097	0.000
58165	59829	245	0.9828	-0.015
43691	46489	245	0.9411	0.000
11282	20815	245	0.9517	0.000
8927	16164	245	0.9919	-0.036
41156	108649	245	0.9687	0.114
4086	10882	245	0.897	-0.076
34628	41156	245	0.956	13.939
23127	58165	245	0.9711	0.000
48809	51244	245	0.9724	-0.128
43997	48809	245	0.9961	0.000
28	31691	245	0.7969	0.019
33144	46489	245	0.9536	-14.016
4412	7793	245	0.9049	-14.052
34628	39714	245	0.9591	0.000
43997	58165	245	0.9715	-0.128
43997	108608	245	0.9821	0.038
27	108870	245	0.9432	-0.036
4484	21010	245	0.8596	28.031
696	35031	245	0.9779	0.000
35031	48809	245	0.9863	0.000
7793	19835	245	0.9349	-0.000
37987	46489	245	0.9536	-14.016
16781	28682	245	0.9129	0.070
39714	46489	245	0.9781	0.000
27458	35031	245	0.9989	0.000
23127	43997	245	0.9811	0.128
40123	108870	245	0.9691	0.106
696	32259	245	0.9707	-0.128
20815	59829	245	0.9732	0.000
41156	42010	245	0.9711	0.077
4086	108988	245	0.9489	-0.000
37987	108649	245	0.9887	0.038
28682	108988	245	0.9301	4.031
6884	14041	245	0.8897	0.035
37987	48400	245	0.9489	-0.128
51244	58165	245	0.9816	-0.000
46489	108649	245	0.9478	14.053
53129	108608	245	0.9844	0.038
34628	37987	245	0.9567	14.016
37044	43691	245	0.9648	0.070
107500	108911	245	0.9149	-22.939
5562	16781	245	0.8847	0.000
108988	109107	245	0.9595	-3.995
28640	33144	245	0.9991	0.000
696	38995	245	0.9695	0.000
28089	39714	245	0.9795	0.000
48400	56283	245	0.9731	0.000
4484	19835	245	0.9024	0.000
27	28682	245	0.9759	-0.036
11849	19835	245	0.8858	-0.000
50450	109103	245	0.9355	-0.019
4484	11849	245	0.8852	0.000
38995	43997	245	0.9933	0.000
42010	108649	245	0.9912	0.038
27179	50450	245	0.9095	-0.000
37044	108755	245	0.9573	0.070
10332	11282	245	0.9745	0.000
28	44594	245	0.8193	0.019
32271	39714	245	0.9818	0.000
37987	42010	245	0.9994	0.000
28089	43691	245	0.9193	0.000
39586	50450	245	0.9441	-0.000
28	35180	245	0.7917	0.019
39586	44594	245	0.9249	0.000
107500	108823	245	0.995	0.040
33144	34628	245	0.9568	-14.016
23127	35031	245	0.9879	0.128
31691	44594	245	0.9275	0.000
28682	40123	245	0.9566	-0.107
23554	108608	245	0.9666	0.144
26270	108870	245	0.9149	-0.000
17802	19199	245	0.9808	0.000
16781	108870	245	0.8921	0.070
23554	35031	245	0.978	0.107
4086	108911	245	0.8978	-9.000
51244	59829	245	0.9784	-0.015
27	26270	245	0.9257	-0.036
23057	108911	245	0.9021	0.000
44594	109103	245	0.9365	-0.019
2354	26520	245	0.8729	0.000
28	39586	245	0.8207	0.019
35180	39586	245	0.9278	0.000
32271	46489	245	0.9648	0.000
27	23352	245	0.9534	-0.106
38995	108608	245	0.9815	0.038
48809	108608	245	0.9793	0.038
10659	11487	245	0.8474	0.036
8083	11849	245	0.9042	-14.016
108911	109125	245	0.9339	-0.000
40123	43596	245	0.9606	0.107
35031	43997	245	0.9957	0.000
26270	28682	245	0.9486	0.000
23127	48809	245	0.9723	0.128
38995	53129	245	0.9931	0.000
50450	108988	245	0.9172	-1.995
27179	39586	245	0.915	0.000
19974	43691	245	0.9582	0.123
33144	48400	245	0.948	-0.127
28640	42010	245	0.9986	0.000
28	109103	245	0.8453	-0.000
26520	109125	245	0.9142	-0.000
28640	48400	245	0.9489	-0.127
16781	26270	245	0.9061	0.070
6884	7793	245	0.8789	-0.001
10328	11283	245	0.8906	0.000
37987	41156	245	0.973	-0.077
8927	18494	245	0.9663	-0.036
696	43997	245	0.973	0.000
4484	7793	245	0.8962	0.000
216	11282	245	0.8994	-0.103
35031	108608	245	0.982	0.038
27458	53129	245	0.9964	0.000
31691	109103	245	0.9355	-0.019
11283	19199	245	0.8984	0.000
19974	37044	245	0.9436	0.052
14041	19835	245	0.8854	-0.036
23554	53129	245	0.9724	0.107
4086	109125	245	0.8968	-9.000
696	23554	245	0.9722	-0.107
27458	58165	245	0.9708	-0.128
31691	35180	245	0.9095	0.000
41156	108755	245	0.9409	-13.939
28089	32271	245	0.9938	-0.000
33144	37987	245	0.9991	0.000
16164	51244	245	0.9614	0.015
28	50450	245	0.8244	0.019
5921	5984	250	0.7341	-1.004
3502	6168	250	0.7519	0.001
6168	6184	250	0.6334	-15.008
5907	5921	250	0.9683	1.997
3502	6184	250	0.6977	-15.007
5972	6184	250	0.6046	160.921
3502	5921	250	0.6221	-44.985
5907	5984	250	0.6283	0.993
24613	25872	254	0.6654	-28.104
23672	24613	254	0.7245	28.064
24613	24893	254	0.6865	-28.038
23672	25872	254	0.8848	-0.040
24893	25872	254	0.8485	-0.066
23672	24893	254	0.8317	0.025
11468	31432	257	0.7291	-59.003
55329	71285	260	0.918	-56.063
45197	63813	260	0.7773	-56.291
44600	71064	260	0.7907	-85.097
29104	32092	260	0.7265	16.030
19030	90273	260	0.7012	-306.369
44583	44600	260	0.8022	1.003
57145	72389	260	0.7617	18.993
59666	72396	260	0.7053	3.023
45197	73167	260	0.8035	-154.401
45197	55898	260	0.7807	-29.263
55329	63813	260	0.8227	-28.031
44600	73167	260	0.8018	-154.172
63813	71285	260	0.851	-28.031
30602	42109	260	0.7373	-15.007
16467	19030	260	0.743	-2.010
44583	45197	260	0.765	1.232
70660	71285	260	0.8394	-14.016
32092	62367	260	0.7014	0.974
44583	71064	260	0.8707	-84.094
44736	65011	260	0.7499	-55.059
16467	65382	260	0.7144	-41.921
31080	72396	260	0.7232	1.994
71064	88172	260	0.7499	-209.231
44600	71285	260	0.9215	-84.094
44600	63813	260	0.8329	-56.063
29104	31080	260	0.8291	17.025
55329	71064	260	0.8034	-57.066
70775	71064	260	0.7615	-0.130
44600	70660	260	0.8319	-70.078
45197	70660	260	0.7861	-70.307
31080	31560	260	0.7203	-16.029
71064	71252	260	0.7933	-1.005
45197	71064	260	0.7565	-85.326
44583	65011	260	0.847	-56.062
65011	70660	260	0.7335	-13.012
30602	57145	260	0.7615	-15.991
31080	62367	260	0.7844	-0.022
71285	90273	260	0.7819	-238.264
55898	71064	260	0.9015	-56.063
44600	55329	260	0.9119	-28.031
63100	72389	260	0.7924	2.016
62367	71862	260	0.769	3.020
10378	18390	260	0.7275	-14.017
71285	88172	260	0.814	-210.235
65382	68959	260	0.7148	-28.031
31080	63400	260	0.8404	0.988
71862	72389	260	0.7489	1.005
45197	88172	260	0.7946	-294.557
70660	73167	260	0.7359	-84.094
62367	63400	260	0.8749	1.010
88172	90273	260	0.7852	-28.029
65382	90273	260	0.7005	-266.458
44583	55329	260	0.7852	-27.028
63400	71862	260	0.8258	2.011
55329	70660	260	0.836	-42.047
10378	10448	260	0.7147	-1.995
55329	73167	260	0.7536	-126.141
44583	70660	260	0.7139	-69.075
71862	72396	260	0.752	-1.005
30602	31080	260	0.8522	-1.001
10378	31560	260	0.7733	-82.112
44600	55898	260	0.8203	-29.035
44736	55898	260	0.7797	-27.027
31080	32092	260	0.8179	-0.995
55898	71252	260	0.8502	-57.068
42109	63100	260	0.7171	15.993
63400	72389	260	0.7276	3.015
45197	55329	260	0.8632	-28.260
44583	71252	260	0.8249	-85.099
44583	73167	260	0.703	-153.169
31080	63100	260	0.7558	1.988
31080	31624	260	0.7272	0.069
10378	30602	260	0.7684	-65.081
44736	71252	260	0.7486	-84.095
48947	72389	260	0.7402	1.985
63100	71862	260	0.7454	1.011
65011	71064	260	0.8542	-28.031
29104	63400	260	0.7155	18.013
62367	63100	260	0.7936	2.009
45197	71285	260	0.8514	-84.322
30602	72389	260	0.7498	3.002
63100	63813	260	0.7083	-0.187
55329	55898	260	0.8256	-1.003
44600	88172	260	0.7809	-294.329
62367	72396	260	0.762	2.015
55898	63813	260	0.7399	-27.028
55329	88172	260	0.7919	-266.297
63813	88172	260	0.7519	-238.266
71064	71285	260	0.8062	1.003
31080	71862	260	0.7746	2.999
30602	31560	260	0.8123	-17.030
55898	65011	260	0.8843	-28.031
65011	71252	260	0.783	-29.037
65011	71285	260	0.7775	-27.028
63100	63400	260	0.8998	-1.000
63813	65011	260	0.8046	-1.003
30602	63100	260	0.7633	0.986
63813	70660	260	0.7635	-14.016
63400	72396	260	0.7344	1.006
31560	57145	260	0.7214	1.039
44600	45197	260	0.902	0.228
19030	65382	260	0.7427	-39.910
55898	71285	260	0.8241	-55.059
44583	55898	260	0.9257	-28.031
35043	67807	265	0.6885	-410.289
43034	69474	265	0.6731	-301.257
43034	102387	265	0.6869	-293.427
49261	102387	265	0.8075	-315.385
15605	68186	265	0.6778	-136.163
12126	69474	265	0.7214	-428.342
14796	69474	265	0.7195	-231.285
14796	102387	265	0.7499	-223.455
71956	102387	265	0.7276	-12.271
68186	102387	265	0.7546	-168.274
40072	67807	265	0.6693	-214.177
59094	101153	265	0.6848	45.768
15943	68186	265	0.6699	-205.248
15605	102387	265	0.7159	-304.437
14796	43034	265	0.7403	69.972
35043	59094	265	0.6674	-296.073
51843	69474	265	0.7085	-359.239
69474	102387	265	0.664	7.830
14796	49261	265	0.7116	91.930
36392	68186	265	0.6711	-125.267
40072	62872	265	0.6633	-133.002
91641	101153	265	0.6652	60.022
12126	102387	265	0.6758	-420.512
14796	15943	265	0.6741	150.067
14554	43226	265	0.6656	-479.137
15605	49261	265	0.6741	10.948
24563	62872	265	0.6742	-112.158
62451	102387	265	0.6675	80.863
49261	69474	265	0.7754	-323.215
27407	62872	265	0.6886	-274.060
40072	69474	265	0.6639	-219.154
51843	95236	265	0.7087	-324.340
8079	40072	265	0.6781	-218.150
27407	43226	265	0.6615	-418.039
15605	69474	265	0.6674	-312.267
72394	73417	269	0.9051	-1.003
68489	78138	269	0.8896	-12.003
66725	68046	269	0.9039	-23.969
42660	66725	269	0.9155	9.956
72394	78138	269	0.8861	-14.015
73417	78138	269	0.9045	-13.012
68489	72394	269	0.9315	2.012
68046	73417	269	0.9129	-129.102
68489	73417	269	0.9088	1.009
70392	101542	275	0.5532	52.708
21033	23263	281	0.6083	-72.982
71612	105994	282	0.5911	5.776
94511	104427	283	0.8821	2.016
11379	53308	284	0.6306	-122.039
20033	64276	286	0.7166	-270.271
60164	100430	286	0.7394	-106.146
22447	60164	286	0.7274	-251.269
60164	100235	286	0.7012	-123.175
16756	60164	286	0.7053	-56.235
20033	26792	286	0.7271	2.064
16756	100430	286	0.7011	-162.381
20033	22883	286	0.7018	55.973
24756	60164	286	0.709	-86.136
64336	100235	286	0.707	-88.258
20033	24623	286	0.7226	-206.078
22883	39842	286	0.706	-386.105
29581	60164	286	0.7122	-46.178
16756	64336	286	0.712	-91.153
22883	100430	286	0.7106	-336.339
24623	28739	286	0.8306	161.157
19731	24623	286	0.7209	-115.074
29581	100430	286	0.7085	-152.324
24623	24756	286	0.704	117.994
24623	97886	286	0.7234	-63.291
22883	24623	286	0.7766	-262.051
36894	65575	287	0.6071	-97.881
36435	67348	289	0.7013	14.013
86845	88696	289	0.7333	-90.011
34031	105765	289	0.6794	-349.281
34031	73734	289	0.7909	0.005
67348	69712	289	0.8139	0.000
35182	70512	289	0.8308	-15.997
35182	69712	289	0.9021	-0.002
35182	67348	289	0.8318	-0.002
77361	106927	289	0.719	14.016
80300	84854	289	0.6981	6.024
34031	104541	289	0.7143	-350.278
106705	106927	289	0.7684	-13.012
60975	67348	289	0.7763	-14.016
67348	105765	289	0.7864	-350.280
35182	60975	289	0.8415	14.014
60975	69712	289	0.8106	-14.015
73734	104541	289	0.6825	-350.283
35182	64055	289	0.6996	-0.995
13702	105765	289	0.7176	-336.304
70512	80300	289	0.743	-23.014
35182	105765	289	0.785	-350.282
34031	67348	289	0.671	0.999
101906	106789	289	0.787	-15.000
34031	64055	289	0.7702	0.005
36435	88696	289	0.6803	-426.278
77361	106789	289	0.7125	28.031
67348	70512	289	0.7365	-15.995
77361	91044	289	0.7244	-13.032
34031	75477	289	0.7125	-39.013
60975	101906	289	0.7951	-322.248
13702	25392	289	0.6952	-4.031
64055	69712	289	0.698	0.994
88696	91044	289	0.7124	75.996
25392	67348	289	0.7429	18.007
70512	84854	289	0.6907	-16.990
36435	86845	289	0.6774	-336.267
60975	70512	289	0.7283	-30.011
69712	73734	289	0.7762	-0.994
91044	105765	289	0.74	14.015
36435	69712	289	0.6831	14.013
13702	104541	289	0.6719	-337.301
69712	70512	289	0.8119	-15.995
106705	106789	289	0.799	1.003
35786	64055	289	0.6654	-0.073
36435	91044	289	0.68	-350.282
87584	91044	289	0.6644	1.002
104541	105765	289	0.7278	0.997
86845	91044	289	0.8087	-14.015
35182	73734	289	0.8173	-0.996
25392	105765	289	0.7812	-332.273
69712	80300	289	0.6887	-39.009
86845	106927	289	0.7599	13.032
73734	75477	289	0.6638	-39.018
34031	35182	289	0.7119	1.001
67348	104541	289	0.6781	-351.277
69712	105765	289	0.7499	-350.280
35182	36435	289	0.7109	-14.015
64055	73734	289	0.7471	-0.001
106789	106927	289	0.8632	-14.015
34031	35786	289	0.6773	0.078
25392	69712	289	0.7051	18.007
25392	104541	289	0.6802	-333.270
36435	60975	289	0.6845	28.028
25392	35182	289	0.7331	18.009
67348	73734	289	0.7245	-0.994
58604	74848	292	0.7044	-66.009
33997	40503	295	0.6703	-19.018
13668	33997	295	0.6843	58.004
33997	45823	295	0.6957	-52.831
10518	33997	295	0.6911	-89.086
13668	18380	295	0.6881	-18.008
18380	37116	295	0.6684	69.244
33997	80686	295	0.7686	-283.250
50097	78661	296	0.5764	-48.236
33663	97852	297	0.6934	219.064
8478	97437	297	0.6878	-254.334
6783	21247	297	0.7237	-34.034
22584	97852	297	0.7222	134.025
97437	97852	297	0.7127	316.396
8478	14675	297	0.7072	32.060
22584	43481	297	0.6927	113.901
4087	29223	297	0.6846	-340.847
14635	64541	297	0.7281	-29.151
14675	43481	297	0.6888	9.878
4386	21247	297	0.7248	-54.904
13918	21247	297	0.7096	100.002
13918	91848	297	0.751	-258.499
8478	32081	297	0.7049	18.956
56660	64541	297	0.6802	160.997
6783	31995	297	0.6937	-310.077
12592	97852	297	0.6829	-46.928
20001	64541	297	0.6954	3.888
21247	32081	297	0.7167	-41.111
1491	13918	297	0.6931	-23.189
4087	12592	297	0.7048	6.922
12838	21247	297	0.6908	3.027
3745	64541	297	0.7015	-78.066
21247	23082	297	0.7365	-79.966
12592	29899	297	0.6814	-151.108
13918	64541	297	0.723	27.917
3745	13918	297	0.7041	-105.983
13294	19578	297	0.7105	51.958
22964	32081	297	0.7285	9.912
3481	4386	297	0.7398	6.914
3481	59260	297	0.6942	-151.033
12592	22584	297	0.6844	-180.953
13918	16650	297	0.7079	106.949
4087	13294	297	0.718	-102.010
56838	78444	298	0.699	100.138
1560	56442	298	0.6643	40.900
41453	75882	298	0.739	-8.102
62312	74717	298	0.7867	-99.371
19068	74717	298	0.7321	-90.314
75882	95689	298	0.762	-176.308
13725	63254	298	0.6859	-75.053
62715	100657	298	0.6683	-122.435
56838	74717	298	0.7082	-5.268
27905	92513	298	0.6685	-172.364
77709	91693	298	0.6915	-214.347
64231	75882	298	0.8029	324.159
74717	75882	298	0.7072	148.267
40558	55128	298	0.6696	285.564
12061	92513	298	0.6618	-302.447
544	100611	298	0.6642	-130.768
44776	60726	298	0.7581	-52.068
75882	92513	298	0.6697	-188.308
44776	74717	298	0.7251	-282.320
8112	77709	298	0.6611	-131.072
60726	78444	298	0.7397	-124.845
75882	77709	298	0.6619	12.023
59095	75882	298	0.6891	-66.047
64778	77709	298	0.6894	177.130
11215	100611	298	0.6627	-374.521
74717	78444	298	0.7555	105.406
77709	95689	298	0.7031	-188.331
64473	100657	298	0.7239	-165.153
14268	41453	298	0.7238	-28.961
64231	74717	298	0.7039	175.891
64231	95689	298	0.688	147.851
20501	47698	298	0.7857	-123.100
12061	55128	298	0.7938	-14.057
21575	27905	298	0.6882	-61.110
20501	62715	298	0.6619	-129.991
1560	56838	298	0.67	11.800
17967	77709	298	0.6766	-47.174
13504	100657	298	0.6778	-151.348
13725	96574	298	0.6679	-150.176
56838	60726	298	0.6781	224.984
78444	93244	298	0.6846	-129.415
20501	26114	298	0.675	-13.978
26591	75882	298	0.6699	-39.044
56860	59095	298	0.6614	-19.986
64231	100611	298	0.733	118.817
76319	91693	298	0.6926	-13.013
75882	77253	298	0.6762	-260.357
26114	47698	298	0.6709	-109.122
64778	102297	298	0.7951	-9.185
17967	86379	298	0.6895	-362.604
10192	102297	298	0.7201	-257.452
11215	91693	298	0.674	-371.503
21575	47698	298	0.7161	-30.127
13725	56860	298	0.6685	-48.018
53611	76319	298	0.7206	-122.345
74717	100611	298	0.6983	-57.074
26386	75882	298	0.6628	-64.083
63254	68336	298	0.7015	-14.037
45403	78787	302	0.5603	-110.146
18057	45715	302	0.5991	-75.936
18057	78787	302	0.5281	-147.185
10527	18057	302	0.5901	-96.117
18057	45403	302	0.5465	-37.039
18057	75703	302	0.5825	-230.202
78787	95174	302	0.5394	-82.107
10527	45403	302	0.5233	-133.155
54744	55507	303	0.6149	-1.003
55418	62472	303	0.6198	-43.001
54744	62472	303	0.7062	-43.014
54744	64302	303	0.8742	0.001
55418	58101	303	0.5984	102.081
54959	62770	303	0.5113	88.074
54959	58915	303	0.6131	-42.061
54959	55418	303	0.6493	-0.064
54744	55418	303	0.7895	-0.013
54959	62472	303	0.5686	-43.065
58915	64302	303	0.8478	42.011
55418	64302	303	0.8067	0.014
57425	58915	303	0.8058	-41.998
55418	57425	303	0.7854	0.000
54744	58101	303	0.6063	102.068
54744	54959	303	0.6766	0.051
61906	62472	303	0.7715	-0.954
57425	64302	303	0.877	0.014
58915	67758	303	0.6746	60.024
54959	57425	303	0.6652	-0.064
55507	58915	303	0.5031	-41.007
54744	58915	303	0.8032	-42.011
61906	64302	303	0.8309	42.061
57425	58101	303	0.5949	102.081
54744	57425	303	0.8441	-0.013
61906	67758	303	0.5897	60.074
55507	58101	303	0.5221	103.071
54744	67758	303	0.5965	18.013
55507	57425	303	0.6053	0.991
58101	64302	303	0.5925	-102.067
64302	67758	303	0.6033	18.012
57425	62472	303	0.6947	-43.001
54744	61906	303	0.795	-42.060
58101	61906	303	0.5387	-144.129
55507	62472	303	0.5598	-42.011
54959	64302	303	0.6989	-0.050
58915	62472	303	0.7732	-1.003
57425	61906	303	0.7892	-42.048
55418	55507	303	0.6055	-0.991
55418	61906	303	0.7014	-42.048
62472	64302	303	0.7319	43.015
62472	67758	303	0.5365	61.027
54959	61906	303	0.6316	-42.111
55418	58915	303	0.7095	-41.998
55507	64302	303	0.6128	1.004
55507	61906	303	0.5015	-41.057
57425	62770	303	0.5155	88.138
58915	61906	303	0.8657	-0.050
51951	76977	305	0.8837	0.002
6719	22348	306	0.7841	-14.016
22348	28558	306	0.7954	-14.016
6719	16728	306	0.8491	0.000
59701	60076	307	0.5908	57.017
45147	47495	307	0.7212	1.001
47495	52599	307	0.7938	-14.014
48999	59701	307	0.619	-90.034
48999	52599	307	0.7688	-90.036
53944	59097	307	0.6315	-90.034
44228	52448	307	0.5953	-91.043
47495	59701	307	0.6771	-14.012
47495	48999	307	0.8179	76.022
48999	60076	307	0.7259	-33.018
44228	47495	307	0.7182	-76.021
48999	52189	307	0.6901	-0.033
48999	53944	307	0.7238	-1.009
52599	60076	307	0.598	57.018
44228	60076	307	0.7172	-33.016
43567	48999	307	0.6742	75.042
52599	59701	307	0.8318	0.001
39636	47495	307	0.6468	-0.003
45147	53944	307	0.725	76.013
45147	48999	307	0.5846	77.023
43567	47495	307	0.6386	-0.980
44228	52189	307	0.7039	-0.032
52599	54850	307	0.6014	-0.001
52448	53944	307	0.6382	90.035
44228	52599	307	0.6658	-90.034
45147	52448	307	0.6267	-14.021
52189	60076	307	0.6087	-32.984
52599	53944	307	0.5831	89.026
44228	48999	307	0.7646	0.001
47495	52189	307	0.6163	75.989
43567	44228	307	0.6062	75.041
47495	53944	307	0.6356	75.013
43567	52599	307	0.6405	-14.994
45147	59097	307	0.6248	-14.021
39636	39951	307	0.6938	0.006
42983	43200	308	0.7152	-325.141
8026	9387	308	0.7291	-26.018
5708	9387	308	0.733	-86.111
13223	27515	308	0.7208	-31.073
22422	27515	308	0.7128	-41.874
22422	100426	308	0.7577	-210.270
5708	84152	308	0.73	-219.242
22422	34942	308	0.7577	-162.034
14899	45460	308	0.7069	-109.695
34942	62511	308	0.7509	-35.938
45460	48495	308	0.7126	128.798
17852	19642	308	0.7117	-82.027
34942	45653	308	0.7011	-61.114
14899	102667	308	0.7586	-132.349
9387	102667	308	0.7317	-268.326
42983	79948	308	0.7122	-125.067
17852	44235	308	0.7661	102.011
45653	102667	308	0.7879	-109.173
13223	34942	308	0.7062	-151.234
9387	14899	308	0.7543	-135.977
15955	17852	308	0.7051	-82.084
45460	99815	308	0.7061	-116.681
8026	18205	308	0.7228	-38.874
22422	83809	308	0.779	-392.089
15288	32694	308	0.7205	-5.987
8798	22422	308	0.7118	172.996
37020	44235	308	0.7246	249.183
9106	84152	308	0.7206	-196.197
32694	37020	308	0.7172	-165.222
27515	32694	308	0.7178	-28.070
15363	45653	308	0.7857	-139.222
8798	79948	308	0.7245	-100.122
14006	14899	308	0.7312	-15.995
5708	102667	308	0.7342	-354.437
34942	102667	308	0.7155	-170.287
17186	99815	308	0.708	-264.609
22422	79164	308	0.7202	-164.078
26896	102667	308	0.7036	-228.496
27064	52390	312	0.5175	-5.134
52390	58445	312	0.7327	-14.020
10262	93950	314	0.5904	-226.578
54402	86451	314	0.6086	-219.511
86451	93950	314	0.5863	-138.149
5008	8622	315	0.6067	32.999
67896	69980	317	0.7425	-0.000
6919	7205	317	0.6089	-41.956
25670	27618	317	0.6396	-0.004
7205	69980	317	0.5816	-152.226
46393	49692	317	0.5917	143.137
6919	49664	317	0.5679	-146.144
6919	25670	317	0.6054	-221.149
49664	49692	317	0.6056	18.121
15775	16091	318	0.6162	-1.001
15775	15776	318	0.8274	-1.997
15765	16091	318	0.7264	1.999
15776	16091	318	0.5905	0.996
15765	15775	318	0.5998	2.999
15765	15776	318	0.6152	1.002
54440	89284	319	0.9261	-162.163
86804	95167	319	0.9355	-56.061
79308	89284	319	0.9228	-42.047
86804	89284	319	0.9332	-58.043
77210	89284	319	0.9352	-100.090
77210	86804	319	0.9219	-42.047
70381	89284	319	0.9392	-128.121
70381	77210	319	0.9396	-28.031
93175	95167	319	0.9442	-14.014
77210	95167	319	0.9366	-98.109
70381	103854	319	0.9264	-84.111
70381	86804	319	0.9317	-70.078
70381	79072	319	0.927	-84.057
70381	95167	319	0.935	-126.140
945	79740	320	0.6148	-36.649
945	35756	320	0.6082	278.775
62567	67721	322	0.5221	-1.014
64867	69604	322	0.5499	-2.016
35589	62567	322	0.527	-237.247
64867	67721	322	0.5293	12.000
62267	62567	322	0.5576	-69.062
5356	5391	324	0.8011	1.001
30431	69078	324	0.8381	-18.010
20913	88687	324	0.8628	0.000
64418	84920	324	0.8454	0.000
30431	63974	324	0.8404	-18.010
73331	84498	324	0.8465	-18.011
5391	63861	324	0.8588	4.031
5391	69365	324	0.8479	4.031
63974	84498	324	0.8485	0.000
51485	68318	324	0.8017	0.000
20913	30431	324	0.9783	-0.000
69365	92035	324	0.8369	0.000
20591	68318	324	0.8571	0.000
51485	64418	324	0.9207	0.000
68318	102604	324	0.7902	-0.086
64418	73367	324	0.8775	0.000
69365	84498	324	0.8501	-18.011
30431	69365	324	0.8959	0.000
69365	84499	324	0.974	-0.000
20913	69078	324	0.8784	-18.011
88687	92035	324	0.8614	0.000
20913	92035	324	0.8809	0.000
20591	51485	324	0.8898	0.000
63861	73331	324	0.9751	0.000
63974	69078	324	0.9317	0.000
102604	106252	324	0.8205	0.000
69078	84499	324	0.9287	18.011
63861	63974	324	0.9436	-18.011
68318	73367	324	0.9019	0.000
20913	84498	324	0.8011	-18.011
94152	106252	324	0.8393	0.000
73331	84499	324	0.9767	-0.000
69365	73331	324	0.9779	0.000
20913	73331	324	0.9459	0.000
20913	63861	324	0.9465	0.000
69078	84498	324	0.8458	0.000
51485	73367	324	0.7821	0.000
73367	94152	324	0.8162	-0.086
63974	73331	324	0.931	18.011
5391	73331	324	0.8495	4.031
84499	92035	324	0.865	0.000
94152	102604	324	0.9019	0.000
30431	84499	324	0.9118	0.000
30431	63861	324	0.9018	0.000
20913	84499	324	0.9577	0.000
30431	73331	324	0.9012	0.000
73367	102604	324	0.8401	-0.086
69078	69365	324	0.9322	18.011
5356	51485	324	0.8285	4.029
73331	92035	324	0.8511	0.000
30431	88687	324	0.8389	0.000
20913	63974	324	0.881	-18.011
20591	73367	324	0.8399	0.000
69078	73331	324	0.9284	18.011
20591	84920	324	0.7833	0.000
63861	84499	324	0.982	0.000
5356	84920	324	0.8163	4.029
84498	84499	324	0.8476	18.011
20913	69365	324	0.9405	0.000
30431	92035	324	0.8351	0.000
63861	92035	324	0.8392	0.000
51485	84920	324	0.9462	0.000
20591	64418	324	0.8881	0.000
63861	69078	324	0.9408	-18.011
5391	84499	324	0.8487	4.031
63974	84499	324	0.9308	18.011
63861	69365	324	0.9746	0.000
64418	68318	324	0.8832	0.000
63974	69365	324	0.935	18.011
63861	84498	324	0.8582	-18.011
30128	37302	328	0.7994	0.000
37302	45050	328	0.8116	0.000
27526	37302	328	0.7949	0.000
27526	30128	328	0.9964	0.000
64515	65917	331	0.7154	0.908
63255	64515	331	0.8657	0.079
61136	62918	331	0.8076	-0.058
63255	65917	331	0.6933	0.987
61136	65917	331	0.8315	-0.093
61136	64515	331	0.7046	-1.001
48864	50538	332	0.6918	-1.001
74283	84810	336	0.8238	194.025
56093	67859	336	0.8581	-192.024
84808	84832	336	0.9272	1.997
84810	84820	336	0.8434	-196.022
67419	84820	336	0.845	-1.995
22119	22291	336	0.8954	1.991
74281	84803	336	0.8192	196.022
77081	88833	336	0.8802	194.025
67419	84810	336	0.8137	194.026
67784	84801	336	0.751	-3.995
56111	74281	336	0.865	-196.021
56111	88833	336	0.8479	1.004
74280	84808	336	0.9018	-1.998
56111	56429	336	0.8593	1.002
56118	74281	336	0.8442	-194.021
26496	26497	336	0.7024	-1.991
84808	84820	336	0.8486	-0.993
56093	67419	336	0.8443	-194.022
80241	88833	336	0.8376	194.024
67419	84861	336	0.8812	0.001
56111	84808	336	0.899	-196.021
30762	31943	336	0.7619	-1.999
74281	84832	336	0.897	1.997
67419	74283	336	0.8724	0.002
56111	67784	336	0.7978	-194.023
67784	84803	336	0.8335	194.024
22291	22329	336	0.7574	-1.013
74314	84820	336	0.8242	-0.001
56118	84808	336	0.8872	-194.021
77081	84849	336	0.9281	0.001
18645	32007	336	0.6631	18.017
26497	32007	336	0.6331	17.991
18702	20040	336	0.6081	3.996
74283	84861	336	0.9314	-0.001
56429	77081	336	0.9035	-194.023
80165	84832	336	0.8121	1.016
56093	84820	336	0.8545	-196.017
67859	74283	336	0.8803	-1.997
18645	84803	336	0.7701	38.054
56118	67784	336	0.794	-192.023
74281	84808	336	0.8749	-0.000
84803	84808	336	0.8274	-196.022
56118	84832	336	0.8951	-192.024
56093	77081	336	0.8652	-192.024
22329	22330	336	0.7264	-1.988
67419	77081	336	0.8547	1.998
26495	26496	336	0.7064	-0.998
56429	74283	336	0.8861	-196.019
74280	84832	336	0.9042	-0.000
56093	84861	336	0.91	-194.021
84849	84861	336	0.9356	-1.998
56093	56118	336	0.8264	-1.003
80241	84849	336	0.8171	0.000
56429	67419	336	0.858	-196.021
22291	31943	336	0.7287	0.021
56093	88833	336	0.853	2.001
74283	88833	336	0.8573	196.021
74280	84803	336	0.8118	194.024
84810	84861	336	0.8552	-194.026
56111	84803	336	0.8425	0.001
56429	88833	336	0.8932	0.002
77081	80241	336	0.8325	0.001
20040	25971	336	0.6416	-1.983
56429	84861	336	0.9006	-196.020
67859	80241	336	0.8345	-0.000
67419	84849	336	0.8629	1.999
26495	30762	336	0.7418	16.011
56093	74283	336	0.8889	-194.020
56093	56429	336	0.8939	1.999
56111	84832	336	0.9064	-194.024
67784	74281	336	0.7944	-1.998
74280	80165	336	0.7903	-1.016
67859	84861	336	0.8928	-1.998
56429	67859	336	0.9058	-194.022
18702	19215	336	0.6003	1.980
25971	30762	336	0.7327	17.993
18645	19343	336	0.7329	-1.987
67419	67859	336	0.8578	1.998
22119	30762	336	0.7441	4.011
74280	74281	336	0.8862	-1.997
84861	88833	336	0.8705	196.022
67419	88833	336	0.8377	196.023
56429	84849	336	0.9145	-194.022
25971	31943	336	0.7524	15.994
84820	84832	336	0.8321	2.991
74283	77081	336	0.9108	1.996
56118	84803	336	0.8233	2.001
20040	26495	336	0.6551	-0.001
56093	84849	336	0.882	-192.023
56111	74280	336	0.8623	-194.023
84849	88833	336	0.8839	194.024
67859	84849	336	0.9013	0.000
26496	32007	336	0.6421	16.000
84803	84832	336	0.8295	-194.025
26495	31943	336	0.7496	14.012
22291	30762	336	0.7472	2.020
74283	84849	336	0.9097	1.997
56111	56118	336	0.8863	-2.000
67859	77081	336	0.8969	-0.001
25971	26495	336	0.8451	1.982
67859	88833	336	0.8884	194.024
56429	84810	336	0.8383	-1.994
74283	84820	336	0.8877	-1.997
56118	74280	336	0.8466	-192.024
84820	84849	336	0.8294	3.994
84820	84861	336	0.8928	1.996
77081	84861	336	0.9315	-1.997
18187	94181	339	0.6993	-201.265
55515	86493	339	0.6893	149.517
56785	87400	339	0.6962	-6.084
15359	18187	339	0.7218	80.966
55515	56444	339	0.7627	-43.018
26210	90623	339	0.6942	-134.276
16043	18187	339	0.8015	27.792
85497	86320	339	0.7477	69.039
86493	101014	339	0.6801	-178.280
16043	92267	339	0.769	-96.985
11365	16043	339	0.6839	13.217
11365	86698	339	0.6909	-212.191
9767	12025	339	0.7357	-61.932
24404	57021	339	0.6972	-281.586
56444	86320	339	0.7231	301.445
24404	55515	339	0.6879	-274.579
15359	16043	339	0.7454	53.175
11365	86320	339	0.6984	-111.184
11977	55467	339	0.6833	-322.699
11365	87483	339	0.7592	-212.249
9767	56785	339	0.7075	-284.249
11365	53286	339	0.731	-82.732
12025	24404	339	0.6851	-97.132
18187	32679	339	0.7148	-96.087
9767	26210	339	0.7028	-126.009
9767	11977	339	0.7137	-74.932
9767	109070	339	0.7027	-82.152
8208	90623	339	0.6922	-255.340
86320	86493	339	0.6984	-108.910
76633	80555	341	0.704	71.981
11288	22063	341	0.6872	-59.995
40500	48522	341	0.6974	54.032
18042	20416	341	0.7302	-171.948
22063	23532	341	0.6961	43.033
21771	65584	341	0.7276	2.006
21771	69690	341	0.6865	212.123
12918	14699	341	0.6889	-40.086
11288	39708	341	0.713	-38.027
20416	23532	341	0.7292	207.082
11288	23271	341	0.6882	5.102
35725	36999	341	0.6993	1.906
21771	55169	341	0.7335	-33.947
36999	65584	341	0.6814	-18.021
61531	80555	341	0.6846	-180.171
12918	23532	341	0.7385	-74.087
22063	67293	341	0.6973	-135.086
36999	61531	341	0.6917	-6.011
61531	69103	341	0.69	80.966
11288	18042	341	0.7902	-52.095
35725	61531	341	0.6895	-4.105
23532	67293	341	0.7378	-178.119
39708	42704	341	0.7051	11.968
28561	48522	341	0.687	-96.172
14699	76633	341	0.6803	-384.247
48522	61531	341	0.6963	5.989
29283	61531	341	0.7253	-136.016
20416	22063	341	0.6902	164.049
21771	23271	341	0.7164	134.173
61531	96452	341	0.7037	-206.183
32835	48522	341	0.6871	-100.052
20416	25735	341	0.6853	245.004
16255	65584	341	0.7045	-90.020
52675	69103	341	0.6833	48.940
61531	75751	341	0.6979	33.932
18042	22063	341	0.686	-7.900
23271	25735	341	0.7205	15.859
68892	90971	342	0.652	185.942
28205	32005	343	0.7028	11.997
18299	28205	343	0.7176	-106.044
20019	28842	343	0.6962	-106.038
11698	23919	343	0.7362	-212.086
11698	18299	343	0.7655	0.002
18299	24627	343	0.7001	-106.051
21439	28842	343	0.8192	0.000
27200	28842	343	0.7206	-229.111
23919	31768	343	0.702	0.006
10237	28278	343	0.7759	-94.049
28842	31768	343	0.6969	0.006
10237	15142	343	0.6827	-0.004
20019	21439	343	0.7949	-106.038
28278	31768	343	0.6947	-118.036
23919	28842	343	0.7907	0.000
11698	17314	343	0.8044	-106.048
17314	23919	343	0.7937	-106.038
24627	28205	343	0.7866	0.007
21439	23919	343	0.8264	-0.000
10237	17758	343	0.6806	-107.053
11698	17758	343	0.7862	-107.048
24627	31768	343	0.6915	-106.031
11698	28205	343	0.7015	-106.042
21439	27200	343	0.7419	229.111
17314	20019	343	0.8361	-0.000
17314	21439	343	0.7662	-106.038
21439	31768	343	0.7619	0.006
31768	31892	343	0.7135	-106.047
27032	31892	343	0.6874	-0.000
21439	27032	343	0.7051	-106.041
10237	11698	343	0.7228	-0.005
23919	28205	343	0.7571	106.045
27200	31768	343	0.6991	-229.105
20019	28205	343	0.7218	0.007
11698	20019	343	0.7337	-106.048
11698	24627	343	0.7571	-106.049
10237	27032	343	0.7066	-318.132
20019	24627	343	0.8185	-0.001
23919	24627	343	0.8506	106.037
27032	28278	343	0.7653	224.082
17314	28205	343	0.7575	0.006
23919	27200	343	0.7034	229.112
27032	31768	343	0.7749	106.047
17758	23919	343	0.7112	-105.038
17314	24627	343	0.854	-0.001
10237	21630	343	0.6819	-107.052
17758	18299	343	0.7016	107.050
17314	17758	343	0.726	-1.000
17758	21439	343	0.7276	-105.038
21439	24627	343	0.7951	106.037
20019	23919	343	0.7882	-106.038
10237	25213	343	0.6823	-107.052
21439	31892	343	0.6952	-106.041
24627	28842	343	0.7481	-106.037
71454	73078	346	0.6422	-84.095
65431	81695	348	0.5977	8.904
13684	17334	349	0.6156	-1.995
17334	19036	349	0.6649	-0.000
85991	104146	350	0.6501	-46.000
77598	82294	351	0.6515	-62.330
48723	82294	351	0.6921	-307.397
24873	97233	355	0.687	129.594
36923	97233	355	0.7117	62.830
36923	101705	355	0.7684	-104.190
26762	90806	355	0.6896	-239.273
22130	97233	355	0.7861	-97.264
97233	101705	355	0.6921	-167.020
26762	99087	355	0.6884	-220.333
23892	36923	355	0.7068	-249.246
97233	104516	355	0.692	-228.173
23611	36923	355	0.6991	-131.132
75077	97233	355	0.6927	-98.115
29524	97233	355	0.6924	-23.227
23611	90806	355	0.7036	-239.257
69217	90806	355	0.6812	-187.154
24155	104516	355	0.6913	-186.372
24904	27127	356	0.6384	1.003
24565	24904	356	0.5373	0.994
8539	17268	356	0.5803	31.992
17268	27127	356	0.5171	-57.959
17268	24904	356	0.623	-58.962
8539	8725	356	0.6188	1.006
8725	16813	356	0.6257	31.987
8725	33197	356	0.5966	-34.074
24565	27127	356	0.6222	1.997
16813	17268	356	0.7566	-1.002
8185	8539	356	0.627	0.019
16810	16813	356	0.7805	1.997
24069	27127	356	0.6003	0.120
16813	24904	356	0.5154	-59.964
7657	8725	356	0.6069	-15.991
24143	27127	356	0.5545	-32.024
16813	27127	356	0.5297	-58.961
8725	16810	356	0.5672	29.990
8725	17268	356	0.5686	30.986
16810	17268	356	0.6554	0.995
88777	101897	363	0.6855	4.617
101863	101897	363	0.7203	-1.000
30908	38583	363	0.7298	58.026
35401	101897	363	0.7325	-254.314
30908	101897	363	0.7001	-86.252
38583	101897	363	0.6987	-144.278
40822	107840	365	0.7156	-0.011
4552	6156	365	0.8775	-0.123
11780	88985	365	0.8121	-0.432
14162	27403	365	0.8802	-0.416
81825	84624	365	0.8899	-0.000
16153	37266	365	0.6244	-0.073
108931	109057	365	0.862	14.016
107821	107850	365	0.8973	-32.026
6156	108879	365	0.7835	0.087
27403	84624	365	0.9	-0.000
6156	108931	365	0.8181	0.051
301	18877	365	0.7505	-32.003
95462	107823	365	0.8993	0.098
58360	67446	365	0.8658	0.000
52748	107821	365	0.8728	0.000
63894	107850	365	0.7738	0.060
52713	105529	365	0.7479	0.000
17867	84624	365	0.8909	-0.397
55837	64388	365	0.8831	0.000
261	1201	365	0.8268	-18.007
15773	105186	365	0.9033	0.119
17688	107812	365	0.6184	-1.006
103511	107876	365	0.9627	-0.000
27403	78295	365	0.8971	-0.000
34340	108537	365	0.8845	-0.000
15773	101400	365	0.9016	0.021
39091	107876	365	0.9288	-0.036
30328	37266	365	0.6493	-0.188
4552	98616	365	0.8884	-0.555
58360	59958	365	0.8804	0.000
91680	93909	365	0.9051	-0.000
108774	108931	365	0.8155	-14.016
4552	108726	365	0.8711	0.998
44318	52468	365	0.8788	-0.379
95462	103511	365	0.9961	0.000
107829	109105	365	0.7841	-14.029
107774	108537	365	0.9754	-0.050
47047	59958	365	0.8384	-0.000
39091	108091	365	0.9262	0.000
52468	73070	365	0.8192	0.000
95462	101400	365	0.9963	0.000
4552	97326	365	0.8363	-0.555
14162	17867	365	0.8968	-0.020
44485	95462	365	0.8936	-14.036
88985	97326	365	0.9493	0.000
12618	27403	365	0.8569	-0.379
12618	81825	365	0.857	-0.379
398	108165	365	0.9765	-0.048
52748	107850	365	0.8205	-32.026
12618	14162	365	0.8865	0.037
12618	17867	365	0.8782	0.017
97326	98616	365	0.875	-0.000
105187	107821	365	0.8638	-0.000
47047	73070	365	0.8965	-0.000
95462	108091	365	0.9651	0.036
107829	109057	365	0.8601	-0.050
47047	55837	365	0.8521	-0.000
101400	107823	365	0.9013	0.098
101400	107876	365	0.9647	-0.000
58360	73070	365	0.8643	0.000
11780	97326	365	0.842	-0.432
44485	103511	365	0.8984	-14.036
9923	98616	365	0.8278	-0.416
31455	108815	365	0.6635	0.011
101400	105186	365	0.9986	0.098
97677	107823	365	0.9008	0.098
105187	107850	365	0.7683	-32.026
14162	78295	365	0.915	-0.416
62336	107823	365	0.9112	0.061
105186	107876	365	0.964	-0.098
58360	78295	365	0.9181	0.000
95462	107876	365	0.9616	-0.000
97677	103511	365	0.9981	0.000
52716	107876	365	0.9451	-0.098
52713	106911	365	0.7949	0.000
18877	107821	365	0.7751	32.008
103511	108091	365	0.9652	0.036
64388	69963	365	0.8169	-0.000
11780	87672	365	0.8651	-0.432
52716	105186	365	0.8943	0.000
41970	47047	365	0.8186	0.000
788	108537	365	0.8615	-14.064
15773	105900	365	0.8993	0.021
14162	84624	365	0.8892	-0.416
34340	84624	365	0.9856	-0.484
210	39091	365	0.8667	-0.000
47047	67446	365	0.8447	-0.000
105529	107840	365	0.8201	-32.026
40822	106911	365	0.7079	32.015
103511	105900	365	0.9964	-0.000
52716	62336	365	0.9235	-0.061
105187	106911	365	0.8286	-1.999
108879	109057	365	0.8753	13.979
88985	96215	365	0.8678	0.000
398	108815	365	0.9033	-0.048
11780	91680	365	0.8688	-0.432
44318	47047	365	0.8163	-0.379
34340	55837	365	0.8634	-0.484
63894	107821	365	0.7736	32.087
108931	109105	365	0.9708	0.036
44485	101400	365	0.9023	-14.036
18877	52748	365	0.7236	32.008
11780	93909	365	0.8546	-0.432
31455	108775	365	0.7024	0.074
41970	73070	365	0.8379	0.000
6156	109105	365	0.7859	0.087
98616	108879	365	0.8405	0.520
16153	18920	365	0.6311	0.000
62336	108775	365	0.8083	0.074
47047	64388	365	0.876	-0.000
91680	98616	365	0.8939	-0.000
52713	52748	365	0.745	1.999
14162	97326	365	0.9313	-0.416
41970	59958	365	0.8511	0.000
58360	74561	365	0.8467	0.000
18877	107850	365	0.7842	-0.019
47047	74561	365	0.8274	-0.000
88985	91680	365	0.8649	0.000
87672	93909	365	0.8944	0.000
105187	107812	365	0.7947	-1.001
301	105187	365	0.8266	0.005
15773	97677	365	0.9012	0.021
101400	103511	365	0.9975	0.000
52713	105187	365	0.7069	1.999
107829	108879	365	0.7864	-14.029
105187	105529	365	0.7785	-1.999
54148	107774	365	0.8429	0.050
17867	34340	365	0.8798	0.087
261	106911	365	0.7098	0.000
55837	67446	365	0.8693	0.000
59958	73070	365	0.8944	0.000
301	63894	365	0.7513	-32.082
108165	108815	365	0.9135	-0.000
55837	73070	365	0.8692	0.000
398	105187	365	0.8199	-1.995
398	108775	365	0.9181	0.014
103511	105186	365	0.9982	0.098
27403	81825	365	0.8833	-0.000
301	105529	365	0.8748	-1.994
59958	78295	365	0.9046	-0.000
14162	93909	365	0.8916	-0.416
1951	63894	365	0.6069	-14.080
14162	34340	365	0.8754	0.067
12618	91680	365	0.8412	-0.379
98616	108931	365	0.8966	0.483
17867	27403	365	0.8813	-0.397
18920	37266	365	0.6852	-0.073
106911	107840	365	0.8941	-32.026
15773	95462	365	0.9016	0.021
52468	67446	365	0.8072	-0.000
6156	9923	365	0.7952	-0.016
301	107812	365	0.8911	-0.996
4552	108931	365	0.8627	-0.072
55837	59958	365	0.8826	0.000
98616	109105	365	0.8414	0.520
52748	63894	365	0.7225	-32.087
103511	107823	365	0.8993	0.098
97677	105900	365	0.9983	-0.000
301	106911	365	0.9285	-1.994
55837	78295	365	0.9206	0.000
301	52748	365	0.8672	0.005
97677	108091	365	0.9657	0.036
14162	88985	365	0.891	-0.416
52748	105187	365	0.7732	0.000
44318	59958	365	0.8478	-0.379
1951	18877	365	0.6127	-14.001
105900	107876	365	0.9631	0.000
67446	74561	365	0.8865	0.000
107774	107840	365	0.882	-3.996
108165	108775	365	0.9218	0.062
31499	69963	365	0.8077	-0.000
41970	78295	365	0.894	0.000
14162	81825	365	0.9178	-0.416
47047	58360	365	0.8473	-0.000
95462	97677	365	0.9972	0.000
34340	58360	365	0.8675	-0.484
108774	109105	365	0.781	-13.979
788	54148	365	0.8634	-14.064
52748	106911	365	0.8751	-1.999
59958	67446	365	0.8502	-0.000
301	107821	365	0.9263	0.005
105529	107812	365	0.8426	0.998
44485	97677	365	0.9008	-14.036
105186	107823	365	0.9016	-0.000
301	107850	365	0.8549	-32.021
788	69963	365	0.8816	-14.547
108706	108931	365	0.8535	-1.995
107876	108091	365	0.9953	0.036
97677	105186	365	0.9995	0.098
52713	107840	365	0.7331	-32.026
17867	96215	365	0.8511	-0.397
31653	73070	365	0.839	-0.395
91680	97326	365	0.8853	0.000
15773	103511	365	0.9007	0.021
44485	105900	365	0.8975	-14.036
52713	107821	365	0.7954	1.999
106911	107812	365	0.9203	0.998
63894	105187	365	0.6762	32.087
4552	9923	365	0.8271	-0.139
108774	109057	365	0.8634	0.000
58360	84624	365	0.8642	-0.000
18877	63894	365	0.6924	-0.079
107812	107821	365	0.918	1.001
18877	105187	365	0.6762	32.008
39091	62336	365	0.9305	0.000
34340	81825	365	0.8825	-0.484
41970	67446	365	0.8321	0.000
87672	88985	365	0.8589	0.000
78295	81825	365	0.9308	0.000
12618	96215	365	0.8396	-0.379
107774	107850	365	0.8964	-1.997
101400	108091	365	0.9645	0.036
41970	55837	365	0.901	0.000
93909	97326	365	0.9561	0.000
12618	93909	365	0.8595	-0.379
84624	107774	365	0.8852	0.533
31499	54148	365	0.7719	0.483
39370	41970	365	0.8761	-0.000
40822	105529	365	0.6532	32.015
108775	108815	365	0.9922	-0.062
52748	105529	365	0.8206	-1.999
87672	97326	365	0.8789	0.000
17867	81825	365	0.877	-0.397
93909	96215	365	0.9091	0.000
78295	84624	365	0.9522	-0.000
18877	40822	365	0.6384	-2.006
17867	91680	365	0.8998	-0.397
67446	73070	365	0.8296	0.000
30114	30328	365	0.8912	0.151
34340	107774	365	0.8826	0.049
4552	93909	365	0.8224	-0.555
93909	98616	365	0.9342	-0.000
109057	109105	365	0.8657	-13.979
105900	108091	365	0.9641	0.036
52713	107812	365	0.7629	0.998
105529	107821	365	0.8765	1.999
95462	105900	365	0.9956	-0.000
97677	101400	365	0.9996	0.000
17688	107850	365	0.641	-32.031
95462	105186	365	0.9978	0.098
39091	52716	365	0.9225	0.061
4552	108879	365	0.8268	-0.036
91680	96215	365	0.8705	0.000
96215	97326	365	0.8556	0.000
52716	108091	365	0.9468	-0.061
17867	87672	365	0.8443	-0.397
52748	107812	365	0.8386	-1.001
31455	62336	365	0.8998	-0.000
69963	107774	365	0.9059	0.533
301	52713	365	0.7945	-1.994
88985	93909	365	0.9269	-0.000
106911	107821	365	0.96	1.999
81825	97326	365	0.831	0.000
107823	107876	365	0.952	-0.098
108879	109105	365	0.9894	0.000
88985	98616	365	0.8579	-0.000
788	31499	365	0.8333	-14.547
96215	98616	365	0.9067	-0.000
96215	108931	365	0.8073	0.483
105186	105900	365	0.9977	-0.098
107840	107850	365	0.9834	1.999
97677	107876	365	0.9645	-0.000
1951	107850	365	0.6831	-14.020
78295	107774	365	0.8897	0.533
87672	91680	365	0.909	0.000
39091	107823	365	0.9225	0.061
107829	108774	365	0.9592	-0.050
101400	105900	365	0.998	-0.000
52716	107823	365	0.9956	-0.000
41970	58360	365	0.8988	0.000
55837	58360	365	0.9283	0.000
105186	108091	365	0.9671	-0.061
788	64388	365	0.8387	-14.547
64388	74561	365	0.8263	0.000
64388	73070	365	0.8225	0.000
84624	108537	365	0.8876	0.483
37266	63894	365	0.6912	0.112
44318	64388	365	0.8175	-0.379
107823	108091	365	0.9489	-0.061
108879	108931	365	0.978	-0.036
105529	106911	365	0.8788	-0.000
398	31455	365	0.6926	-0.060
6156	108774	365	0.7846	14.066
34340	78295	365	0.9445	-0.484
788	44318	365	0.8108	-14.168
788	107774	365	0.8762	-14.014
12618	84624	365	0.8686	-0.379
69963	108537	365	0.8989	0.483
4552	109105	365	0.8284	-0.036
18858	40822	365	0.6762	-0.006
27403	108537	365	0.8258	0.483
27403	34340	365	0.8938	0.484
108774	108879	365	0.7886	-13.979
79690	82804	368	0.8882	-2.014
65360	84545	369	0.6199	-67.298
61854	84545	369	0.6067	-152.298
7044	9907	372	0.6502	-28.031
6177	7044	372	0.7675	-0.000
9907	11866	372	0.8869	0.000
7044	11866	372	0.6439	-28.031
6177	11866	372	0.6913	-28.031
6177	9907	372	0.7366	-28.031
12326	13617	376	0.5075	-55.991
13617	50620	376	0.5412	-51.997
13617	61413	376	0.5181	-20.005
7838	12326	376	0.6637	-0.001
18053	25318	378	0.7168	-115.085
22765	44556	378	0.7918	50.016
22765	23212	378	0.6593	7.095
18485	22765	378	0.7358	-53.126
18485	22394	378	0.7022	-65.087
18246	22765	378	0.699	83.947
18246	23266	378	0.6545	69.059
23212	24206	378	0.6704	-167.109
20322	22765	378	0.7205	195.985
17318	23266	378	0.6891	-81.067
22765	94035	378	0.6736	-173.185
20322	23266	378	0.6879	181.098
22765	23266	378	0.753	-14.888
22394	44556	378	0.6503	61.978
18080	25318	378	0.7202	-137.067
18485	44556	378	0.6687	-3.109
22394	22765	378	0.7344	11.962
18053	18080	378	0.7197	21.983
17318	94035	378	0.7266	-239.364
17318	22765	378	0.7076	-66.179
23266	44556	378	0.6739	64.904
18080	22765	378	0.6855	-111.089
44556	94035	378	0.6809	-223.202
69451	79376	379	0.9488	-30.047
81255	89573	379	0.9244	-39.055
74980	85016	379	0.9264	48.022
89920	91613	379	0.9209	106.063
82655	85016	379	0.9445	31.931
76067	90766	379	0.9428	-98.075
89861	90766	379	0.9341	1.003
77882	82448	379	0.9237	-27.047
70093	87849	379	0.9646	-28.031
87052	94730	379	0.9352	-27.029
80788	85185	379	0.962	-30.047
66537	70093	379	0.9374	0.000
79376	83920	379	0.9321	32.063
87781	91024	379	0.9397	-1.003
82618	89573	379	0.9258	-41.072
80680	83920	379	0.9268	114.009
88495	88878	379	0.9699	28.031
87052	94526	379	0.9289	-9.055
86202	98248	379	0.9419	-140.157
85185	90766	379	0.9615	-56.026
76067	91024	379	0.9467	-113.094
66537	82655	379	0.9288	-57.982
88878	98248	379	0.951	-156.152
77882	82500	379	0.94	-144.932
66537	79330	379	0.9447	-58.041
90766	94526	379	0.9691	3.959
69451	77384	379	0.9431	60.058
81255	84082	379	0.9587	-14.016
66827	77266	379	0.922	58.894
80896	83711	379	0.9579	28.031
79376	90766	379	0.9568	-84.058
77384	85820	379	0.9453	-159.129
82655	83920	379	0.9349	43.967
94526	99670	379	0.9331	-88.053
84082	87420	379	0.9366	-40.031
84082	86202	379	0.956	14.016
75600	89573	379	0.9255	-25.008
87420	89573	379	0.9358	14.991
63349	70093	379	0.9373	-0.000
87052	91024	379	0.9446	-28.033
91024	92360	379	0.9339	-13.012
89861	91024	379	0.9617	-14.016
56669	87849	379	0.9438	-56.063
82500	87497	379	0.9219	91.971
76067	83711	379	0.9667	-56.028
82548	89920	379	0.9454	-106.063
79376	94730	379	0.9412	-98.073
82548	87420	379	0.939	-132.078
79376	83711	379	0.936	-42.011
76067	85185	379	0.9701	-42.048
67411	87420	379	0.9362	-110.109
77384	97996	379	0.9442	-310.249
44104	80680	379	0.9324	-156.055
83711	85185	379	0.9807	13.979
44104	85016	379	0.936	-54.083
85185	94526	379	0.9498	-52.068
87052	94736	379	0.9302	-56.064
89861	94730	379	0.9354	-13.013
82500	90766	379	0.9409	88.869
83711	95672	379	0.9518	-112.125
83711	89382	379	0.9518	-69.094
77384	82548	379	0.9522	-84.094
80896	98248	379	0.9517	-142.136
76634	85185	379	0.9494	92.062
79330	82548	379	0.9385	17.973
80788	82757	379	0.9486	-84.056
81255	86202	379	0.9403	-0.000
82448	94526	379	0.9461	-25.057
88495	90096	379	0.9337	58.042
69451	85016	379	0.932	-10.020
80896	88495	379	0.9621	-14.016
80896	95672	379	0.9353	-84.094
87420	91237	379	0.9372	-28.031
76614	90501	379	0.9251	-84.094
88163	91939	379	0.9316	27.903
69451	90096	379	0.9409	-56.063
67411	89920	379	0.9288	-84.094
85185	94730	379	0.9597	-70.042
82500	88163	379	0.9352	89.973
76634	80788	379	0.9565	122.109
87781	89861	379	0.9304	13.013
44104	66537	379	0.966	-28.031
66537	69451	379	0.9419	-16.031
90096	91939	379	0.9389	-29.034
75600	97996	379	0.9317	-134.077
82448	90766	379	0.9556	-29.015
94526	94730	379	0.9531	-17.974
61808	77266	379	0.9209	-83.110
76634	88495	379	0.9529	36.035
80788	82548	379	0.9603	3.995
76067	80896	379	0.9433	-84.059
83711	87781	379	0.9517	-56.063
87781	88495	379	0.9514	14.016
80896	91024	379	0.9452	-29.035
82618	84082	379	0.9333	-16.032
89573	89920	379	0.9222	11.024
80788	87420	379	0.9552	-128.083
84082	88102	379	0.9289	-24.035
75600	81255	379	0.9432	14.047
83711	88495	379	0.9352	-42.047
80788	89920	379	0.9446	-102.068
85016	91939	379	0.9319	-75.077
69451	87497	379	0.9311	-111.003
90766	94730	379	0.9563	-14.016
82548	87764	379	0.9467	-28.031
87052	90766	379	0.945	-13.014
82655	92072	379	0.9288	-84.152
87781	88878	379	0.9515	42.047
77882	94526	379	0.9392	-52.104
79563	84082	379	0.9227	40.939
69451	82655	379	0.9481	-41.951
76634	88878	379	0.9554	64.067
89382	95672	379	0.93	-43.031
79330	82500	379	0.9349	-160.964
74980	87497	379	0.9313	-52.961
80680	85016	379	0.9398	101.973
75600	86202	379	0.9417	14.047
87781	90096	379	0.9348	72.058
79376	85185	379	0.9648	-28.031
63349	77266	379	0.9222	-55.079
82548	97996	379	0.9383	-226.155
79376	82500	379	0.9545	-172.926
69451	82548	379	0.9327	-24.036
82548	90096	379	0.9348	-32.026
91613	97996	379	0.9233	-226.155
88878	92360	379	0.9309	-56.063
77384	91613	379	0.9453	-84.094
89861	92360	379	0.924	-27.028
85185	91939	379	0.9485	-27.019
76067	90096	379	0.9585	-40.033
82448	90501	379	0.9218	4.990
79376	82448	379	0.9291	-55.042
82548	91613	379	0.962	0.000
85185	87781	379	0.9485	-70.042
84082	97996	379	0.9234	-134.108
80896	89382	379	0.9329	-41.063
76634	89861	379	0.9335	35.032
79563	86202	379	0.9532	54.954
79330	83920	379	0.9468	44.025
76067	76634	379	0.9388	-134.110
76067	92331	379	0.9427	-97.099
87781	92360	379	0.9426	-14.016
87909	88102	379	0.9257	-13.012
87909	89920	379	0.9318	-2.993
76067	87781	379	0.9383	-112.090
80680	82655	379	0.9251	70.042
90766	91939	379	0.9383	29.008
79563	82618	379	0.9254	56.971
76067	80788	379	0.9481	-12.001
67411	75600	379	0.9511	-70.110
80680	84702	379	0.938	-45.949
66537	83920	379	0.9563	-14.016
87764	90096	379	0.9369	-3.995
67411	81255	379	0.9698	-56.063
79330	85016	379	0.9627	31.990
88102	94915	379	0.9247	9.983
83711	91024	379	0.946	-57.066
76634	86202	379	0.938	48.072
76634	83711	379	0.9389	78.082
82618	88102	379	0.9228	-40.068
77882	79376	379	0.9614	27.995
44104	79330	379	0.931	-86.072
70093	77266	379	0.9317	-55.079
80788	86202	379	0.9609	-74.037
82757	89861	379	0.9218	-3.020
66537	85016	379	0.9419	-26.052
87420	88102	379	0.9344	15.995
82500	94526	379	0.9457	92.827
83711	88878	379	0.9352	-14.016
87764	91613	379	0.9386	28.031
83920	85016	379	0.9536	-12.036
77384	82655	379	0.9325	-102.008
79330	80680	379	0.9336	-69.983
79330	82655	379	0.9574	0.059
66537	77384	379	0.9267	44.026
79376	94526	379	0.9565	-80.099
67411	86202	379	0.9395	-56.063
67411	88102	379	0.9274	-94.114
56669	70093	379	0.9676	-28.031
80896	85185	379	0.9547	42.011
57523	85820	379	0.9268	-81.098
75600	84082	379	0.9557	0.031
76634	80896	379	0.9485	50.051
87052	88163	379	0.9295	-11.909
91939	94730	379	0.9442	-43.023
76634	98248	379	0.9405	-92.085
91939	94526	379	0.9338	-25.049
91024	95672	379	0.9374	-55.059
69451	79330	379	0.9401	-42.010
56669	66537	379	0.9418	-28.031
69451	74980	379	0.9487	-58.042
75600	89920	379	0.9475	-13.984
75600	80788	379	0.955	88.084
79330	84702	379	0.9324	-115.933
80788	90096	379	0.9679	-28.031
82757	86202	379	0.9415	10.020
67411	84082	379	0.9584	-70.078
90096	92331	379	0.9459	-57.066
75600	87420	379	0.9443	-39.999
82757	87420	379	0.9503	-44.027
56669	71940	379	0.9264	-46.042
61808	70093	379	0.9292	-28.031
86202	87420	379	0.9622	-54.046
88495	98248	379	0.9466	-128.120
5416	19336	380	0.5846	-75.002
19336	85558	380	0.6667	-229.266
57601	85558	380	0.6999	-24.214
36253	79322	381	0.7257	-128.180
30934	41644	381	0.6451	218.874
1375	87757	381	0.7077	-81.567
69485	75878	381	0.6504	13.884
63132	87757	381	0.731	144.068
30934	67034	381	0.6812	268.880
35630	75878	381	0.7337	110.841
35630	46472	381	0.6777	352.080
1375	40153	381	0.7684	95.660
35630	94587	381	0.7014	73.786
81215	94587	381	0.7095	56.966
1327	1375	381	0.6818	15.975
30934	94587	381	0.7182	-3.392
28085	40153	381	0.7517	52.013
22246	87757	381	0.6971	-216.380
30934	40153	381	0.7652	190.906
32920	41737	381	0.646	416.241
29948	87757	381	0.6884	197.891
62614	94587	381	0.7167	-83.515
34502	94587	381	0.7759	-300.303
13871	28965	381	0.6445	94.084
66027	87757	381	0.7076	-67.230
13871	80830	381	0.7083	-263.115
80830	85139	381	0.7035	22.890
35630	79322	381	0.6755	-129.171
34502	95585	381	0.6464	-419.141
63132	94587	381	0.7274	126.997
41016	46472	381	0.6502	-89.130
34502	75878	381	0.7153	-263.248
29948	40153	381	0.7137	375.118
26098	41737	381	0.7001	307.177
28085	46472	381	0.671	136.009
28085	51199	381	0.6505	3.142
36128	51199	381	0.6606	199.115
36128	54666	381	0.6409	264.984
32920	46472	381	0.6505	469.115
1375	75878	381	0.6712	-61.583
66027	94587	381	0.7146	-84.301
22246	75878	381	0.6632	-196.396
32920	87757	381	0.6855	207.891
30933	40153	381	0.707	168.926
22246	46472	381	0.6769	44.843
31144	40153	381	0.6994	151.968
28085	75878	381	0.6576	-105.230
63132	69092	381	0.649	380.209
66027	75878	381	0.6675	-47.246
68766	75878	381	0.669	42.849
22246	94587	381	0.7066	-233.451
63132	75878	381	0.6662	164.052
38695	97746	381	0.661	-312.303
34502	41644	381	0.6856	-78.037
34502	87757	381	0.776	-283.233
30934	87757	381	0.7277	13.678
34502	97746	381	0.6544	-415.326
85139	88087	381	0.6653	-5.895
34502	40153	381	0.8297	-106.005
34502	46472	381	0.7476	-22.009
29948	46472	381	0.6539	459.114
1375	46472	381	0.6866	179.656
34502	63132	381	0.6455	-427.301
22246	26576	381	0.6566	55.853
34238	86019	381	0.6671	-270.308
22246	40153	381	0.7582	-39.153
30934	46472	381	0.6957	274.902
35630	87757	381	0.7064	90.857
31144	43524	381	0.6436	-59.999
26576	85139	381	0.6425	-356.291
22246	88775	381	0.6477	-248.124
34238	83338	381	0.6748	-233.280
13871	88852	381	0.651	-159.217
28085	43873	381	0.6859	92.972
32920	40153	381	0.7092	385.119
92703	97746	381	0.644	-31.560
81215	87757	381	0.7293	74.036
1375	94587	381	0.7163	-98.638
13871	85139	381	0.7439	-240.225
35630	40153	381	0.7485	268.084
75718	94587	381	0.733	-61.134
86019	92703	381	0.6543	25.551
14834	30933	381	0.6781	-302.022
20266	46472	381	0.7284	-25.027
30934	75878	381	0.6504	33.663
16407	93306	382	0.5705	-175.284
16407	19156	382	0.5534	157.023
76676	87547	383	0.9107	-57.241
76326	76676	383	0.8886	56.238
76676	89218	383	0.9005	-394.576
89205	89218	383	0.8979	-1.003
76326	87547	383	0.8869	-1.003
89218	89235	383	0.9218	-1.003
1276	20124	384	0.7726	433.563
50872	63274	384	0.6871	-199.193
20927	79262	384	0.688	-366.375
1276	21653	384	0.7187	321.512
20124	29836	384	0.7432	-361.995
102501	103248	384	0.7099	128.250
20927	66075	384	0.7227	-64.230
21653	63274	384	0.7265	-201.151
20124	21653	384	0.6931	-112.051
21653	79262	384	0.7029	-382.208
63274	102501	384	0.7161	-75.130
20124	63274	384	0.7641	-313.202
19087	75571	384	0.6936	-181.222
1276	63274	384	0.7212	120.361
11891	20124	384	0.6981	76.993
63274	73084	384	0.7189	-112.001
19087	102501	384	0.7008	-304.312
19087	63274	384	0.7194	-229.181
29836	63274	384	0.7098	48.793
20124	73084	384	0.7742	-425.203
63274	103248	384	0.7018	53.120
1276	73084	384	0.7259	8.360
69153	72206	387	0.8641	-16.011
70268	72206	387	0.951	-1.985
70165	72206	387	0.8884	-0.986
70165	70268	387	0.8875	0.999
96292	96324	394	0.9264	0.998
91938	98331	394	0.8924	-255.114
83818	83856	394	0.7627	1.000
91944	94927	394	0.9168	-16.032
98326	98346	394	0.8623	0.998
93226	93373	394	0.8758	-222.057
91681	94321	394	0.898	0.000
100472	100674	394	0.8053	-25.524
95008	98326	394	0.8794	-239.084
91902	91906	394	0.8192	35.055
91944	98326	394	0.8248	-256.113
10135	83624	394	0.7527	-56.007
85768	93226	394	0.8444	74.019
83624	84903	394	0.8077	-406.132
91909	94927	394	0.9628	17.027
67954	100674	394	0.8076	0.001
96292	96296	394	0.8844	-1.000
94344	98346	394	0.8614	-148.038
94321	102638	394	0.8183	0.001
100472	102485	394	0.7869	-37.010
91899	91902	394	0.8567	-0.997
96290	98331	394	0.886	-74.019
80503	84903	394	0.7497	-14.016
91681	93226	394	0.8369	-134.022
85768	94304	394	0.8438	74.019
91231	98331	394	0.9091	-239.083
88321	96296	394	0.8348	-241.081
94357	96296	394	0.8307	-73.022
91938	94397	394	0.8464	-74.019
94496	96290	394	0.8747	-148.038
91938	94927	394	0.8653	-17.032
85768	94298	394	0.8251	-0.000
94357	96304	394	0.7677	-74.020
94304	94321	394	0.8555	134.022
91899	91929	394	0.8993	17.027
92015	98383	394	0.8551	-16.032
10149	97517	394	0.8424	-74.018
72860	91900	394	0.8033	0.000
88683	96304	394	0.7535	-241.082
91231	96290	394	0.8748	-165.064
91909	91944	394	0.9026	33.058
91894	91899	394	0.8438	-1.000
83624	91900	394	0.7453	-135.022
91899	98340	394	0.8035	-222.057
91681	92015	394	0.8228	-117.991
96292	96715	394	0.8423	92.043
97517	101061	394	0.8436	0.001
91894	95008	394	0.9477	17.027
95008	98340	394	0.8319	-240.084
96388	98382	394	0.8064	222.057
94344	96715	394	0.9101	17.026
91894	98326	394	0.873	-222.057
96290	96292	394	0.8439	-1.998
91938	92343	394	0.866	-107.077
91909	94344	394	0.8613	-74.019
92343	94496	394	0.8768	74.019
96292	98326	394	0.8471	-74.019
100565	102638	394	0.7721	134.024
94357	96292	394	0.8655	-72.022
94331	96715	394	0.8524	18.024
93226	97517	394	0.8939	134.022
10149	94321	394	0.8602	-74.018
10149	91681	394	0.7918	-74.018
93373	96715	394	0.8438	-1.001
98334	102365	394	0.7527	-63.034
92015	93226	394	0.8494	-16.031
94321	98383	394	0.8081	-134.023
78249	94298	394	0.7784	-0.001
96296	98346	394	0.8351	-72.021
91894	94927	394	0.8422	18.024
88321	94927	394	0.8429	-74.019
91894	91929	394	0.8517	16.027
102365	102449	394	0.7408	-11.984
94397	96715	394	0.8755	-17.032
101061	102638	394	0.7496	0.000
96324	98346	394	0.8629	-74.019
94357	94378	394	0.8469	19.024
94331	94337	394	0.9292	-1.000
93373	94397	394	0.9349	16.031
85768	91231	394	0.8501	-74.019
91909	91938	394	0.8358	34.058
96296	98326	394	0.8703	-73.019
94331	94378	394	0.8428	17.026
92343	93373	394	0.9305	17.026
91929	91944	394	0.8144	18.029
98382	100674	394	0.8186	0.000
92343	96290	394	0.9144	-74.019
91681	97517	394	0.9092	0.000
91929	96296	394	0.8107	-165.065
92015	101061	394	0.7881	117.992
92343	94344	394	0.8879	-1.001
91894	94337	394	0.8231	-75.019
91909	98346	394	0.8738	-222.056
83624	100565	394	0.7441	-134.023
94397	96324	394	0.8647	-108.077
94331	94344	394	0.9191	0.997
94331	94357	394	0.8538	-1.997
98334	100472	394	0.7553	-37.510
94337	94357	394	0.8475	-0.997
93373	98331	394	0.8604	-165.064
91899	95008	394	0.8623	18.027
79629	83856	394	0.7629	-74.019
91346	91944	394	0.8145	33.341
91929	94337	394	0.8267	-91.046
91902	91929	394	0.8415	18.024
80490	80503	394	0.7483	0.997
97517	102638	394	0.8106	0.001
10135	10149	394	0.7671	18.011
91681	101061	394	0.851	0.001
91938	96290	394	0.8515	-181.095
91938	95008	394	0.8292	-18.029
91894	94496	394	0.8304	1.997
94337	94344	394	0.874	1.997
98334	102485	394	0.8018	-74.520
96324	98331	394	0.8612	-73.018
91231	94496	394	0.9732	-17.027
94304	98383	394	0.874	-0.000
93373	94304	394	0.8257	222.057
91900	100565	394	0.7421	0.999
91681	102638	394	0.8276	0.001
94321	101061	394	0.8123	0.001
88321	88683	394	0.806	-0.997
95008	96292	394	0.8685	-165.065
100674	102485	394	0.8525	-11.486
85768	96388	394	0.819	-222.057
91894	91909	394	0.9193	0.997
94378	96304	394	0.7988	-93.043
92015	97517	394	0.8314	117.991
91909	94496	394	0.8693	1.000
94331	96292	394	0.9125	-74.019
94304	94397	394	0.8758	-206.025
10149	91940	394	0.886	0.000
94344	96290	394	0.8779	-73.018
85768	98382	394	0.8447	0.000
94337	96296	394	0.8763	-74.019
94331	96324	394	0.8832	-73.022
30545	97517	394	0.8208	0.001
91938	91944	394	0.8377	-1.000
91231	94927	394	0.8707	-1.000
91894	94331	394	0.8533	-74.019
94344	96292	394	0.8603	-75.016
94927	95008	394	0.9133	-0.997
94397	98331	394	0.8448	-181.095
100674	102365	394	0.7995	-0.000
91938	94496	394	0.9465	-33.058
88321	100674	394	0.8368	1.000
92343	93226	394	0.8487	239.083
98383	102485	394	0.7888	-85.505
98326	98331	394	0.8425	1.998
94397	96290	394	0.9041	-107.077
91231	91909	394	0.8493	-18.027
91681	94304	394	0.8321	-134.022
84903	101061	394	0.7509	406.133
93226	94304	394	0.9327	0.000
94344	94397	394	0.871	34.058
94927	98346	394	0.88	-239.083
94337	96324	394	0.8847	-72.021
80503	83856	394	0.7772	-73.018
76933	79629	394	0.7487	-74.019
94344	96324	394	0.9233	-74.019
102365	102485	394	0.8074	-11.486
83624	102443	394	0.7724	-134.023
91929	95008	394	0.8511	1.000
101061	104752	394	0.7489	0.002
91231	92343	394	0.8676	-91.045
93226	94397	394	0.8927	-206.025
94337	96715	394	0.8459	19.024
92343	98331	394	0.8826	-148.038
94337	96292	394	0.9241	-73.019
76933	83856	394	0.7773	-148.038
83624	83818	394	0.7462	-466.135
92343	96324	394	0.8757	-75.019
83818	84903	394	0.7457	60.003
91944	98346	394	0.8598	-255.115
94331	96296	394	0.8774	-75.019
94304	97517	394	0.88	134.022
76933	83818	394	0.7608	-149.038
94378	96715	394	0.8497	0.997
91231	93373	394	0.8441	-74.019
96358	96388	394	0.8152	1.000
98331	98346	394	0.8523	-1.001
91681	98383	394	0.8193	-134.023
93373	96290	394	0.905	-91.045
94321	97517	394	0.9263	0.000
96324	96715	394	0.876	91.045
96388	100674	394	0.802	222.057
94496	98331	394	0.9067	-222.056
93226	98383	394	0.8532	-0.000
96290	96324	394	0.8956	-1.001
91944	95008	394	0.8448	-17.029
93226	94321	394	0.8969	134.022
92015	94304	394	0.8667	-16.031
91231	91938	394	0.9481	16.031
92343	94397	394	0.9382	33.058
29108	75335	395	0.7322	120.927
6488	75335	395	0.7373	-55.195
8937	75335	395	0.7248	-169.225
6488	8937	395	0.737	114.031
6488	39338	395	0.7056	-153.081
29108	39338	395	0.6929	23.041
1749	10603	396	0.6111	-24.031
50055	64397	399	0.6981	7.939
51206	64397	399	0.7177	15.995
46430	64397	399	0.8189	0.000
46430	50055	399	0.6649	-7.939
35921	100816	400	0.7064	-22.420
73610	100816	400	0.6867	232.986
97936	100816	400	0.7866	27.995
72765	97936	400	0.6638	-50.206
14365	97936	400	0.7279	-223.219
11827	73610	400	0.7021	-402.254
37467	100816	400	0.7175	-141.167
2524	2832	402	0.6605	-36.021
103633	106597	402	0.7794	-0.000
2042	2598	402	0.6507	67.949
742	1480	402	0.6607	17.987
101568	107559	402	0.8739	0.000
2082	2789	402	0.707	32.011
2557	2870	402	0.7789	58.996
103633	107559	402	0.8302	0.000
35	2212	402	0.7105	14.012
2042	2231	402	0.8328	17.967
2086	2598	402	0.6607	-28.031
2870	3425	402	0.7035	18.959
2330	2365	402	0.9117	1.995
2085	2744	402	0.9187	0.041
2585	106217	402	0.6611	-5.007
2837	2916	402	0.876	27.995
2805	2870	402	0.6896	-19.018
2586	2766	402	0.7352	-41.003
2020	2042	402	0.6795	-3.951
2020	2174	402	0.7389	10.029
2045	2162	402	0.6839	31.018
1406	2231	402	0.6089	3.960
1945	2020	402	0.6339	5.948
2229	2805	402	0.7473	59.067
2229	3425	402	0.7138	59.007
2691	2766	402	0.7633	-59.013
104584	105452	402	0.8033	0.000
2810	3358	402	0.6456	-0.020
2229	2702	402	0.7033	18.040
2020	2085	402	0.6744	8.032
277	550	402	0.6279	-18.010
2810	2832	402	0.7133	-18.029
1480	2365	402	0.7461	-16.984
2750	3425	402	0.77	-18.046
3358	106597	402	0.6716	-49.954
104584	106597	402	0.8592	-0.000
742	2330	402	0.8547	-0.992
742	2365	402	0.7573	1.004
2082	2229	402	0.7409	-28.024
2916	3425	402	0.8635	31.967
106597	107559	402	0.8768	0.000
100396	103633	402	0.8071	-0.000
101568	104584	402	0.8026	-0.000
1406	1945	402	0.6188	-16.005
2586	2702	402	0.896	-22.992
2632	2832	402	0.7056	-18.010
2691	2750	402	0.8216	18.011
2229	2586	402	0.7499	41.032
2020	2045	402	0.6323	78.014
1956	2212	402	0.7919	-0.039
2512	2557	402	0.7527	19.000
3358	105452	402	0.6849	-49.954
103633	104584	402	0.7583	0.000
1919	2045	402	0.6988	13.979
2691	2702	402	0.8108	-41.002
1934	1955	402	0.8411	-18.978
101568	103633	402	0.8354	-0.000
2045	2598	402	0.7775	-14.016
1945	2174	402	0.6002	15.977
2851	3425	402	0.7854	17.951
2365	2613	402	0.6694	-3.002
2042	2174	402	0.709	13.979
35	1955	402	0.6959	-45.989
2585	2832	402	0.6474	-37.005
1945	2085	402	0.666	13.980
2557	2916	402	0.7221	45.988
106597	107872	402	0.7695	-43.948
2045	2440	402	0.6515	-27.995
2606	2750	402	0.8054	-0.997
3358	104584	402	0.6394	-49.954
2632	2810	402	0.9583	0.019
35	2162	402	0.7104	0.075
2557	2861	402	0.8021	-0.018
150	2744	402	0.6217	5.987
2082	2766	402	0.7258	-27.995
2691	3425	402	0.8312	-0.035
742	2613	402	0.7284	-1.998
2147	2473	402	0.7244	23.036
100396	101568	402	0.803	0.000
150	1480	402	0.8495	20.975
2045	2174	402	0.6509	-67.985
801	1480	402	0.8567	-1.998
150	2330	402	0.9457	1.995
2691	2805	402	0.9526	0.024
105452	107872	402	0.7605	-43.948
2512	2861	402	0.8018	18.982
2540	2557	402	0.7514	-59.013
2702	2805	402	0.8253	41.026
1406	2085	402	0.679	-2.024
2229	2766	402	0.8545	0.029
105452	106597	402	0.8581	-0.000
1664	1665	402	0.5962	-1.994
2365	2744	402	0.6149	1.996
550	2212	402	0.6238	-18.979
2473	2810	402	0.9738	-0.001
2598	2870	402	0.7585	31.001
2801	2810	402	0.7015	13.959
104584	107559	402	0.8278	0.000
2837	2851	402	0.6919	42.011
1929	2044	402	0.7075	-2.003
150	742	402	0.7322	2.987
100396	105452	402	0.8047	-0.000
2691	2789	402	0.7738	0.993
2147	2632	402	0.7589	23.016
2540	2861	402	0.6808	-59.031
2632	2801	402	0.7167	-13.940
104584	107872	402	0.7449	-43.948
2174	2231	402	0.5838	3.988
2085	2231	402	0.6289	5.984
2045	2086	402	0.8098	14.016
2147	2832	402	0.6543	5.006
1945	2231	402	0.8086	19.965
1945	2744	402	0.6028	14.021
1406	2174	402	0.7885	-0.028
2585	2810	402	0.6328	-18.976
2851	2916	402	0.8788	-14.015
1480	2744	402	0.6049	-14.988
2766	2916	402	0.7519	27.011
1929	2365	402	0.5983	-27.980
2805	2851	402	0.8304	-18.011
2082	2916	402	0.7687	-0.984
1945	2042	402	0.8737	1.998
2147	2801	402	0.7301	9.076
2147	2524	402	0.583	41.027
2766	2837	402	0.7597	-0.984
2086	2174	402	0.6468	-82.001
660	2473	402	0.6805	-14.013
2805	2916	402	0.8414	-32.026
1919	2598	402	0.8366	-0.036
2691	2851	402	0.7962	-17.987
1945	2086	402	0.7445	97.978
2702	3425	402	0.8537	40.967
2540	2870	402	0.958	-0.017
2702	2851	402	0.8567	23.016
2473	2524	402	0.7229	17.992
2473	2801	402	0.7023	-13.959
2473	106597	402	0.6564	-49.974
100396	107872	402	0.7992	-43.948
2042	2045	402	0.6887	81.965
2174	2598	402	0.6688	53.970
2837	2861	402	0.6647	-18.011
2766	2805	402	0.759	59.037
660	2632	402	0.6633	-14.033
2524	2810	402	0.7664	-17.992
801	2613	402	0.6024	-21.984
1480	2613	402	0.707	-19.986
1406	2020	402	0.7138	-10.056
2085	2174	402	0.68	1.997
2042	2744	402	0.6376	12.023
101568	107872	402	0.7891	-43.948
2473	3358	402	0.6908	-0.020
2557	2837	402	0.7233	17.993
2606	2685	402	0.8655	0.999
35	2801	402	0.6538	4.052
1919	2440	402	0.6492	-14.016
2524	2632	402	0.7307	-18.011
2691	2916	402	0.8304	-32.002
2330	2613	402	0.7018	-1.006
2540	2750	402	0.7784	36.987
2020	2598	402	0.6624	63.998
1945	2045	402	0.6082	83.962
1406	2042	402	0.6563	-14.007
2837	3425	402	0.7662	59.962
2229	2837	402	0.6599	-0.955
2020	2231	402	0.6736	14.016
2586	2789	402	0.6674	19.003
2042	2085	402	0.7158	11.983
2805	3425	402	0.8396	-0.059
150	2613	402	0.7641	0.989
2330	2744	402	0.6685	3.991
150	2365	402	0.8144	3.991
100396	107559	402	0.8029	0.000
2702	2837	402	0.9249	-18.995
2540	2801	402	0.6649	17.993
35	1956	402	0.6806	14.051
660	2212	402	0.5988	-18.012
2557	2598	402	0.6615	27.995
2750	2805	402	0.7707	-17.987
35	2832	402	0.6476	-0.019
660	2810	402	0.6747	-14.014
742	801	402	0.7832	19.985
2606	2680	402	0.7684	-18.994
801	2365	402	0.9386	-18.982
1664	1929	402	0.6729	27.026
934	2162	402	0.6241	78.014
2801	2832	402	0.7293	-4.071
2586	2805	402	0.8157	18.034
2042	2086	402	0.7935	95.980
2473	2832	402	0.7091	-18.030
103633	105452	402	0.7843	0.000
101568	105452	402	0.8298	-0.000
2861	2870	402	0.6937	59.014
801	2330	402	0.8316	-20.977
105452	107559	402	0.8689	0.000
2473	2632	402	0.9409	-0.020
2086	2231	402	0.77	-78.013
1955	2212	402	0.6841	60.001
934	2440	402	0.6593	19.001
150	801	402	0.7568	22.973
2691	2837	402	0.8138	-59.997
2147	2810	402	0.7441	23.035
2586	2851	402	0.8223	0.024
2702	2916	402	0.9669	9.000
2162	2440	402	0.6542	-59.013
801	2744	402	0.5835	-16.986
2586	2837	402	0.8699	-41.987
2685	2750	402	0.9212	-1.996
100396	106597	402	0.7909	-0.000
107559	107872	402	0.7863	-43.948
101568	106597	402	0.8477	-0.000
2586	2916	402	0.8888	-13.992
1480	2330	402	0.9461	-18.979
2540	2598	402	0.685	-31.018
3358	107559	402	0.6728	-49.954
2702	2766	402	0.7248	-18.011
103633	107872	402	0.7888	-43.948
100396	104584	402	0.7676	-0.000
2440	2557	402	0.6963	-14.016
2586	3425	402	0.8514	17.975
1406	2744	402	0.639	-1.984
84090	88183	408	0.8217	-0.096
30814	38215	411	0.7084	-15.971
30814	36818	411	0.7678	-15.971
19350	28507	417	0.8008	0.166
23738	28507	417	0.8749	0.000
21606	23738	417	0.9435	0.000
21606	28507	417	0.8842	0.000
19350	21606	417	0.832	0.166
19350	23738	417	0.8042	0.166
51813	57591	418	0.6101	99.543
40513	45124	418	0.8061	-86.539
45123	48895	418	0.8578	-86.037
45124	59091	418	0.7061	-140.378
57591	59091	418	0.6647	-57.359
40901	45124	418	0.7959	-86.036
40513	45123	418	0.8547	-86.037
40513	45131	418	0.7156	-97.028
40502	48895	418	0.7035	-161.082
40502	45098	418	0.6736	-76.049
40513	40901	418	0.8398	-0.503
45123	59091	418	0.7266	-140.880
40559	45098	418	0.6871	-75.046
40901	52480	418	0.6986	-269.100
40502	40901	418	0.6976	10.488
40502	45131	418	0.6719	-86.037
51280	51813	418	0.6096	-85.537
40511	40901	418	0.7782	10.991
40513	45098	418	0.702	-87.040
40559	40901	418	0.7091	11.491
45098	45123	418	0.7166	1.003
43730	51280	418	0.621	-21.505
40511	45131	418	0.7892	-85.534
40502	40559	418	0.6778	-1.003
40513	59091	418	0.6513	-226.917
45098	48895	418	0.7329	-85.033
40901	45123	418	0.8447	-85.534
40513	48935	418	0.6621	-172.576
40511	47921	418	0.6865	-86.037
48662	48900	418	0.6485	-85.035
59157	60783	418	0.6392	-0.334
45123	45124	418	0.878	-0.502
45124	45131	418	0.7504	-10.489
40511	45124	418	0.7907	-75.045
45123	57591	418	0.6978	-83.522
45131	47921	418	0.6792	-0.503
40901	45131	418	0.7497	-96.525
48935	59091	418	0.645	-54.341
57631	60783	418	0.6583	-71.026
40559	52480	418	0.6769	-257.609
45123	45131	418	0.7748	-10.991
40559	48895	418	0.7352	-160.079
40511	60783	418	0.6791	-229.426
40502	48662	418	0.6344	-87.039
40511	45098	418	0.7002	-75.546
40559	48900	418	0.648	-171.070
45098	48662	418	0.7303	-10.990
40511	40513	418	0.8491	11.494
45124	57591	418	0.7024	-83.020
51280	59091	418	0.658	-43.352
45124	48935	418	0.6969	-86.037
48900	52480	418	0.67	-86.539
40513	48900	418	0.6769	-183.064
48895	52480	418	0.7061	-97.530
40559	48662	418	0.6865	-86.036
51280	52480	418	0.6424	-86.039
40511	59091	418	0.6807	-215.423
48935	51813	418	0.6402	-96.526
40901	45098	418	0.7584	-86.537
40513	48895	418	0.7895	-172.073
45098	45124	418	0.7088	0.501
54624	59157	418	0.6785	-51.355
57591	60783	418	0.6862	-71.361
40511	48895	418	0.8093	-160.580
48662	52480	418	0.6435	-171.574
45124	48895	418	0.8321	-85.535
45131	48895	418	0.7843	-75.046
51813	60783	418	0.6602	28.181
48935	54476	418	0.6337	3.351
45131	48900	418	0.6656	-86.037
40511	45123	418	0.8391	-74.543
48935	60783	418	0.6383	-68.344
40901	48895	418	0.8199	-171.570
45098	52480	418	0.6744	-182.563
45123	48935	418	0.7106	-86.539
76507	78058	420	0.8193	14.014
61859	62370	420	0.8115	-0.174
53157	67698	420	0.779	-70.115
53157	70403	420	0.8806	-84.094
61859	72957	420	0.7604	-56.237
62370	72957	420	0.8451	-56.062
59550	76976	420	0.7634	-12.976
63499	76976	420	0.7671	-0.000
21994	72957	420	0.7829	-140.156
85638	86862	420	0.7111	-29.034
86862	89478	420	0.7857	1.003
53157	81633	420	0.8974	-84.096
68635	84388	420	0.7273	-222.235
85638	89478	420	0.8132	-28.031
41670	76976	420	0.7504	-56.026
36780	37368	420	0.7703	0.185
59550	67592	420	0.8834	-28.031
67592	70403	420	0.7804	-12.976
72957	81633	420	0.7728	14.049
67698	70403	420	0.7993	-13.979
84388	86862	420	0.7035	27.028
67698	81633	420	0.7817	-13.982
36780	50680	420	0.7848	-28.031
86862	89426	420	0.7453	-28.031
50680	59550	420	0.8221	-29.035
62370	67698	420	0.8779	-28.031
36780	72957	420	0.8173	-112.125
68635	89478	420	0.7443	-194.204
70403	76976	420	0.8326	28.031
38466	50680	420	0.75	-27.028
50680	72957	420	0.7763	-84.094
10484	38466	420	0.7303	-57.066
63499	76507	420	0.7343	-26.017
53157	62370	420	0.788	-42.083
36780	67592	420	0.8346	-85.097
76507	76976	420	0.8496	26.016
67592	81633	420	0.7748	-12.978
59550	67698	420	0.8208	-27.028
36780	41670	420	0.7726	-14.016
41670	72957	420	0.7603	-98.109
76976	81633	420	0.9227	-28.034
50680	67592	420	0.7716	-57.066
59550	62370	420	0.8827	1.003
62370	67592	420	0.8532	-29.035
68635	86862	420	0.7411	-195.207
67592	67698	420	0.8265	1.003
53157	63499	420	0.8146	-56.062
36780	67698	420	0.8204	-84.094
10484	50680	420	0.778	-84.094
53157	76976	420	0.8406	-56.063
63499	70403	420	0.8337	-28.031
38466	59550	420	0.8127	-56.063
50680	67698	420	0.7419	-56.063
36780	59550	420	0.8552	-57.066
67698	68635	420	0.77	-44.026
67592	76976	420	0.7578	15.055
10484	21994	420	0.7265	-28.031
21994	38466	420	0.7024	-29.035
38466	41670	420	0.7359	-13.012
59550	72957	420	0.8964	-55.059
41670	62370	420	0.836	-42.047
62370	81633	420	0.7865	-42.013
41670	50680	420	0.7339	-14.016
67592	72957	420	0.8491	-27.028
10484	59550	420	0.8002	-113.129
84388	89478	420	0.8198	28.031
67698	72957	420	0.8328	-28.031
76507	81633	420	0.9195	-2.017
36780	62370	420	0.8456	-56.063
53157	76507	420	0.8149	-82.079
70403	81633	420	0.8619	-0.003
41670	59550	420	0.8042	-43.050
70403	76507	420	0.8727	2.015
21994	50680	420	0.7475	-56.063
63499	81633	420	0.7789	-28.034
62370	70403	420	0.7905	-42.010
10484	36780	420	0.779	-56.063
38466	67592	420	0.8017	-84.094
63389	79503	429	0.5997	17.825
6147	11138	431	0.7438	-0.000
8594	8715	431	0.7546	0.036
6147	8594	431	0.77	-0.000
21157	40065	432	0.6031	-33.960
21157	23979	432	0.5667	-31.033
49871	74573	433	0.5964	84.145
15507	74573	433	0.5998	-266.955
11073	26604	434	0.6002	-61.029
11251	26604	434	0.6326	-62.034
11073	11251	434	0.682	1.005
51236	52684	436	0.6106	-1.010
58299	69948	438	0.6683	-1.007
58299	72536	438	0.6028	-293.180
58299	60510	438	0.6813	-1.011
58299	71164	438	0.7744	-0.015
71164	72536	438	0.5927	-293.165
60510	71164	438	0.6021	0.997
69948	71164	438	0.5991	0.992
60510	69948	438	0.648	0.005
69948	72536	438	0.5916	-292.173
71164	72592	438	0.5367	-295.181
72536	74751	438	0.5454	-1.008
72536	72592	438	0.7187	-2.016
2780	3088	441	0.6736	-40.033
1228	1305	441	0.7011	-0.011
1619	2457	441	0.6677	-26.016
1619	2780	441	0.6596	14.017
2780	3091	441	0.6446	-41.030
3088	3091	441	0.7979	-0.997
1497	1660	441	0.8426	-0.068
2990	3088	441	0.6109	51.972
1619	3088	441	0.8154	-26.016
1305	1497	441	0.7102	-0.962
1619	3091	441	0.6482	-27.013
1228	2780	441	0.8036	0.988
2457	3088	441	0.6868	0.000
2780	2990	441	0.7366	-92.005
15945	32954	445	0.5876	-162.092
15931	32954	445	0.7457	-53.069
15932	15945	445	0.6274	111.021
15929	15945	445	0.6063	32.031
15932	15948	445	0.5831	0.991
15948	32954	445	0.5748	-52.061
15932	32954	445	0.5285	-51.070
15945	15948	445	0.5891	-110.031
15931	33248	445	0.8801	-51.963
15945	33248	445	0.5885	-160.986
15945	32953	445	0.6379	-161.090
32953	33248	445	0.8967	0.104
15931	15948	445	0.5799	-1.008
32954	33248	445	0.7298	1.106
15931	15945	445	0.7078	109.023
15932	32953	445	0.5643	-50.069
15931	15932	445	0.6106	-1.999
15931	32953	445	0.9011	-52.067
32953	32954	445	0.7772	-1.002
11202	11203	447	0.7394	-1.991
7735	17580	447	0.6535	-29.034
11342	18614	447	0.6932	24.999
17703	17746	447	0.9595	0.011
17580	17763	447	0.7033	-3.022
13094	15705	447	0.7306	10.023
17682	18580	447	0.8859	-0.041
13827	15705	447	0.6246	11.024
17682	17709	447	0.9792	-0.058
17703	17709	447	0.8053	1.003
7706	18639	447	0.6147	-29.031
17580	17703	447	0.8911	-5.031
11203	11342	447	0.5897	2.995
11169	11202	447	0.6106	-28.017
7735	13839	447	0.539	-40.059
7706	16969	447	0.7236	-28.027
16969	18639	447	0.5865	-1.004
17705	17824	447	0.8753	0.036
17682	17703	447	0.763	-1.061
17723	17824	447	0.8923	-0.032
11128	11202	447	0.7092	1.001
17580	17709	447	0.7227	-4.028
17705	17709	447	0.989	1.997
13839	14465	447	0.797	-0.993
5029	11169	447	0.5271	-40.032
15705	17722	447	0.6611	-5.032
17703	18580	447	0.7236	1.020
13839	18614	447	0.9511	12.029
14465	15705	447	0.88	10.022
17709	18614	447	0.811	5.032
17705	17723	447	0.9831	0.068
7735	17703	447	0.5532	-34.065
17705	17722	447	0.5661	-1.002
7706	7735	447	0.8495	1.999
11128	11203	447	0.5517	-0.990
14465	18614	447	0.6528	13.021
11202	11342	447	0.855	1.003
11202	17580	447	0.7208	24.999
13839	15705	447	0.6094	9.030
7706	13839	447	0.528	-38.060
16969	18614	447	0.984	1.996
7706	15705	447	0.6102	-29.030
13827	17580	447	0.6204	13.019
17703	17763	447	0.6844	2.009
17722	17824	447	0.5366	1.038
8556	17705	447	0.6633	-5.947
17580	18614	447	0.8215	1.004
17703	17722	447	0.651	-1.996
17746	18580	447	0.6728	1.009
7735	17709	447	0.7049	-33.062
8556	17709	447	0.6419	-3.950
13839	16969	447	0.9447	10.033
5030	7706	447	0.5933	-14.018
15705	16969	447	0.7721	1.003
17709	18580	447	0.8833	0.017
17705	17763	447	0.5226	3.003
14465	16969	447	0.6469	11.026
16969	17705	447	0.8057	-5.033
13094	13827	447	0.5852	-1.001
5029	18614	447	0.6497	-42.046
5029	11342	447	0.5692	-67.045
17709	17746	447	0.7795	-0.992
17703	17705	447	0.6252	-0.994
17682	17746	447	0.7592	-1.050
5030	18639	447	0.6064	-43.049
15705	17705	447	0.7227	-4.030
11128	16969	447	0.6911	25.008
13827	16969	447	0.8949	12.027
13827	14465	447	0.6874	1.001
7735	18614	447	0.7763	-28.030
17763	18614	447	0.7162	4.026
13094	17580	447	0.7419	12.018
13827	18614	447	0.9005	14.023
14465	18639	447	0.5998	10.022
15705	18639	447	0.6278	-0.001
7706	17705	447	0.6838	-33.060
11128	11342	447	0.9966	2.005
15705	17580	447	0.9481	1.995
13094	13839	447	0.7469	0.993
17709	17763	447	0.7742	1.006
7735	17763	447	0.5865	-32.056
13094	14465	447	0.8272	0.000
11169	11342	447	0.6444	-27.013
14465	17580	447	0.8931	12.018
13827	13839	447	0.939	1.994
38794	60361	448	0.6924	-0.000
26479	26612	451	0.5007	-33.029
19248	26564	451	0.5095	-15.022
26620	26673	451	0.7577	-32.025
23370	26564	451	0.5041	-1.003
26564	26673	451	0.6947	1.003
23370	24101	451	0.5197	-1.006
21118	23370	451	0.5843	-32.025
19248	26620	451	0.7284	18.006
23370	26612	451	0.533	-2.007
26479	26620	451	0.599	1.003
21118	26673	451	0.5769	-32.024
21118	26620	451	0.6762	0.001
26564	26620	451	0.6049	33.028
26564	26612	451	0.5541	-1.003
19248	26673	451	0.6439	-14.019
19248	23370	451	0.5272	-14.019
26479	26564	451	0.5453	-32.025
21118	26479	451	0.6226	-1.003
19248	21118	451	0.6493	18.005
23370	26620	451	0.5123	32.025
23370	26673	451	0.5059	0.000
27046	27090	452	0.7676	0.992
27035	27046	452	0.7582	-1.995
27035	27090	452	0.7267	-1.003
70166	73756	464	0.5929	0.000
28935	37665	465	0.7413	-27.749
37665	90824	465	0.7092	-385.601
23392	37665	465	0.6855	-5.708
15362	37665	465	0.7092	7.373
24918	37665	465	0.7192	124.429
28970	59821	465	0.716	-75.109
22658	28970	465	0.7069	72.996
18419	37665	465	0.7762	2.239
4003	42003	465	0.6855	-144.093
4530	29287	465	0.7077	-404.097
17162	22658	465	0.7071	-271.107
23629	30045	465	0.7966	-269.032
17162	18419	465	0.7115	-54.010
14133	24918	465	0.7138	-148.035
18419	30045	465	0.7	-211.070
22658	56369	465	0.6988	-115.259
22658	26851	465	0.7513	199.028
37665	56136	465	0.689	-291.573
37665	39004	465	0.7891	-241.339
22658	29287	465	0.7129	-81.000
28935	39004	465	0.717	-269.088
17162	26851	465	0.7078	-72.079
4003	14133	465	0.6843	-58.039
41187	41188	471	0.7963	-322.255
41187	41248	471	0.7623	-9.013
41187	41249	471	0.8329	-9.511
41188	41248	471	0.7725	313.242
12359	53806	473	0.6285	-341.855
12359	53800	473	0.6653	-333.861
46103	53819	473	0.6653	-77.910
53800	53819	473	0.6848	1.998
53800	53899	473	0.6455	133.949
12170	12359	473	0.6785	-1.960
34911	53819	473	0.6446	-189.858
53799	53806	473	0.624	-5.995
12359	46103	473	0.6222	-253.953
53800	53806	473	0.6469	-7.993
53799	53819	473	0.6981	3.997
46103	53800	473	0.6972	-79.908
12359	53799	473	0.6578	-335.860
53799	53899	473	0.6363	135.948
53806	53819	473	0.6476	9.992
53799	53800	473	0.7319	1.999
74546	81235	475	0.8696	-83.071
79399	84126	475	0.9109	-4.013
84043	84242	475	0.9019	57.960
76730	84126	475	0.8827	-51.989
73954	79288	475	0.9053	24.018
83738	84032	475	0.8909	35.975
83229	83968	475	0.8895	1.986
82985	83229	475	0.891	-21.965
81187	84126	475	0.8814	4.094
72945	82242	475	0.8768	-23.303
82985	84242	475	0.8888	36.977
75987	78137	475	0.8704	-0.995
79693	82985	475	0.9389	-37.974
83968	84032	475	0.949	57.955
82985	83968	475	0.948	-19.979
72793	81478	475	0.8786	-85.139
73184	84242	475	0.8643	-19.100
62855	79288	475	0.8618	68.045
81187	84242	475	0.9007	0.001
43711	87657	475	0.8669	-18.887
84126	84242	475	0.881	-4.093
80417	81227	475	0.8751	-195.033
74546	81227	475	0.9036	-61.092
79693	83738	475	0.8675	-35.973
79573	81227	475	0.8762	-80.101
76730	79693	475	0.8803	-55.086
82985	83738	475	0.9043	2.000
82985	84032	475	0.9649	37.976
81235	83229	475	0.934	25.027
74861	81227	475	0.8775	-119.131
79573	84126	475	0.9099	-14.017
79693	83229	475	0.8657	-59.939
79573	82165	475	0.8725	24.014
62855	72085	475	0.8846	82.002
83229	84032	475	0.8696	59.941
79693	83968	475	0.9217	-57.953
72085	77311	475	0.8618	-102.011
43711	79399	475	0.866	7.103
73954	77311	475	0.871	-64.036
84032	84242	475	0.8893	-0.998
79399	82165	475	0.8709	34.019
76730	83968	475	0.862	-113.039
80633	82165	475	0.8754	31.978
81227	83229	475	0.9049	3.048
81478	82242	475	0.8889	21.989
77831	84043	475	0.8697	-70.098
77831	78911	475	0.8753	-16.008
74861	82242	475	0.8738	-49.097
84126	87657	475	0.8973	-21.977
77152	78911	475	0.8648	25.024
81460	84043	475	0.9016	27.018
78137	80417	475	0.8783	138.009
79693	84242	475	0.8926	-0.996
43711	84126	475	0.923	3.090
79288	79399	475	0.8803	-36.035
81227	84126	475	0.8773	66.084
83968	84242	475	0.8723	56.957
43711	82165	475	0.9173	41.122
79399	79573	475	0.8805	10.004
82165	87657	475	0.8869	-60.009
81227	82242	475	0.8924	70.034
82165	83229	475	0.8673	-101.067
80417	82242	475	0.8949	-124.999
79693	84032	475	0.926	0.002
73954	79399	475	0.9194	-12.017
83738	83968	475	0.8812	-21.980
72085	73954	475	0.8914	-37.975
83229	84126	475	0.889	63.036
79288	81227	475	0.8749	-106.131
74546	83229	475	0.9093	-58.044
76730	82165	475	0.8654	-13.958
43711	81227	475	0.8807	-62.994
73954	79573	475	0.8685	-2.012
82165	84126	475	0.9467	-38.032
81227	87657	475	0.8775	44.107
100296	108365	479	0.6479	224.124
3342	12315	479	0.6925	-142.080
31954	95917	479	0.6854	-345.295
12315	95917	479	0.6912	-241.342
95917	98005	479	0.6468	-51.028
20148	33671	479	0.665	-57.078
89367	100296	479	0.6678	-94.136
95917	100296	479	0.7503	-55.059
3342	18237	479	0.6566	-225.112
3342	95917	479	0.6608	-383.422
15031	29685	479	0.6595	23.781
15031	20148	479	0.6796	46.817
12315	18237	479	0.6401	-83.032
89367	108365	479	0.6832	129.988
20148	31954	479	0.6928	44.989
12315	15861	479	0.6604	68.944
16134	23904	481	0.6411	-340.063
16134	38574	481	0.5396	-279.059
15115	36310	484	0.5401	-122.995
7421	36310	484	0.5771	-99.026
36310	63625	484	0.5497	-12.119
72447	86035	485	0.6025	-93.157
48694	51959	488	0.8982	-32.025
51959	55472	488	0.847	0.001
29140	38047	489	0.9997	0.000
32045	38047	489	0.9989	0.000
29140	44893	489	0.9261	0.000
38047	44893	489	0.923	0.000
32045	44893	489	0.9226	0.000
24618	44893	489	0.9116	0.000
24618	29140	489	0.9831	0.000
24618	38047	489	0.9835	0.000
24618	32045	489	0.9839	0.000
29140	32045	489	0.9988	0.000
91787	96112	490	0.5722	112.031
57938	72324	492	0.7314	-0.036
39784	87142	492	0.7304	2.091
39784	72324	492	0.7829	-2.014
72324	84477	492	0.7434	0.000
19259	46542	494	0.758	-1.996
46542	56602	494	0.8537	-31.964
19385	73335	494	0.6686	-250.338
44882	56552	494	0.6741	-5.947
46222	47669	494	0.8709	2.015
19259	57684	494	0.7301	-79.907
46222	46363	494	0.7843	-97.929
46114	47669	494	0.6879	1.020
41143	46530	494	0.6362	1.001
46433	48554	494	0.7	2.000
19259	44882	494	0.6817	-30.010
56602	57669	494	0.7654	-43.950
19259	56602	494	0.7284	-33.960
19385	46222	494	0.7375	-1.993
32114	33045	494	0.7048	25.977
46132	57684	494	0.6288	-77.825
13410	47669	494	0.6969	-71.967
37551	37756	494	0.8942	-1.994
46530	57669	494	0.815	-77.911
56552	57669	494	0.7781	-41.954
46363	73335	494	0.6222	-150.416
44882	46542	494	0.7643	28.014
56552	56602	494	0.7712	1.997
46542	48554	494	0.7594	0.994
46542	57684	494	0.881	-77.911
19385	46206	494	0.7197	0.002
13410	46206	494	0.6709	-71.988
44882	57684	494	0.7577	-49.897
37551	66454	494	0.6707	-59.010
37756	46222	494	0.7959	30.011
46206	46222	494	0.9342	-1.995
46542	57669	494	0.8153	-75.914
44882	56602	494	0.7468	-3.950
48554	57669	494	0.6401	-76.908
37551	41143	494	0.6448	-0.999
56552	57684	494	0.7519	-43.951
46206	66454	494	0.7562	-89.022
37551	46206	494	0.7878	30.012
56602	57684	494	0.8524	-45.947
48554	57684	494	0.7327	-78.905
13410	46222	494	0.6464	-73.983
46542	56552	494	0.7852	-33.961
46222	65950	494	0.6466	-89.026
46206	47669	494	0.897	0.020
19385	47669	494	0.6746	0.022
46530	46542	494	0.9712	-1.997
19259	57669	494	0.6747	-77.910
19385	46363	494	0.7339	-99.922
46114	46222	494	0.8123	-0.996
19259	46530	494	0.7485	0.001
46206	46363	494	0.7733	-99.924
57669	57684	494	0.8121	-1.997
44882	46530	494	0.7612	30.011
44882	48554	494	0.6435	29.007
19259	56552	494	0.7006	-35.957
46433	56552	494	0.644	-32.954
46530	56552	494	0.7844	-35.957
37756	41143	494	0.6971	0.995
46530	48554	494	0.737	-1.003
46363	47669	494	0.7242	99.944
19385	27399	494	0.6226	62.001
65966	66454	494	0.658	-194.016
46114	46206	494	0.7243	0.999
27399	32114	494	0.63	-27.993
65950	66454	494	0.6407	1.999
41143	46114	494	0.7598	30.011
48554	56602	494	0.7181	-32.957
44882	57669	494	0.701	-47.900
46530	56602	494	0.8502	-33.961
19385	45458	494	0.6349	-74.991
46433	57684	494	0.6283	-76.905
46530	57684	494	0.8774	-79.908
7463	7980	496	0.8437	-31.972
7980	16371	496	0.7823	27.928
7463	16429	496	0.777	-6.034
7980	16429	496	0.7768	25.938
7463	16371	496	0.7567	-4.044
77508	79273	500	0.75	-1.003
77484	77508	500	0.8129	54.046
77364	77508	500	0.6762	0.038
77484	79273	500	0.7059	53.043
10141	67272	501	0.5361	-253.172
8797	10141	501	0.5394	-140.011
10034	35857	503	0.51	-0.003
9705	10034	503	0.6404	-0.089
10034	38581	503	0.5418	-0.003
3258	103712	508	0.7942	0.002
14993	46928	508	0.8318	90.071
4115	13746	508	0.9423	-0.000
14993	46398	508	0.8166	89.996
4115	4622	508	0.7627	-0.984
46398	46928	508	0.9483	0.075
3258	4115	508	0.857	0.039
103712	106563	508	0.9216	-0.000
14993	89737	508	0.805	44.024
43076	89737	508	0.7997	50.032
32275	105409	508	0.777	2.963
81313	89737	508	0.8659	-0.008
4622	15562	508	0.7764	2.958
66169	66842	508	0.769	1.003
4622	4963	508	0.8015	15.995
4963	41441	508	0.8988	1.979
44788	45699	508	0.823	-0.077
46398	89737	508	0.7882	-45.972
4115	32275	508	0.7775	-3.000
103712	105409	508	0.9207	-0.000
14993	81313	508	0.8029	44.032
43076	46928	508	0.8453	96.079
43076	81313	508	0.805	50.040
46398	81313	508	0.8189	-45.964
46928	89737	508	0.8217	-46.047
32275	103712	508	0.8561	2.963
12103	45699	508	0.78	-76.109
12103	74275	508	0.8268	0.001
4115	48764	508	0.7912	-3.000
3714	4963	508	0.9774	-0.000
4622	46398	508	0.7899	-6.007
4622	46928	508	0.8042	-5.932
4963	7604	508	0.7922	0.000
66842	74275	508	0.8531	-0.000
3714	41441	508	0.8159	1.979
43076	46398	508	0.8115	96.005
3258	13746	508	0.8068	0.039
43077	66169	508	0.8828	-25.991
14935	43077	508	0.7668	-6.008
43076	66842	508	0.8725	-25.991
4622	4626	508	0.8228	-1.001
12103	66842	508	0.9269	0.001
32275	106563	508	0.7822	2.963
46928	81313	508	0.8342	-46.039
8175	48764	508	0.7845	9.011
32275	48764	508	0.7645	0.000
45699	66842	508	0.8216	76.111
14993	43076	508	0.8142	-6.009
14935	89737	508	0.7776	45.028
12103	43076	508	0.8292	25.993
14935	66169	508	0.7641	-31.999
7604	41441	508	0.8023	1.979
3258	32275	508	0.8512	-2.961
105409	106563	508	0.922	0.000
4115	8175	508	0.7922	-12.011
41825	55966	510	0.6941	43.013
41728	102360	510	0.7683	105.692
22504	41728	510	0.6801	-98.014
47699	66619	510	0.6905	-328.128
17898	53283	510	0.7072	-240.040
18012	19484	510	0.6904	-51.073
19484	23250	510	0.6926	-7.941
7019	64395	510	0.7377	-50.197
22504	58068	510	0.6827	-109.943
11743	42266	510	0.7004	4.933
6196	59985	510	0.7175	-187.023
15550	18012	510	0.7544	-64.131
59985	93337	510	0.688	-153.312
7019	47681	510	0.7052	-133.260
13696	106269	510	0.6861	-326.391
50434	64395	510	0.6971	273.593
7129	41728	510	0.7177	-374.040
7019	41825	510	0.6964	-488.304
12020	19484	510	0.6959	-21.006
6196	15122	510	0.6981	-252.762
41728	101575	510	0.7217	-106.415
19484	36791	510	0.7013	-48.954
41728	44339	510	0.687	264.025
54363	59985	510	0.6866	47.028
41825	64395	510	0.8397	438.107
7019	7873	510	0.7166	-0.116
7081	7873	510	0.7173	-57.864
7129	18129	510	0.7193	-135.994
15550	44339	510	0.7161	-60.134
18129	47681	510	0.7668	-48.152
8347	53283	510	0.6835	-131.909
15550	19486	510	0.6986	-147.230
15550	106269	510	0.7514	-316.541
54363	93337	510	0.7558	-106.283
54363	80691	510	0.7078	-160.661
6196	12020	510	0.6989	-128.084
30725	59985	510	0.7691	-26.934
11743	36791	510	0.6955	-235.084
15550	38667	510	0.6958	-216.235
6196	26815	510	0.6828	-178.063
18129	41728	510	0.7103	-238.046
15550	19484	510	0.7315	-115.204
17898	26815	510	0.7006	-110.129
64395	66619	510	0.7435	-326.102
38058	78472	514	0.6208	-75.121
35364	78472	514	0.6295	-105.917
69446	89609	515	0.86	-294.329
65065	66242	515	0.8905	-0.851
59979	78530	515	0.8811	-85.200
60274	83534	515	0.867	-181.228
84739	86958	515	0.847	-28.031
55071	84739	515	0.8589	-248.339
60274	68923	515	0.9664	-28.031
68923	85901	515	0.8738	-236.287
67988	78530	515	0.9017	-56.063
66104	67988	515	0.8648	14.016
84739	91245	515	0.8821	-83.091
71237	91245	515	0.8898	-210.235
66104	66242	515	0.8624	0.152
60512	66104	515	0.8408	-29.035
83534	84739	515	0.8808	-29.035
68923	86979	515	0.8969	-208.256
85901	86979	515	0.8456	28.031
70237	83534	515	0.8701	-112.125
60274	85595	515	0.8652	-180.224
85685	88627	515	0.8447	-29.035
65065	69551	515	0.9133	14.016
60274	86979	515	0.873	-236.287
71237	83534	515	0.8799	-98.110
84739	88627	515	0.8658	-27.028
68577	69551	515	0.9388	-0.161
85685	86454	515	0.8459	-14.016
59901	59979	515	0.9048	0.103
59901	69551	515	0.9312	-28.031
68548	84739	515	0.8612	-181.228
59901	68577	515	0.9519	-27.871
61419	68548	515	0.9297	-28.031
71237	74609	515	0.9024	-27.028
86454	86979	515	0.8753	-14.016
59901	60274	515	0.8443	-1.979
68548	68923	515	0.9228	1.003
59901	60512	515	0.8568	-14.016
47989	55071	515	0.8469	-14.015
67988	68577	515	0.8802	1.164
68923	88046	515	0.8581	-222.271
60274	61419	515	0.8909	-1.003
85685	86979	515	0.9007	-28.031
67988	69551	515	0.8643	1.003
60195	78530	515	0.9276	-84.094
59901	78530	515	0.8717	-85.097
70237	91245	515	0.8866	-224.251
83534	91245	515	0.9321	-112.125
59979	69551	515	0.8932	-28.134
59901	73275	515	0.8991	-56.063
59979	68577	515	0.9092	-27.974
66242	90696	515	0.8432	-14.131
64094	69414	515	0.8414	-28.031
60274	85685	515	0.8941	-208.256
83534	86979	515	0.8726	-55.059
60195	67988	515	0.9007	-28.031
83534	88627	515	0.8817	-56.063
69414	89609	515	0.8737	-308.344
59979	73275	515	0.8685	-56.166
69551	78530	515	0.8751	-57.066
68577	73275	515	0.9282	-28.192
60195	69551	515	0.8781	-27.028
68548	88627	515	0.8497	-208.256
69257	91245	515	0.9038	-308.345
60195	68577	515	0.8655	-26.867
85595	91245	515	0.8682	-113.129
69257	83534	515	0.8984	-196.219
69414	91245	515	0.8765	-309.348
69257	70237	515	0.8431	-84.094
55071	69257	515	0.8985	-23.085
85595	86979	515	0.881	-56.063
69257	84739	515	0.8739	-225.254
59979	60195	515	0.852	-1.106
60512	65065	515	0.8973	-28.031
69414	69446	515	0.8599	-14.016
68923	86454	515	0.842	-194.240
59901	60195	515	0.8645	-1.003
59901	67988	515	0.8833	-29.035
86979	88627	515	0.8529	-1.003
60274	86454	515	0.8506	-222.271
68577	78530	515	0.8746	-57.227
71038	74609	515	0.8668	-28.031
69551	73275	515	0.8981	-28.031
86979	91245	515	0.8596	-57.066
61419	68923	515	0.9026	-27.028
86958	88627	515	0.8487	1.003
83534	85595	515	0.8639	1.003
60274	68548	515	0.93	-29.035
83534	85685	515	0.8874	-27.028
69414	85595	515	0.8504	-196.219
59979	67988	515	0.8597	-29.138
65065	66104	515	0.8522	-1.003
73275	78530	515	0.8635	-29.035
64094	91245	515	0.8674	-337.379
70237	71237	515	0.9081	-14.016
55071	91245	515	0.8826	-331.430
12118	15729	516	0.711	140.026
15729	22644	516	0.7358	-214.100
15729	49540	516	0.7086	-202.063
13687	38468	516	0.7023	-103.065
15729	36026	516	0.7194	-71.966
15729	38468	516	0.7161	-90.971
45	76	517	0.7077	27.992
22263	107115	518	0.7004	-196.292
6637	22263	518	0.7216	-144.152
21680	107115	518	0.7715	-288.337
4220	22263	518	0.7117	-181.185
27495	61266	522	0.6187	-367.074
74101	88704	522	0.5485	23.927
35575	61266	522	0.5678	-343.135
32231	61266	522	0.6648	-315.110
51046	74101	522	0.5697	-164.308
35575	88704	522	0.5733	-215.313
57836	61266	522	0.566	-257.997
23610	35575	522	0.5573	98.000
4811	6846	524	0.6549	46.043
3450	7025	524	0.7149	-25.071
6894	6968	524	0.743	-2.939
3450	8714	524	0.7052	-25.038
6968	7677	524	0.7128	2.978
6826	6995	524	0.6526	2.003
3268	6894	524	0.8747	-25.056
6673	7028	524	0.957	0.019
3484	3648	524	0.6694	0.000
6968	6987	524	0.965	-0.022
3269	7025	524	0.6876	-25.069
3268	3450	524	0.7762	-1.995
3037	3447	524	0.7494	-41.028
1615	3450	524	0.672	-0.001
6753	7025	524	0.813	-0.033
1615	8714	524	0.7396	-25.039
3268	3496	524	0.8131	-13.001
3037	6673	524	0.7362	-66.045
3447	6673	524	0.8613	-25.017
6279	6846	524	0.7348	2.018
6673	6968	524	0.7469	-2.978
3447	7028	524	0.8748	-24.998
3496	6894	524	0.7337	-12.055
3653	6894	524	0.7546	-12.056
3268	6673	524	0.8919	-25.017
3450	6991	524	0.6925	-25.002
3496	3648	524	0.9023	-1.996
3268	3447	524	0.8405	-0.000
6846	13217	524	0.6912	-141.986
6987	6988	524	0.7937	-1.997
2159	6894	524	0.8933	-25.056
1615	3447	524	0.7979	1.993
6991	7025	524	0.9592	-0.069
7025	8714	524	0.8145	0.033
6991	8714	524	0.8078	-0.036
6753	8714	524	0.8731	0.000
3269	6753	524	0.7041	-25.036
3496	6673	524	0.7452	-12.016
3648	6991	524	0.6996	-12.001
3269	8714	524	0.6713	-25.036
6673	7677	524	0.9225	-0.000
3653	7028	524	0.7794	-11.998
6987	7028	524	0.9024	3.018
2159	7677	524	0.8683	-25.017
6753	6991	524	0.7977	0.036
6233	6279	524	0.6509	15.011
3269	3450	524	0.7027	0.002
6988	6995	524	0.6129	1.000
6894	7677	524	0.9251	0.039
1615	3268	524	0.7802	1.994
3268	7677	524	0.8468	-25.017
3653	13217	524	0.7526	-139.968
3450	6753	524	0.7349	-25.038
6894	7028	524	0.9618	0.058
1615	3648	524	0.6635	-13.003
1615	2159	524	0.7764	1.994
3268	7028	524	0.8825	-24.998
2159	3653	524	0.8133	-13.000
3447	3653	524	0.7829	-13.000
6988	6991	524	0.8304	3.017
7028	7677	524	0.9365	-0.019
3268	3653	524	0.801	-13.000
1615	6991	524	0.7731	-25.003
6991	7028	524	0.9492	1.999
3648	7025	524	0.6747	-12.069
2159	6673	524	0.9096	-25.017
2159	3496	524	0.8286	-13.001
3037	3653	524	0.7713	-54.027
2159	7028	524	0.8762	-24.998
3447	6894	524	0.8514	-25.056
3269	6991	524	0.6615	-25.000
6805	6970	524	0.755	0.057
3648	3653	524	0.8923	1.996
3648	6279	524	0.6478	1.996
1615	7025	524	0.7767	-25.072
1961	3648	524	0.6555	-1.996
6233	6846	524	0.633	17.029
3450	3648	524	0.662	-13.002
3447	7677	524	0.8393	-25.017
6970	6991	524	0.7126	-0.997
3653	6673	524	0.7555	-12.017
3496	13217	524	0.7484	-139.967
3447	3496	524	0.7625	-13.000
3496	3653	524	0.9682	0.001
3037	6894	524	0.7362	-66.083
3037	3496	524	0.7478	-54.028
3496	7028	524	0.7524	-11.997
6673	6894	524	0.983	-0.039
2159	3447	524	0.8363	-0.000
2159	3450	524	0.7667	-1.995
1615	3269	524	0.6229	-0.003
6970	6995	524	0.6651	-3.013
3648	8714	524	0.6654	-12.037
2159	3268	524	0.9129	0.000
1615	6753	524	0.7218	-25.039
6763	6869	527	0.7982	57.026
7839	107739	527	0.7744	0.094
48247	56198	527	0.859	0.001
48247	52651	527	0.844	2.016
17417	41252	527	0.7414	-360.734
57828	72701	527	0.7901	-15.997
1231	17397	527	0.7717	-183.193
2988	17405	527	0.8024	-144.139
2975	7839	527	0.7445	39.073
1632	1633	527	0.9541	-1.997
17397	17417	527	0.8978	0.499
2988	45068	527	0.7471	-314.262
1231	1632	527	0.8047	-3.993
2975	108838	527	0.7779	39.052
107739	108838	527	0.867	-0.115
45068	48247	527	0.8224	-14.016
52651	56198	527	0.9253	-2.016
3797	17397	527	0.7475	-160.134
52651	54492	527	0.8338	-1.003
1231	3797	527	0.8619	-23.059
1981	4964	527	0.8247	-44.119
1231	2975	527	0.8594	-39.052
52024	54492	527	0.8097	15.028
3797	7839	527	0.7464	23.080
6869	41596	527	0.7522	-28.031
17397	18384	527	0.7503	-5.984
2988	17397	527	0.7851	-145.141
1632	3797	527	0.7856	-19.066
1633	108838	527	0.7447	5.989
17397	17405	527	0.8745	1.002
45068	52651	527	0.8479	-11.999
1231	1633	527	0.8429	-5.989
1632	1658	527	0.9008	-0.018
2988	3008	527	0.7681	-18.011
17405	18384	527	0.7924	-6.986
1632	2975	527	0.7827	-35.059
52651	57828	527	0.7726	11.966
3797	108838	527	0.7798	23.059
18332	18384	527	0.8176	307.268
1231	7839	527	0.7636	0.021
1633	3797	527	0.8043	-17.069
1658	1981	527	0.8394	0.129
2988	17417	527	0.8093	-144.641
48247	54492	527	0.8094	1.013
1231	108838	527	0.7977	-0.000
17417	18332	527	0.7923	-313.751
17417	18384	527	0.8071	-6.484
48247	52024	527	0.8008	-14.015
7839	108838	527	0.7847	-0.021
1633	2975	527	0.8015	-33.063
54492	56198	527	0.8091	-1.013
17405	17417	527	0.9008	-0.502
52024	56198	527	0.7812	14.016
2975	3797	527	0.8414	15.993
1633	2565	527	0.7741	0.053
43704	45068	527	0.8801	1.003
1231	107739	527	0.7432	0.115
2975	17397	527	0.7626	-144.141
52024	52651	527	0.8065	16.031
56198	57828	527	0.7494	13.982
43704	54492	527	0.7432	-12.000
17397	18332	527	0.7632	-313.252
17405	18332	527	0.7686	-314.254
2975	2988	527	0.7554	1.000
4964	6869	527	0.7683	3.011
96512	98857	529	0.85	-28.031
67449	94135	529	0.8139	-126.141
85256	94135	529	0.8107	-28.031
85256	106194	529	0.8336	-182.203
76829	98857	529	0.8338	-140.157
78422	88880	529	0.8092	-196.220
76829	96512	529	0.8296	-112.125
88880	98857	529	0.849	84.094
67449	71292	529	0.8744	-14.016
67449	78422	529	0.904	-56.062
71292	78422	529	0.9596	-42.047
67449	96512	529	0.8627	-140.157
71292	76829	529	0.9198	-14.016
76829	98986	529	0.8009	-141.160
78422	102108	529	0.8721	-140.157
72183	88123	529	0.874	-56.063
71292	98857	529	0.8609	-154.172
71292	89947	529	0.822	-84.094
82382	88123	529	0.917	-28.031
72183	76829	529	0.8136	0.000
67449	76829	529	0.8714	-28.031
76829	102108	529	0.8296	-168.188
96512	98986	529	0.8169	-29.035
71292	85256	529	0.8223	-84.095
86526	88123	529	0.8006	-14.016
35444	67449	529	0.8157	-56.063
72183	82382	529	0.8829	-28.031
76829	89947	529	0.8522	-70.078
54840	98986	529	0.82	-197.223
35444	98986	529	0.825	-225.254
67449	98857	529	0.8207	-168.188
78422	96512	529	0.8637	-84.094
94135	98986	529	0.8857	-43.050
76829	106194	529	0.8203	-252.282
96512	102108	529	0.8079	-56.063
67449	102108	529	0.8295	-196.219
71292	106194	529	0.838	-266.298
78422	98986	529	0.8643	-113.129
78422	106194	529	0.8458	-224.251
67449	98986	529	0.8795	-169.191
78422	98857	529	0.8506	-112.126
71292	96512	529	0.8415	-126.141
67449	85256	529	0.8442	-98.110
71292	98986	529	0.849	-155.176
76829	78422	529	0.9492	-28.031
78422	89947	529	0.828	-42.047
71292	102108	529	0.8565	-182.204
19287	40134	530	0.7312	-378.297
40127	40135	530	0.7695	-408.276
40135	42716	530	0.7539	409.277
72826	72827	530	0.9002	-18.007
70657	72852	530	0.9798	-0.000
40134	42716	530	0.8606	408.273
40134	40586	530	0.7961	408.215
42716	70658	530	0.6904	118.094
19287	23415	530	0.7636	15.995
70657	70658	530	0.9487	-18.010
19287	40586	530	0.7264	29.918
23415	42716	530	0.8293	13.982
23415	40586	530	0.8082	13.923
5572	70657	530	0.6984	30.010
40129	40586	530	0.6809	107.860
40129	40134	530	0.7264	-300.354
34357	40127	530	0.7179	-15.014
19287	42716	530	0.7806	29.977
70658	72827	530	0.7847	-0.996
10357	10716	530	0.7459	0.034
40586	42716	530	0.8553	0.059
72826	72852	530	0.8499	1.000
70657	72826	530	0.8448	-1.000
19287	40127	530	0.7201	28.976
23415	40134	530	0.783	-394.292
5572	12593	530	0.7251	-0.000
40134	40135	530	0.8539	-1.003
40127	42716	530	0.8223	1.001
40129	42716	530	0.7189	107.919
40135	40586	530	0.6895	409.218
40134	43617	530	0.6908	352.208
10716	72852	530	0.7085	30.010
70658	72852	530	0.9742	18.010
43959	45300	532	0.6967	-432.117
13256	13374	536	0.8285	-1.999
13349	13374	536	0.5093	-1.000
13349	14155	536	0.5857	-0.052
13374	14185	536	0.758	-0.055
13256	17888	536	0.5434	-7.003
74160	84390	538	0.8432	-160.128
20071	42061	539	0.5566	10.850
42061	56033	539	0.6105	-235.007
73309	106397	542	0.6611	-112.367
37872	106397	542	0.6925	-475.389
8991	106397	542	0.6665	-469.510
37609	58881	544	0.6532	-27.435
80198	82046	548	0.6623	-48.510
82046	92305	548	0.6356	91.241
88883	92305	548	0.6409	142.601
75366	82046	548	0.6527	-244.570
15777	88695	549	0.5045	-62.233
15778	54953	549	0.5442	-101.198
15777	15778	549	0.5423	-2.000
62885	62995	554	0.667	1.004
61277	62885	554	0.6155	-15.019
61277	62995	554	0.5916	-14.016
63121	64409	560	0.7846	-12.001
59406	62014	560	0.6048	1.008
63121	71139	560	0.6065	-14.015
6238	7113	560	0.6854	-0.000
7113	8321	560	0.8321	-14.018
7102	8321	560	0.6003	-13.010
58481	63121	560	0.617	9.987
59406	62009	560	0.6652	-27.022
64409	69532	560	0.7841	-14.014
8321	8336	560	0.6347	-1.005
62014	64409	560	0.6559	-26.016
59406	64409	560	0.6481	-25.009
63121	64460	560	0.6963	-13.011
6936	59406	560	0.6102	-97.219
6238	6936	560	0.6782	0.124
7102	8336	560	0.6195	-14.016
7102	7113	560	0.6126	1.008
58481	69532	560	0.624	-16.027
64460	69532	560	0.6647	-13.004
59406	63121	560	0.7221	-13.008
6936	7113	560	0.8798	-0.124
7113	8336	560	0.6415	-15.023
7113	59406	560	0.6021	-97.096
62014	63121	560	0.7625	-14.016
59406	64460	560	0.7898	-26.019
64409	64460	560	0.8357	-1.010
63121	69532	560	0.6383	-26.015
62009	64460	560	0.7717	1.003
58481	64409	560	0.699	-2.013
6238	8321	560	0.6454	-14.018
49134	57743	562	0.6597	9.504
42714	43954	563	0.7787	82.006
41785	42714	563	0.577	1.001
31971	40787	564	0.552	48.019
40787	64537	564	0.6182	9.985
74235	76782	570	0.7126	1.003
76782	90450	570	0.5376	-67.923
76782	77741	570	0.7756	-0.286
90450	90487	570	0.6522	-1.997
74235	76601	570	0.5822	62.034
62280	88266	573	0.6469	-72.344
35918	106505	573	0.6615	18.756
88266	106505	573	0.5766	-40.039
68822	106505	573	0.5717	-329.355
23822	23830	580	0.8282	-28.000
23821	23822	580	0.9106	-1.997
23828	23968	580	0.7198	1.999
23354	23830	580	0.9217	0.160
23821	23968	580	0.6451	-74.031
23354	23822	580	0.8529	28.160
23828	23830	580	0.7376	46.033
23354	23828	580	0.698	-45.873
18811	71979	587	0.6747	-58.246
8840	67662	588	0.7841	-158.038
12015	39015	589	0.6619	19.942
12015	81459	589	0.6995	-180.256
31912	32113	593	0.5238	-0.206
31912	38992	593	0.5243	-49.993
31929	31958	593	0.5935	-0.992
31913	31958	593	0.5684	1.997
31912	31958	593	0.6942	-1.992
36972	45296	594	0.5083	-30.009
45116	50895	599	0.6769	-92.542
48456	56114	599	0.6797	-70.525
45116	50412	599	0.7811	-128.553
38891	42518	599	0.679	-44.020
38891	45424	599	0.6868	-86.537
45424	56083	599	0.725	-76.530
42486	52203	599	0.7184	-172.575
45116	54824	599	0.7235	-171.571
56083	57628	599	0.6952	-43.018
42486	54376	599	0.6788	-77.031
42486	45116	599	0.762	-0.502
56083	56114	599	0.7205	-0.502
52559	54824	599	0.7202	-138.060
50412	50539	599	0.7042	138.061
50398	56083	599	0.7078	9.507
52203	54824	599	0.7272	0.502
42486	56083	599	0.6908	-120.050
52559	57628	599	0.7048	-129.055
45445	50398	599	0.6876	-86.538
50412	54376	599	0.7113	52.024
52203	52559	599	0.6922	138.562
56114	57628	599	0.6739	-42.517
45424	54376	599	0.6935	-33.511
45116	45424	599	0.7437	-43.018
52559	54376	599	0.7272	-43.019
45424	52559	599	0.7215	9.507
48572	52203	599	0.6887	-128.555
50412	56083	599	0.7369	9.005
54824	56083	599	0.7333	52.023
50398	52203	599	0.7268	-43.018
42486	50412	599	0.7883	-129.055
50895	54824	599	0.7419	-79.029
50412	52559	599	0.7394	95.042
45116	56083	599	0.6925	-119.548
50412	52203	599	0.7569	-43.520
45424	52203	599	0.7177	-129.055
50539	54824	599	0.7039	-181.079
42486	54824	599	0.7226	-172.073
45424	54824	599	0.7197	-128.553
48456	50895	599	0.6601	-43.018
50398	54824	599	0.7287	-42.516
42486	50398	599	0.7256	-129.557
42486	45424	599	0.7435	-43.520
54376	56114	599	0.664	-43.520
45116	50398	599	0.723	-129.055
52203	54376	599	0.6777	95.544
42486	45445	599	0.7107	-43.018
45424	50398	599	0.6931	-86.037
50398	52559	599	0.6984	95.544
42486	52559	599	0.7007	-34.013
50412	54824	599	0.7913	-43.018
45116	45445	599	0.7075	-42.516
45116	52203	599	0.7167	-172.073
52559	56083	599	0.7398	-86.037
52203	56083	599	0.7102	52.525
50398	54376	599	0.6969	52.525
45424	50412	599	0.7698	-85.535
50398	50412	599	0.7592	0.502
52559	56114	599	0.77	-86.539
50539	50895	599	0.6782	-102.050
12789	16766	600	0.7617	-0.131
18394	70623	601	0.7158	-50.017
24548	70623	601	0.5828	28.979
13568	18394	601	0.5811	-0.032
18372	28651	601	0.6094	-23.996
12538	13568	601	0.6342	-0.000
18372	18394	601	0.7023	-0.034
18394	24548	601	0.6155	-78.996
12538	70623	601	0.5936	-50.049
36809	54699	602	0.7123	-420.280
34583	54699	602	0.682	-190.157
54699	104760	602	0.7386	170.820
37139	54699	602	0.8493	-404.473
18750	22771	602	0.7358	-194.038
15632	104760	602	0.6823	-300.476
8178	104760	602	0.6989	-390.421
6188	104760	602	0.7156	-321.387
37139	104760	602	0.7413	-233.653
18750	54699	602	0.7185	-482.187
15632	37139	602	0.7112	-66.823
48341	55655	606	0.8109	-17.959
85862	87536	606	0.7164	-15.995
73489	85862	606	0.7967	1.012
48341	73489	606	0.8121	-78.034
30802	68816	611	0.6401	-231.098
68816	73541	611	0.6716	-49.010
30802	59342	611	0.6587	-46.057
34776	59342	611	0.6502	-68.062
68075	73541	611	0.6949	-50.013
30802	45106	611	0.6206	-50.019
68075	68816	611	0.707	-1.003
66463	66577	614	0.7881	-1.004
33623	48908	618	0.7541	18.009
33793	33959	618	0.7014	1.001
30030	33623	618	0.7371	-18.010
30460	48908	618	0.7657	17.035
33959	48908	618	0.7504	-0.000
33623	33959	618	0.8822	18.009
30030	30460	618	0.7546	-17.035
30030	33959	618	0.7336	-0.000
30030	48908	618	0.7567	-0.000
30460	33623	618	0.8678	-0.974
30460	33959	618	0.8303	17.035
65578	72053	621	0.5586	-0.039
44398	65578	621	0.5289	-168.060
47790	65144	624	0.6094	-122.138
34012	35321	627	0.529	-0.166
35321	35403	627	0.541	-1.833
34012	35403	627	0.5569	-1.999
64468	104660	630	0.57	-272.286
4750	47502	631	0.5522	-376.407
87891	88649	634	0.9381	-98.073
68870	84560	634	0.9046	-176.309
88649	89644	634	0.9019	102.068
84560	87189	634	0.9402	25.067
82178	87891	634	0.9492	-88.089
68870	87189	634	0.9087	-151.242
96718	104759	634	0.9114	-56.063
87891	94952	634	0.9455	3.995
82178	88649	634	0.9171	-186.162
87887	96718	634	0.9085	-23.033
94952	104759	634	0.918	-84.094
79038	88649	634	0.9216	-56.063
89644	94952	634	0.9024	-0.000
87891	96718	634	0.918	-24.036
79038	89644	634	0.9165	46.006
88649	96718	634	0.9025	74.037
79038	94952	634	0.9147	46.005
79038	87891	634	0.9574	42.011
68870	94952	634	0.9116	-84.262
82178	104759	634	0.9063	-168.188
68870	87891	634	0.9114	-88.257
82178	89644	634	0.9122	-84.094
88649	94952	634	0.9114	102.068
79038	82178	634	0.9251	130.100
83332	84560	634	0.9068	20.078
68870	82178	634	0.9246	-0.168
68870	96718	634	0.9069	-112.293
82178	96718	634	0.9313	-112.125
87891	89644	634	0.9491	3.995
82178	94952	634	0.9595	-84.094
84560	88669	634	0.9071	-9.695
17557	43388	637	0.6977	-9.017
43388	46451	637	0.6708	2.780
29198	52714	641	0.837	-103.990
22865	41004	641	0.8556	66.008
29432	38949	641	0.8013	-192.044
41004	52714	641	0.8243	18.011
16458	17798	641	0.7928	-44.027
55253	55274	641	0.8023	1.003
22865	29432	641	0.7818	232.035
38949	52714	641	0.7807	44.027
25597	41004	641	0.828	80.021
52714	55274	641	0.7861	-1.003
22865	38882	641	0.7813	21.981
29432	52714	641	0.8592	-148.016
38882	41004	641	0.7922	44.027
46312	52714	641	0.8185	-105.969
22865	25597	641	0.8011	-14.013
29432	41004	641	0.8323	-166.027
29432	46312	641	0.7857	-42.047
38949	41004	641	0.7948	26.016
52714	55283	641	0.816	-17.027
16458	25597	641	0.7872	-192.040
29432	55283	641	0.7864	-165.043
21067	43985	648	0.6417	97.062
52260	64376	649	0.7119	304.689
69454	86579	650	0.6451	-235.130
78707	86579	650	0.6497	-105.908
66992	68397	651	0.6965	-118.110
28889	68278	651	0.6009	-90.046
67271	67464	651	0.8252	-44.030
67271	68278	651	0.6167	151.108
66992	68285	651	0.7942	-30.047
67996	69188	651	0.863	-30.038
67271	67996	651	0.5371	227.166
67996	68397	651	0.8343	-74.075
68285	69188	651	0.9784	-44.026
66992	67996	651	0.741	-44.034
66306	68278	651	0.6589	13.997
28889	66992	651	0.7709	30.046
67271	69188	651	0.5738	197.128
68278	68397	651	0.7571	1.982
66992	69188	651	0.7802	-74.072
28889	68397	651	0.7806	-88.064
68397	69188	651	0.9375	44.037
67271	68397	651	0.5969	153.091
67464	69188	651	0.6333	241.158
68278	68285	651	0.7028	90.046
28889	68285	651	0.8505	-0.001
68278	69188	651	0.6892	46.020
68285	68397	651	0.8953	-88.063
67996	68285	651	0.8104	13.988
67996	68278	651	0.6228	-76.058
66306	67996	651	0.5031	90.055
67464	68285	651	0.5865	285.184
67271	68285	651	0.5152	241.154
28889	67996	651	0.6489	-13.988
28889	67464	651	0.5684	-285.185
28889	69188	651	0.8318	-44.026
67464	68397	651	0.6994	197.121
67464	68278	651	0.71	195.138
2550	66992	651	0.5212	-44.027
67464	67996	651	0.5865	271.196
22369	35773	656	0.5983	-176.121
64059	83670	657	0.8535	0.000
28464	64059	657	0.8129	0.000
29846	65723	658	0.7092	-127.855
65723	72697	658	0.7243	76.656
38831	39305	659	0.7595	-0.308
16232	76732	662	0.557	-389.419
71413	72954	665	0.7373	0.089
78065	87961	665	0.8914	-0.008
28144	46218	665	0.8242	-14.017
75266	87340	665	0.733	-14.023
77678	87340	665	0.8735	-0.009
71967	72176	665	0.8843	0.077
71413	85191	665	0.7328	-68.974
81737	85191	665	0.8574	-0.000
72851	72954	665	0.9474	-0.073
72954	79419	665	0.8014	-14.014
46218	81662	665	0.7449	-136.119
71413	81737	665	0.7516	-68.974
81037	87961	665	0.7728	-14.023
78065	81662	665	0.8372	68.068
72954	82624	665	0.7564	-14.014
78065	82624	665	0.7258	80.059
74665	78065	665	0.863	-68.062
45918	76437	665	0.7673	1.012
74665	87340	665	0.7294	-69.073
60991	87961	665	0.724	-52.075
83139	85592	665	0.8396	0.001
79419	81662	665	0.7347	-11.992
72176	72851	665	0.7597	1.001
71967	83028	665	0.7361	-14.012
72176	75266	665	0.7275	-80.134
79059	87340	665	0.8144	-68.070
76437	87339	665	0.7504	0.000
83139	86179	665	0.757	-14.016
81662	87961	665	0.8865	-68.076
45918	87340	665	0.7649	-204.186
28144	55979	665	0.7895	-56.066
77678	87961	665	0.7383	0.994
45918	46218	665	0.743	1.011
78590	86162	665	0.7446	-63.959
82624	86162	665	0.739	-76.034
87340	87961	665	0.7667	1.003
46218	87339	665	0.7258	0.001
71967	72954	665	0.8201	1.005
71413	72851	665	0.786	0.162
71967	75266	665	0.7488	-80.057
72851	81037	665	0.7896	-80.132
72954	81037	665	0.7418	-80.059
81662	87340	665	0.7204	-69.079
74665	81662	665	0.9105	0.006
46218	87961	665	0.7794	-204.194
72954	75189	665	0.7807	-0.089
74665	76437	665	0.7379	136.125
78065	81037	665	0.7706	14.015
60991	81662	665	0.7506	16.001
79419	82624	665	0.7357	-0.000
82624	87961	665	0.759	-80.067
77678	79059	665	0.7519	68.061
71967	72851	665	0.823	1.078
72176	72954	665	0.7234	0.928
72851	75189	665	0.8052	-0.162
46218	87340	665	0.744	-205.197
60991	74665	665	0.7337	15.995
55979	60370	665	0.8048	-214.025
72954	83810	665	0.7339	2.019
74665	87961	665	0.8948	-68.070
28144	76437	665	0.755	-14.016
83139	85191	665	0.7728	-1.004
60370	72851	665	0.7258	146.034
60370	65372	665	0.7618	-14.011
81737	83139	665	0.7598	1.004
60991	78065	665	0.7588	-52.067
78590	82624	665	0.7297	12.075
46218	74665	665	0.8022	-136.124
46218	76437	665	0.929	0.001
17034	34697	666	0.701	-23.998
17034	18395	666	0.7071	-24.000
46163	47073	666	0.7053	0.038
34697	47073	666	0.7183	-24.000
4621	5428	667	0.8091	-0.000
5428	10124	667	0.7605	0.054
78560	83728	667	0.8786	14.016
38136	53887	667	0.7902	133.896
78560	79064	667	0.7824	-52.037
38136	74747	667	0.7974	-21.018
14232	31669	667	0.7618	-56.026
4621	38136	667	0.821	-260.962
68570	83077	667	0.7738	-56.025
38136	40523	667	0.7922	5.924
75006	78560	667	0.8311	14.015
70179	75006	667	0.9233	0.000
3608	4621	667	0.8217	0.000
3608	10124	667	0.8193	0.054
49601	67091	667	0.8766	-0.004
49601	89621	667	0.8261	0.002
67091	75006	667	0.8757	-14.009
7584	10124	667	0.8668	0.054
53887	83077	667	0.8555	-23.984
4621	7584	667	0.9117	-0.000
70179	83077	667	0.7893	14.015
38136	54800	667	0.8132	-30.093
75006	83728	667	0.7871	28.031
14232	38136	667	0.7966	-109.947
67091	83077	667	0.8095	0.006
68570	89621	667	0.796	-56.025
53887	70179	667	0.7914	-37.999
70179	83728	667	0.8036	28.031
49601	70179	667	0.8468	-14.013
78560	83077	667	0.9141	-0.000
40523	54800	667	0.7648	-36.017
70179	89621	667	0.7921	14.015
49601	83077	667	0.8206	0.002
14232	57576	667	0.7776	-99.070
67091	78560	667	0.8643	0.006
83077	83728	667	0.815	14.016
70179	78560	667	0.8394	14.015
49601	53887	667	0.8008	23.986
3608	7584	667	0.8179	-0.000
53887	83728	667	0.8471	-9.968
78560	89621	667	0.9205	0.000
3262	7584	667	0.8869	0.003
49601	50387	667	0.7804	-0.999
67091	89621	667	0.8254	0.006
67091	70179	667	0.8426	-14.009
5428	7584	667	0.9197	0.000
53887	89621	667	0.8708	-23.984
14232	34183	667	0.7719	-70.041
4621	57576	667	0.8329	-250.085
3262	5428	667	0.9435	0.003
5428	8015	667	0.7944	-12.000
75006	89621	667	0.7808	14.015
38136	57576	667	0.8501	10.877
83077	89621	667	0.9231	0.000
67091	83728	667	0.8835	14.022
53887	67091	667	0.7887	-23.990
68570	78560	667	0.7685	-56.025
53887	57576	667	0.7984	-123.019
49601	83728	667	0.8776	14.018
14232	22290	667	0.7822	-42.014
53887	78560	667	0.8502	-23.984
3262	4621	667	0.8256	0.003
49601	78560	667	0.8667	0.002
3885	38136	667	0.7656	-204.859
83728	89621	667	0.8289	-14.016
49601	75006	667	0.842	-14.013
4621	10124	667	0.8132	0.054
2010	3885	667	0.8524	0.001
50409	57576	667	0.7626	-45.005
53887	68570	667	0.8391	32.041
24837	25167	670	0.6058	107.995
75858	77127	673	0.5821	2.016
16645	75232	673	0.6047	-179.191
16645	87237	673	0.5544	-225.194
75232	75802	673	0.5413	-1.001
83063	87237	673	0.6103	-14.015
58313	67399	673	0.8127	17.902
58249	68166	673	0.8996	19.008
75232	87237	673	0.669	-46.002
80339	83063	673	0.6758	1.004
81299	87237	673	0.5252	-16.030
67399	68166	673	0.8378	0.108
80339	87237	673	0.5315	-13.011
75232	75858	673	0.53	-31.988
81299	83063	673	0.5249	-2.015
58313	68166	673	0.9592	18.010
58249	58313	673	0.8328	0.999
67399	81299	673	0.5335	-118.045
58249	67399	673	0.771	18.900
48829	64279	674	0.5301	-85.023
53566	67514	676	0.8069	15.995
67514	69202	676	0.911	-55.910
34129	70969	676	0.7821	2.000
34243	59787	676	0.6447	0.057
58759	70969	676	0.807	0.000
68190	68996	676	0.7843	-0.994
84255	84256	676	0.8387	-2.001
68190	69534	676	0.7613	57.066
35247	36183	676	0.5975	-28.025
67514	69534	676	0.9561	0.157
68190	69455	676	0.8084	56.063
58759	59787	676	0.598	-1.003
36274	70969	676	0.7966	-0.007
35247	70969	676	0.7161	-14.013
46680	47037	676	0.7042	-0.094
33746	35247	676	0.6719	1.003
53566	68996	676	0.7618	-41.909
45468	47037	676	0.556	-15.995
33952	81578	676	0.5213	-187.213
53566	68951	676	0.6589	-40.032
36274	58748	676	0.9566	-2.002
69534	76643	676	0.671	-2.173
33952	70969	676	0.6756	1.003
69445	69463	676	0.7351	-57.067
68996	69534	676	0.9251	58.061
58730	58748	676	0.7859	1.008
35070	36761	676	0.7615	1.010
35145	58748	676	0.8673	-14.010
58748	70969	676	0.7951	1.994
68996	69202	676	0.9341	1.994
33166	36761	676	0.6984	-33.957
47370	47395	676	0.6743	1.993
57022	59787	676	0.7304	0.001
33952	58759	676	0.6994	1.003
34129	65704	676	0.5604	-31.958
59787	70969	676	0.602	1.003
33746	36274	676	0.6794	-13.003
84255	84525	676	0.672	-1.006
68996	69445	676	0.917	56.066
37100	37437	676	0.8069	1.000
81578	84255	676	0.5835	-71.880
35247	59787	676	0.5789	-15.016
67514	68996	676	0.9129	-57.904
34129	47395	676	0.6686	-31.962
69455	69534	676	0.7753	1.003
36404	39661	676	0.7357	1.992
84256	84525	676	0.661	0.995
81578	84256	676	0.5234	-73.881
34129	58759	676	0.8831	2.000
34129	35145	676	0.8133	14.016
47395	65704	676	0.655	0.003
33166	37100	676	0.5273	-36.961
67514	68190	676	0.682	-56.909
33746	36183	676	0.5417	-27.022
69202	69534	676	0.9417	56.067
33746	70969	676	0.6885	-13.010
57022	58730	676	0.75	-1.998
68951	68996	676	0.6422	-1.878
36638	37437	676	0.6759	-32.029
25781	47037	676	0.6472	-14.014
68951	69202	676	0.6657	0.117
69445	69447	676	0.7412	-1.005
58730	59787	676	0.6269	2.000
35145	58730	676	0.7369	-15.019
36183	37437	676	0.6967	-34.031
69447	69455	676	0.7938	1.996
36183	39449	676	0.5547	-1.007
25781	35145	676	0.5732	42.015
34129	36274	676	0.6188	2.008
67514	76643	676	0.6629	-2.016
67514	68951	676	0.6865	-56.026
68190	69447	676	0.7513	54.067
36274	59787	676	0.5914	-1.010
36183	36638	676	0.7253	-2.002
67514	69463	676	0.6741	-58.904
58748	58759	676	0.9555	1.994
57022	58759	676	0.8394	1.004
53566	69202	676	0.7687	-39.915
69445	69534	676	0.9769	1.995
35145	35247	676	0.8817	1.998
33952	59787	676	0.5958	-0.000
53566	69534	676	0.7806	16.152
35247	36274	676	0.8644	-14.006
69202	69463	676	0.674	-2.995
33746	58759	676	0.684	-13.010
33746	33952	676	0.6898	-14.013
68996	69463	676	0.7004	-1.001
33952	35247	676	0.596	15.016
36761	37100	676	0.553	-3.004
33952	36274	676	0.6938	1.010
69463	69534	676	0.6823	59.061
57022	70969	676	0.7526	1.004
34129	58730	676	0.783	-1.002
69455	69463	676	0.8137	-58.058
35145	69455	676	0.5529	-84.001
35070	39449	676	0.5445	32.029
33746	57022	676	0.7079	-14.015
67514	69445	676	0.9595	-1.838
33746	59787	676	0.6729	-14.013
58748	65704	676	0.5322	-31.965
36183	39661	676	0.5425	0.036
68951	69534	676	0.6499	56.183
68190	69202	676	0.6971	1.000
69447	69463	676	0.7349	-56.062
33166	37437	676	0.6869	-35.961
34243	35247	676	0.542	15.074
33166	35070	676	0.5376	-34.967
69202	69445	676	0.93	54.072
47395	58759	676	0.5669	33.962
68190	69445	676	0.6975	55.072
36638	36761	676	0.5623	-30.025
35247	57022	676	0.6787	-15.018
35145	36638	676	0.5446	-28.029
36274	57022	676	0.834	-1.012
34129	58748	676	0.9231	0.006
33952	57022	676	0.7592	-0.002
57022	81578	676	0.5578	-187.211
36183	36761	676	0.7075	-32.026
36274	47395	676	0.5729	-33.969
69445	76643	676	0.6855	-0.178
36761	37437	676	0.9349	-2.004
35247	58759	676	0.8658	-14.014
47037	58748	676	0.5219	42.019
47395	58748	676	0.6613	31.968
53566	69445	676	0.7601	14.157
45468	46680	676	0.5417	-15.901
47370	65704	676	0.6506	1.996
36274	58759	676	0.9835	-0.007
68190	69463	676	0.8927	-1.995
34243	57022	676	0.7033	0.056
35070	37100	676	0.7398	-1.994
33952	58730	676	0.735	-2.000
33952	34243	676	0.6503	-0.058
81578	84454	676	0.5839	0.994
63736	66663	677	0.7512	-1.003
63736	79307	677	0.7147	-2.018
88117	91553	678	0.576	0.000
50263	54216	679	0.828	-0.001
40174	68714	682	0.5364	42.032
18530	51626	684	0.6897	-86.110
16257	45363	684	0.6676	-176.964
32866	45363	684	0.7217	330.120
16257	51626	684	0.6959	-75.025
81125	83603	688	0.6223	-88.053
60097	91167	691	0.6369	-257.346
18046	27191	694	0.8454	32.029
11326	19069	694	0.8219	14.015
27191	27313	694	0.8191	-32.029
11326	27191	694	0.889	0.000
18409	27191	694	0.8591	0.001
18409	27313	694	0.8353	-32.027
18046	27313	694	0.9377	-0.000
11326	27313	694	0.8541	-32.028
11326	18409	694	0.8443	-0.001
11326	18046	694	0.8822	-32.028
11373	18409	694	0.8144	32.027
11373	27191	694	0.7703	32.029
12499	18409	694	0.883	-14.016
11373	27313	694	0.8329	0.000
11373	18046	694	0.8724	0.000
11326	11373	694	0.8012	-32.028
18046	18409	694	0.8932	32.027
12499	19069	694	0.8826	0.000
19069	27191	694	0.8339	-14.015
12499	27191	694	0.7618	-14.015
18409	19069	694	0.8766	14.016
83039	105997	697	0.8234	-49.163
94395	105997	697	0.8357	36.924
93469	94395	697	0.865	-28.031
92623	93469	697	0.8822	0.000
83039	86197	697	0.8393	-30.024
93469	101387	697	0.8357	53.950
7832	8784	698	0.7026	0.023
57891	94577	699	0.7056	-339.399
22043	94577	699	0.7122	-289.341
30166	100979	699	0.7049	-249.454
15977	94577	699	0.7078	-343.471
57891	100979	699	0.7163	-289.421
60003	61239	704	0.641	67.831
9340	61239	704	0.5959	-287.156
48968	60003	704	0.5675	-52.888
9340	60003	704	0.5045	-354.987
44306	47336	705	0.7465	26.976
63935	76648	705	0.7507	14.016
42828	47336	705	0.7886	-15.013
42661	42828	705	0.7677	-14.019
44306	51670	705	0.7555	27.982
42661	108811	705	0.7421	47.001
47336	51670	705	0.8937	1.006
44306	76648	705	0.7431	45.988
72768	74728	709	0.5384	-0.094
70390	74728	709	0.5148	-0.037
16891	39825	713	0.7093	115.173
37315	39825	713	0.7089	17.173
22596	37397	714	0.7075	-124.015
29369	46301	714	0.7763	-262.260
37397	38116	714	0.7193	-22.059
23853	46301	714	0.6869	52.882
38116	46301	714	0.7314	-110.073
22596	96735	714	0.7133	-348.376
96735	99560	714	0.6947	26.016
15460	96735	714	0.6994	-309.459
62303	71689	714	0.6881	34.791
10577	62303	714	0.6842	24.097
5646	96735	714	0.6958	-395.491
62303	66844	714	0.6872	-0.119
5646	23853	714	0.7419	-356.144
29369	96735	714	0.7146	-354.490
10577	38116	714	0.7211	23.963
38884	96966	716	0.6129	229.825
9233	48653	716	0.6245	-35.180
81408	90593	716	0.675	99.937
47379	96966	716	0.7006	-81.207
2392	47379	716	0.7543	168.746
44342	51440	716	0.6053	-176.145
51440	85125	716	0.6069	100.165
61428	96966	716	0.6051	98.998
81408	101407	716	0.6172	58.703
38884	48653	716	0.6384	220.931
40251	80936	716	0.6387	75.797
44342	70102	716	0.6929	-374.692
38377	48653	716	0.6226	45.849
2392	39487	716	0.6517	57.598
39487	44342	716	0.7163	193.162
9233	81408	716	0.6055	-227.147
80936	90593	716	0.6019	96.127
81867	88097	720	0.773	-14.014
80312	81867	720	0.7752	-0.141
33461	39994	724	0.6428	33.853
9957	33461	724	0.6545	-40.807
6024	6043	725	0.8071	1.003
6024	6042	725	0.6225	-0.994
5888	6024	725	0.5725	1.996
6042	6043	725	0.9566	1.997
51580	55036	731	0.6734	-152.149
56063	82559	733	0.6838	122.676
56063	64798	733	0.6496	-152.411
31256	56063	733	0.6404	327.193
74703	81218	738	0.6213	122.079
81218	83023	738	0.618	11.958
74703	83023	738	0.6221	134.037
18603	20261	741	0.6103	-2.009
17004	20261	741	0.7372	-16.023
17004	20280	741	0.6546	18.011
17004	18603	741	0.6768	-14.014
20280	20320	741	0.6707	27.995
20261	20325	741	0.6811	1.010
18603	20280	741	0.662	32.026
20037	20254	741	0.6355	21.030
20254	20280	741	0.6686	141.940
18603	24000	741	0.797	-0.076
20272	20280	741	0.6925	131.947
20254	20272	741	0.7591	9.993
18603	20325	741	0.7086	-0.998
16856	17004	741	0.6115	0.996
106125	107889	742	0.9487	0.101
106125	107838	742	0.9785	0.000
96550	107838	742	0.9709	-0.000
107838	107889	742	0.9713	0.101
96550	106125	742	0.978	-0.000
96550	107889	742	0.9557	0.101
48434	56261	746	0.6255	-102.072
51434	56453	746	0.5226	130.130
49492	55610	746	0.6771	28.032
46716	55528	746	0.6295	-56.058
55267	56261	746	0.5555	-42.050
50533	56453	746	0.7046	-12.030
46716	52538	746	0.9443	-14.019
49492	56261	746	0.7822	-58.046
51434	55610	746	0.5523	172.174
55267	56453	746	0.5553	1.983
2830	2969	746	0.6247	36.039
55528	56453	746	0.8341	-44.029
46716	52432	746	0.6407	-44.029
46716	50533	746	0.5619	-88.058
47334	49492	746	0.5376	-42.044
46716	48434	746	0.6964	-42.049
50533	55267	746	0.5878	-14.013
47334	50533	746	0.6977	-44.026
48434	56453	746	0.7824	-58.039
52432	55528	746	0.7045	-12.029
55528	56261	746	0.7296	-88.063
50533	52745	746	0.5352	-7.990
47334	55610	746	0.5642	-14.012
52538	55610	746	0.6816	-44.024
50533	56261	746	0.6865	-56.063
2332	2445	746	0.5636	-117.874
46716	51434	746	0.5092	-230.218
48434	50533	746	0.6348	-46.009
49492	55528	746	0.8876	30.017
49492	50533	746	0.759	-1.982
51434	52432	746	0.713	186.189
47334	56453	746	0.5244	-56.056
48434	52432	746	0.7904	-1.980
49492	52432	746	0.5608	42.047
52432	56453	746	0.5862	-56.059
1936	2445	746	0.5381	-14.015
2332	47334	746	0.5226	-118.055
49492	55267	746	0.5965	-15.995
2332	2830	746	0.568	0.086
48434	49492	746	0.7281	-44.027
55610	56453	746	0.6697	-42.044
55528	55610	746	0.8218	-1.985
46716	55610	746	0.696	-58.043
49492	51434	746	0.568	-144.142
48434	55528	746	0.8917	-14.009
48434	52538	746	0.5902	28.030
55267	55528	746	0.6214	46.013
48434	51434	746	0.6733	-188.169
56261	56453	746	0.7801	44.034
48434	55610	746	0.7235	-15.995
52538	55528	746	0.7074	-42.039
52432	52538	746	0.6649	30.010
49492	56453	746	0.8833	-14.012
50533	55610	746	0.6812	30.014
52432	55610	746	0.8176	-14.015
50533	55528	746	0.7406	32.000
31177	32893	749	0.6968	-89.896
23459	31169	749	0.6558	-49.974
35502	35535	749	0.6911	-1.004
25902	31160	749	0.8321	-28.031
24561	33832	749	0.6339	-117.928
23491	31159	749	0.6563	-47.977
35515	35537	749	0.6591	-1.998
23499	24532	749	0.7051	-21.943
31159	33833	749	0.6293	-91.894
23348	23491	749	0.6498	-31.042
24532	31177	749	0.7702	-28.031
31159	31160	749	0.797	-1.997
24321	35533	749	0.6704	-33.961
31159	33853	749	0.6738	-87.898
24561	31160	749	0.688	-30.029
24329	31169	749	0.8005	-28.031
23460	23491	749	0.6503	1.003
25902	31177	749	0.7694	-30.029
24341	35535	749	0.7063	-33.960
31137	31177	749	0.7701	-0.994
24532	31169	749	0.704	-30.028
24321	25902	749	0.7603	-0.994
31160	33833	749	0.6874	-89.896
31138	31160	749	0.6845	-0.994
23417	23491	749	0.6414	3.001
35535	35536	749	0.6612	-2.000
33832	33853	749	0.7207	1.998
24561	33853	749	0.675	-115.930
24532	25902	749	0.7463	1.998
24532	35515	749	0.7077	-33.960
24561	25902	749	0.759	-1.998
23417	23459	749	0.7109	-0.994
31159	33832	749	0.6658	-89.897
35502	35582	749	0.7078	1.996
24532	35537	749	0.6676	-35.959
31132	31169	749	0.6423	-0.994
24329	35537	749	0.6426	-33.962
23491	23499	749	0.7897	-1.998
31137	31160	749	0.7076	1.003
24321	24341	749	0.6663	-1.997
24561	35582	749	0.7995	-33.961
23417	31137	749	0.6238	-47.977
23491	24561	749	0.7389	-19.945
25902	35502	749	0.7706	-33.960
24341	31137	749	0.7679	-28.031
24341	24344	749	0.7041	-1.997
23460	24321	749	0.6542	-19.945
23459	24329	749	0.7076	-21.942
23459	24532	749	0.6852	-19.946
24532	31160	749	0.74	-26.033
24329	25902	749	0.7164	3.994
24341	25902	749	0.6755	1.003
31160	31169	749	0.7825	-3.995
24341	24532	749	0.689	-0.995
23417	23460	749	0.6894	1.998
31169	32893	749	0.6337	-87.899
31137	31159	749	0.6393	3.001
25902	31159	749	0.6996	-26.034
31132	31177	749	0.6495	1.003
23499	31160	749	0.6937	-47.977
23459	31177	749	0.647	-47.977
23460	23499	749	0.7251	-0.994
35537	35539	749	0.6252	-1.996
31137	31138	749	0.6679	1.997
35536	35537	749	0.7198	-0.994
35515	35535	749	0.6447	0.995
24321	31137	749	0.6275	-30.029
35502	35533	749	0.7359	0.993
35502	35537	749	0.6618	-3.997
35515	35539	749	0.6333	-3.994
31160	31177	749	0.816	-1.997
24329	31177	749	0.7435	-26.034
33832	33833	749	0.6538	-1.997
24561	31159	749	0.7653	-28.031
35535	35582	749	0.6562	3.000
23499	24341	749	0.6385	-20.948
31169	31177	749	0.6564	1.997
31177	33833	749	0.654	-87.899
23417	24341	749	0.7148	-19.945
23499	25902	749	0.7762	-19.945
24897	65919	751	0.8345	-82.974
65420	65422	753	0.6216	-1.992
6482	100963	762	0.5284	-482.432
17676	48496	766	0.6186	-110.874
35130	44533	766	0.6315	-102.129
16986	17676	766	0.5775	136.067
18096	35130	766	0.57	186.859
16876	18096	766	0.5807	-2.011
17676	18096	766	0.5855	-205.602
17676	35160	766	0.6269	5.238
35160	48496	766	0.6141	-116.112
14504	74574	768	0.6535	-112.932
65345	69475	768	0.6111	-126.730
59392	72374	768	0.6396	185.889
14504	59392	768	0.6101	-161.086
59392	72023	768	0.6483	173.889
69475	72374	768	0.601	61.556
50442	59392	768	0.6038	-164.129
51523	54625	769	0.7358	-90.026
51523	85619	769	0.6942	-256.207
51523	55598	769	0.689	-104.044
35632	56513	773	0.6014	318.998
16744	68614	774	0.6322	-163.118
68614	104615	774	0.5785	15.588
43510	104615	774	0.5087	-148.348
102167	104615	774	0.5092	-88.015
38536	43510	774	0.5126	157.595
19591	21034	775	0.6223	-16.991
21034	39232	775	0.5729	180.101
39232	74620	775	0.547	-332.386
21034	45851	775	0.5155	-59.153
92498	105906	775	0.5525	-82.245
21034	31249	775	0.6016	215.005
39232	105906	775	0.5206	-140.289
59737	59762	781	0.6787	1.996
38003	38085	781	0.7121	-1.997
38003	59762	781	0.5999	12.054
30190	32727	784	0.737	0.000
30190	32633	784	0.6614	-1.011
32727	40055	784	0.7367	-32.929
30190	40055	784	0.7877	-32.929
34279	40027	784	0.7555	-34.875
32727	40027	784	0.7356	-34.927
30190	34279	784	0.754	-0.052
30190	40027	784	0.7751	-34.927
40027	40055	784	0.8005	1.998
32727	33122	784	0.6691	-0.074
32727	34279	784	0.6809	-0.052
34279	40055	784	0.7297	-32.877
29498	49325	788	0.5199	44.859
35942	50036	789	0.6899	-28.031
17198	21460	789	0.6668	-2.016
20830	50036	789	0.7047	-56.065
20830	21460	789	0.7106	0.023
20830	35942	789	0.7141	-28.034
17704	56848	801	0.6866	-355.786
12873	95713	801	0.7037	-386.317
12873	56848	801	0.8197	-363.673
20098	95713	801	0.7058	-249.292
12873	95347	801	0.6868	-395.803
12873	55480	801	0.7013	-272.066
45834	55480	801	0.7405	-33.511
12873	20098	801	0.7251	-137.025
5559	17704	801	0.7031	-82.004
47137	47357	802	0.7082	21.977
35275	47357	802	0.791	-62.017
9496	50542	807	0.847	-99.185
9420	50542	807	0.912	-129.229
9421	51329	807	0.7907	32.056
9402	9496	807	0.8746	3.016
9402	9420	807	0.8573	33.059
9420	52976	807	0.8944	-128.226
9402	48381	807	0.8029	-95.089
50542	51999	807	0.9327	65.116
9429	50542	807	0.8249	-130.235
9420	9496	807	0.8682	-30.044
9429	9459	807	0.7607	-32.056
9420	9421	807	0.8796	-32.056
51329	52976	807	0.8173	-128.226
9424	9429	807	0.8135	-31.050
9421	9457	807	0.9709	0.152
9496	52976	807	0.8512	-98.182
50542	51329	807	0.8428	129.229
51446	51999	807	0.933	63.107
9421	50542	807	0.851	-97.173
9402	9459	807	0.8442	2.009
9421	52976	807	0.848	-96.169
51329	51999	807	0.8535	-64.113
9402	50542	807	0.8279	-96.170
9420	9429	807	0.8404	1.006
9402	51446	807	0.8612	-94.160
51446	52976	807	0.9298	-1.006
48381	51446	807	0.8728	0.929
9420	9459	807	0.8379	-31.050
9496	51999	807	0.8682	-34.069
9420	51329	807	0.8821	0.000
9459	48381	807	0.7655	-97.098
48381	51999	807	0.8835	64.035
48381	52976	807	0.9455	-0.077
9402	51806	807	0.8139	-95.922
50542	51446	807	0.9253	2.010
9459	51446	807	0.8319	-96.169
14979	14980	807	0.6267	-64.112
9459	52976	807	0.8051	-97.176
9420	51999	807	0.9279	-64.113
48381	50542	807	0.858	-1.081
51999	52976	807	0.9343	-64.113
9421	51446	807	0.8397	-95.163
9459	9496	807	0.8587	1.006
9420	51446	807	0.8979	-127.219
14979	51329	807	0.8013	-1.011
51806	52704	807	0.8248	0.886
9402	52976	807	0.8405	-95.166
9421	9459	807	0.8024	1.006
9429	51329	807	0.8108	-1.006
9421	51999	807	0.8431	-32.056
51329	51446	807	0.826	-127.219
9496	48381	807	0.8036	-98.104
9402	9421	807	0.8276	1.003
9402	51999	807	0.8719	-31.053
9459	51999	807	0.8423	-33.063
50542	52976	807	0.9238	1.003
9496	51329	807	0.7865	30.044
48381	51806	807	0.7697	-0.834
9421	9496	807	0.8223	2.013
9496	51446	807	0.8757	-97.176
70987	73559	808	0.6852	-0.072
70925	70987	808	0.6053	1.010
67993	77042	809	0.9573	-14.016
80467	84287	809	0.9328	28.031
66718	67482	809	0.9574	-0.109
78749	84287	809	0.9418	-14.016
84287	89388	809	0.9123	-28.031
69469	89388	809	0.9378	-28.031
80060	89388	809	0.9233	13.957
66718	69469	809	0.9165	-0.109
78749	80467	809	0.9237	-42.047
69469	80467	809	0.9263	-28.031
78749	80060	809	0.9157	-56.004
69469	84287	809	0.9184	0.000
67993	84287	809	0.935	-14.016
78749	89388	809	0.9215	-42.047
77042	84287	809	0.9402	0.000
67482	78749	809	0.9034	14.016
67993	78749	809	0.9503	-0.000
80060	80467	809	0.914	13.957
80467	89388	809	0.9388	0.000
69469	78749	809	0.9158	14.016
66718	78749	809	0.9057	13.906
77042	78749	809	0.957	14.016
57863	57944	811	0.5773	-41.973
12750	15090	814	0.7248	42.010
14223	53114	814	0.7171	49.812
10785	49386	814	0.7276	-352.223
69794	95252	814	0.7052	-138.182
10930	95252	814	0.7464	-246.255
22363	43726	814	0.7226	-65.067
29924	75174	814	0.701	-93.318
14223	49386	814	0.7082	-297.350
10930	57321	814	0.7013	24.941
10930	101987	814	0.7457	-117.269
15090	103685	814	0.7048	68.258
1268	75174	814	0.7792	-171.326
15090	75174	814	0.7135	-11.200
29469	53114	814	0.7171	188.957
12750	77633	814	0.7075	-113.103
43726	62788	814	0.7265	-271.177
15090	53114	814	0.7124	52.943
53114	57321	814	0.7147	2.009
10930	32042	814	0.7592	-334.161
14223	15090	814	0.7449	-3.131
1268	12937	814	0.7165	-156.131
43726	97975	814	0.7239	-159.240
12750	62788	814	0.7377	-238.224
40688	80284	815	0.746	-2.012
40688	42617	815	0.8479	-32.009
80284	88601	815	0.775	0.000
30831	40688	815	0.7436	-14.021
51140	87954	816	0.6673	-208.041
35659	87954	816	0.7735	9.040
35659	51140	816	0.645	217.080
32747	41610	819	0.7418	-220.131
32747	102457	819	0.731	-126.308
45037	102457	819	0.6608	-74.144
41610	85529	819	0.7016	83.966
43854	56712	819	0.7092	-12.930
45037	100115	819	0.7078	-259.055
32747	99278	819	0.7254	-254.686
56712	102457	819	0.6713	-28.348
57626	100115	819	0.6664	-356.189
46483	100115	819	0.677	-375.176
36179	86272	826	0.6959	-96.203
29013	86272	826	0.7176	123.833
86272	94812	826	0.6972	-24.094
36179	56190	826	0.6631	-62.110
15892	56190	826	0.6627	-202.100
49328	53138	831	0.872	1.996
53144	58872	833	0.588	-2.017
30334	31396	836	0.5953	0.874
30334	31295	836	0.5638	-0.128
31107	31396	836	0.5078	-1.006
30132	30248	836	0.7371	1.996
31311	31312	836	0.5963	7.995
30248	30334	836	0.8981	0.995
30059	30248	836	0.6177	-1.997
30248	30297	836	0.7582	-2.999
30132	30313	836	0.6926	-1.997
30132	30297	836	0.6837	-1.003
30248	30335	836	0.8005	-1.002
30334	30335	836	0.7444	-1.996
30248	30313	836	0.5145	-3.993
30297	30334	836	0.523	3.994
30059	30334	836	0.551	-1.003
31295	31396	836	0.6642	1.002
30297	30313	836	0.5442	-0.993
30297	30335	836	0.6154	1.998
31107	31311	836	0.5555	-107.920
30059	31396	836	0.9155	-0.129
30132	30335	836	0.7283	0.994
50609	63807	838	0.6862	-167.967
20572	50609	838	0.6836	-37.974
11634	20800	838	0.7334	71.043
11634	31807	838	0.705	-76.961
20800	69914	838	0.849	-117.194
20572	49651	838	0.7219	-308.048
20800	39795	838	0.7015	-145.961
11634	20572	838	0.7281	-36.021
34080	69914	838	0.7763	-30.135
29195	39795	838	0.6834	200.867
11634	34080	838	0.7052	-16.016
20800	34080	838	0.8089	-87.059
20572	31807	838	0.7041	-40.939
29442	30275	843	0.5493	-2.129
28122	29623	843	0.5421	0.031
29442	29623	843	0.8385	-1.997
25155	29623	843	0.5688	-56.008
25155	29442	843	0.52	-54.011
29623	30275	843	0.5872	-0.132
25155	25260	843	0.6819	-1.997
28122	29442	843	0.5138	2.028
24379	75087	844	0.5965	-46.395
11391	28579	846	0.7051	-37.290
11305	76098	850	0.691	-175.360
55033	72855	851	0.6187	-283.176
51517	54670	855	0.85	-56.063
62936	63719	855	0.8554	88.089
20907	63719	855	0.8781	-42.045
52720	53364	855	0.859	-74.107
51517	53364	855	0.8856	-56.097
12773	34561	855	0.86	0.094
19425	21341	855	0.8433	70.005
12773	19167	855	0.8428	-0.134
67714	68157	855	0.8473	0.014
52720	63719	855	0.8474	-14.014
51517	63719	855	0.8739	3.997
53364	72517	855	0.8952	-56.026
21336	21341	855	0.86	39.994
76774	83743	855	0.8529	-0.159
51431	53190	855	0.8675	0.115
20907	73361	855	0.8682	-56.062
51517	73361	855	0.9071	-10.021
21336	34871	855	0.9437	-206.058
53190	54670	855	0.8716	-0.081
62936	72517	855	0.8548	-28.031
63719	73361	855	0.9178	-14.017
21341	35137	855	0.8475	-241.095
19425	34871	855	0.8718	-176.047
21336	31568	855	0.8548	-236.069
51431	68157	855	0.8511	0.034
53364	62860	855	0.8648	30.083
83743	92024	855	0.899	-56.061
53364	84500	855	0.9155	0.034
62860	72517	855	0.9192	-86.109
59986	61395	855	0.8473	-0.056
54670	84500	855	0.9192	0.000
20907	62860	855	0.8433	-72.056
85351	87083	855	0.8691	0.018
76774	87083	855	0.8868	-0.176
83743	84500	855	0.8484	112.125
51517	52720	855	0.8603	18.010
19425	21336	855	0.8873	30.011
67714	84500	855	0.8473	0.014
34561	83743	855	0.8622	-0.303
32961	34871	855	0.8467	-452.110
23768	83743	855	0.8581	-0.149
84500	85351	855	0.8576	-112.160
53364	54670	855	0.9529	0.034
62860	73361	855	0.9088	15.993
83743	87083	855	0.908	-0.016
34561	51704	855	0.8585	-0.303
12773	15276	855	0.8605	0.000
62860	62936	855	0.8669	-58.079
51431	67714	855	0.8487	0.020
51495	83743	855	0.8709	-0.210
15276	19167	855	0.8423	-0.134
19194	21336	855	0.8422	-14.015
32961	62860	855	0.8433	15.995
83743	84391	855	0.8976	-4.025
72517	73361	855	0.9009	102.103
53190	84500	855	0.866	-0.081
53364	67714	855	0.8598	0.020
53364	73361	855	0.8732	46.076
76774	85351	855	0.8928	-0.194
53190	53364	855	0.8629	-0.115
52720	72517	855	0.8413	-130.134
52720	73361	855	0.879	-28.031
83743	85351	855	0.869	-0.034
34561	59986	855	0.8578	-0.207
53190	67714	855	0.8748	-0.095
51517	62860	855	0.866	-26.014
62860	63719	855	0.916	30.011
53364	83743	855	0.8466	-112.091
34561	92024	855	0.8626	-56.364
31568	34871	855	0.8998	30.011
23768	34561	855	0.8421	0.154
32961	72517	855	0.8419	-70.114
52720	62860	855	0.8521	-44.024
63719	72517	855	0.8738	-116.120
21341	34871	855	0.868	-246.052
51517	72517	855	0.8817	-112.123
52720	54670	855	0.8454	-74.073
60829	62796	856	0.6404	-14.016
23408	73029	860	0.666	-235.337
23408	24579	860	0.6788	-172.176
19620	102535	860	0.6603	-122.372
5649	23408	860	0.7216	11.965
19620	24579	860	0.6624	-42.104
5649	73029	860	0.7379	-223.372
5649	96577	860	0.6603	-331.208
54904	58204	861	0.6013	-204.025
56000	58193	861	0.6982	-203.018
58193	58205	861	0.5813	-1.003
54904	56000	861	0.7999	-2.000
54904	58203	861	0.5017	-1.004
58193	58204	861	0.619	0.993
58204	58205	861	0.6473	-1.996
54904	58162	861	0.7807	-203.022
58162	58205	861	0.5699	-2.999
58162	58193	861	0.8767	-1.996
58162	58204	861	0.7009	-1.003
13156	14345	864	0.7922	0.000
11228	57598	864	0.7436	-0.036
33132	33133	864	0.7858	-0.995
5073	13156	864	0.7698	0.000
13156	33132	864	0.7446	-12.000
33132	57598	864	0.8265	-2.015
50677	63912	866	0.5093	69.045
42575	50677	866	0.5349	-212.276
50677	87592	866	0.583	-133.207
63912	87592	866	0.5597	-202.252
41300	50237	867	0.7731	0.002
23044	50237	867	0.7074	0.001
23044	41300	867	0.7018	-0.000
26571	67471	868	0.6258	30.894
26571	78351	868	0.6326	215.996
24172	37978	869	0.6665	-146.150
24172	44565	869	0.6431	104.908
24172	40331	869	0.7136	57.830
9518	24172	869	0.6504	-208.067
23335	95316	870	0.6923	-240.267
6579	48049	872	0.7363	-122.938
48047	48049	872	0.7295	3.997
6468	6579	872	0.7947	31.045
6470	6579	872	0.7485	-27.983
48015	48047	872	0.7836	-1.997
48015	48049	872	0.85	2.000
6470	48049	872	0.7366	-150.921
6579	48015	872	0.7399	-124.938
6470	48015	872	0.7232	-152.921
12390	91527	875	0.6722	-168.538
8490	91527	875	0.679	-208.740
53282	83747	885	0.9708	0.000
33713	36915	885	0.9628	18.010
74367	81532	885	0.9164	0.000
67845	84232	885	0.9267	0.000
36915	83747	885	0.9128	0.000
67845	70147	885	0.9933	0.000
58058	71480	885	0.9186	0.000
10938	52656	885	0.9147	-17.963
33625	74367	885	0.9063	-68.063
53893	78293	885	0.9931	0.000
33625	33713	885	0.9698	-18.010
53893	70147	885	0.9574	0.000
53893	68791	885	0.9263	-14.016
30386	68791	885	0.9166	-2.016
33625	47329	885	0.9074	0.000
33625	83747	885	0.9144	0.000
67845	78293	885	0.9619	-0.000
53282	71480	885	0.9234	0.000
68791	78293	885	0.9174	14.016
33713	81532	885	0.9325	-50.052
36915	74367	885	0.9245	-68.063
49555	58598	885	0.9281	-2.016
49555	76891	885	0.9243	-14.052
50081	68753	885	0.9174	0.000
33625	50081	885	0.9122	0.000
68753	83747	885	0.9316	0.000
58058	68753	885	0.9394	0.000
53893	84232	885	0.9316	0.000
55268	68753	885	0.9245	54.047
49555	50081	885	0.9243	-0.036
47329	58356	885	0.9015	-32.026
58598	73318	885	0.9263	-148.145
31042	52656	885	0.943	-17.967
70147	78293	885	0.9581	-0.000
57729	58058	885	0.9205	2.016
79485	83747	885	0.972	0.000
62030	73318	885	0.9136	5.991
31042	40212	885	0.913	77.051
57729	71480	885	0.9096	2.016
58058	79485	885	0.959	0.000
53893	67845	885	0.9646	0.000
57729	73318	885	0.9574	-148.108
71480	83747	885	0.9415	0.000
78293	84232	885	0.9387	0.000
31042	31220	885	0.9199	18.014
36915	40212	885	0.9124	0.000
53282	58058	885	0.9727	0.000
33625	53282	885	0.9197	0.000
28236	53282	885	0.9207	0.000
28236	76879	885	0.9021	14.016
62413	79485	885	0.917	0.000
62413	71480	885	0.9211	0.000
53282	79485	885	0.9887	0.000
33625	68753	885	0.9807	0.000
47329	50081	885	0.9654	-0.000
58058	62413	885	0.9255	0.000
52656	53104	885	0.9043	-45.936
30386	53282	885	0.9187	0.000
70107	73318	885	0.9097	5.991
33713	68753	885	0.9495	18.011
62030	70107	885	0.9164	0.000
49555	71480	885	0.9299	-0.036
10938	31042	885	0.9157	0.004
33625	81532	885	0.9402	-68.063
36915	53282	885	0.9203	0.000
62413	83747	885	0.9254	0.000
30386	76879	885	0.9038	14.016
35830	70107	885	0.9045	17.027
57729	58598	885	0.9811	0.036
49555	83747	885	0.9358	-0.036
57729	79485	885	0.9122	2.016
68753	81532	885	0.9355	-68.063
58598	70107	885	0.9118	-154.135
49555	79485	885	0.9329	-0.036
36915	68753	885	0.9862	0.000
36915	55268	885	0.9236	-54.047
43904	49555	885	0.929	0.036
57729	70107	885	0.9199	-154.099
47329	68753	885	0.93	0.000
49555	53282	885	0.9276	-0.036
57729	62413	885	0.9527	2.016
53282	68753	885	0.9313	0.000
36915	81532	885	0.9498	-68.063
57729	83747	885	0.9299	2.016
71480	79485	885	0.924	0.000
58058	83747	885	0.9773	0.000
70147	84232	885	0.9223	0.000
33625	58058	885	0.9342	0.000
49555	62413	885	0.9313	-0.036
49555	58058	885	0.9295	-0.036
33625	36915	885	0.9862	0.000
36915	58058	885	0.9349	0.000
28236	68791	885	0.9138	-2.016
28236	30386	885	0.9893	0.000
47329	49555	885	0.9322	0.036
45332	47198	889	0.7165	-1.004
61477	70255	890	0.5561	0.038
15714	70255	890	0.546	-147.080
14679	51880	892	0.6889	15.977
14679	18030	892	0.724	-63.953
18030	97515	892	0.7097	-200.251
18030	51880	892	0.6911	79.930
14879	64204	897	0.7973	-422.229
6682	24086	897	0.7138	5.974
14828	24086	897	0.7151	-0.072
14828	93972	897	0.7115	-152.286
14879	29122	897	0.736	-309.122
14879	19020	897	0.7643	-29.974
56804	64204	897	0.7133	26.073
14828	56804	897	0.7045	-418.329
17457	27104	900	0.82	-0.000
92415	94176	902	0.7404	27.029
39840	39873	903	0.7885	-1.001
39873	40541	903	0.6534	160.613
40041	42611	903	0.7261	30.012
38973	40541	903	0.902	0.503
39840	40708	903	0.9126	30.009
33028	60258	903	0.5764	-226.024
38973	40542	903	0.636	-130.098
38324	39860	903	0.7451	1.007
39840	40542	903	0.7923	29.011
39860	39873	903	0.6564	128.074
38973	39860	903	0.6059	-288.183
38324	39840	903	0.6962	130.081
39860	40041	903	0.5916	127.077
40542	40619	903	0.6688	129.601
38324	40619	903	0.7144	288.693
42611	63362	903	0.5536	-64.932
40541	40619	903	0.7902	-1.000
38324	40708	903	0.6988	160.091
39840	39860	903	0.7688	-129.074
39860	40542	903	0.6447	158.086
39860	40708	903	0.742	159.084
33028	63361	903	0.6199	-154.005
38324	40542	903	0.7492	159.092
40041	40708	903	0.6594	32.007
38324	42611	903	0.7164	158.095
39873	40041	903	0.8101	-0.996
39840	40541	903	0.6684	159.612
40542	40708	903	0.7845	0.998
39840	40619	903	0.6643	158.612
38324	40541	903	0.6475	289.693
39860	42047	903	0.6772	30.010
39873	42611	903	0.7663	29.015
39860	40541	903	0.6197	288.686
40542	41953	903	0.6396	-129.084
40041	40619	903	0.6355	160.609
38973	40708	903	0.643	-129.099
39873	40542	903	0.9384	30.012
38324	42047	903	0.6512	31.016
42047	42611	903	0.5833	127.079
38324	39873	903	0.7736	129.080
38973	39873	903	0.6507	-160.110
38973	40619	903	0.8121	-0.497
38324	40041	903	0.7214	128.084
40041	40542	903	0.8445	31.008
40542	42611	903	0.7491	-0.997
40619	42611	903	0.6216	-130.597
40541	40708	903	0.6498	-129.602
39873	40708	903	0.7706	31.010
33028	40541	903	0.5815	41.519
39860	40619	903	0.6509	287.686
63361	64976	903	0.6158	2.017
40041	41953	903	0.6451	-98.076
60258	63361	903	0.5588	72.019
33028	64976	903	0.5481	-151.987
39840	42047	903	0.6992	-99.065
39873	40619	903	0.6895	159.613
40619	40708	903	0.6617	-128.602
38973	42047	903	0.5659	-258.174
39840	40041	903	0.6688	-1.997
38973	39840	903	0.6599	-159.109
40708	42047	903	0.6959	-129.074
38973	40041	903	0.5786	-161.106
40541	42047	903	0.5776	-258.677
12761	15146	906	0.7899	-15.995
1968	3030	908	0.8073	0.002
7550	48621	910	0.5564	-119.093
7550	63902	910	0.5472	-152.174
2155	2325	913	0.553	31.018
2124	2325	913	0.5256	2.002
81178	86031	915	0.5633	-70.038
29688	106353	916	0.7874	116.246
41932	42030	916	0.7959	-192.021
62738	106353	916	0.7165	148.308
62738	94482	916	0.6891	-232.993
41932	41941	916	0.6991	-73.910
42030	94482	916	0.725	-177.098
2216	42030	916	0.7194	-103.209
78168	92607	924	0.8735	-14.018
36954	55750	926	0.5501	-11.885
39651	39652	926	0.7346	-1.003
53885	55750	926	0.6351	-2.009
39651	53885	926	0.5457	-77.903
5522	20027	927	0.717	-84.095
5522	5606	927	0.809	-1.012
5592	13664	927	0.7326	11.998
5592	5744	927	0.9506	0.060
5586	20027	927	0.7318	-84.086
77137	77166	927	0.7092	-157.064
58409	72097	927	0.7365	15.936
25498	77166	927	0.7586	-228.243
72097	76070	927	0.7494	-160.086
5586	5592	927	0.7143	1.003
11505	73952	927	0.7115	-208.179
25744	58409	927	0.7073	-84.082
11505	25744	927	0.7325	-138.024
19683	77137	927	0.7117	-182.168
19245	73952	927	0.7239	-166.161
4661	5522	927	0.7204	-0.990
73952	76070	927	0.7438	-158.077
4661	5592	927	0.8198	0.003
5592	19683	927	0.8077	-84.098
5522	5592	927	0.7309	0.994
25744	72097	927	0.7303	-68.146
58409	76070	927	0.748	-144.150
5586	5606	927	0.8069	-1.004
5522	5586	927	0.8824	-0.009
76070	77166	927	0.7614	-1.014
25744	76070	927	0.7187	-228.232
76070	77137	927	0.7692	156.050
72097	77137	927	0.7331	-4.036
5744	19683	927	0.7569	-84.158
19683	76070	927	0.7083	-338.218
72282	76070	927	0.7118	-184.084
4661	5744	927	0.7929	0.063
11505	19245	927	0.7088	-42.018
35310	53591	928	0.6549	7.998
53591	59253	928	0.6276	-442.293
53591	54674	928	0.6959	-22.993
35642	38918	932	0.7035	-1.005
26408	56145	932	0.7286	-27.940
57488	69326	932	0.73	28.029
26845	56145	932	0.7216	-28.000
18650	56145	932	0.692	-27.999
18650	47517	932	0.8255	-373.024
18650	49744	932	0.706	-267.137
27812	57488	932	0.8272	-249.130
47517	49057	932	0.7331	207.970
49889	54574	932	0.7475	210.092
26845	42541	932	0.7279	-374.022
26408	57488	932	0.7426	-251.083
42541	47517	932	0.7886	0.996
35642	38156	932	0.8248	-0.004
49744	56145	932	0.6738	239.139
48814	49889	932	0.7105	-224.106
26408	49744	932	0.7317	-267.078
48814	54574	932	0.8239	-14.014
18621	47517	932	0.7406	-464.099
18650	42501	932	0.7523	-373.016
27812	35642	932	0.6622	-265.121
42541	49057	932	0.6985	208.966
38156	38918	932	0.7724	-1.001
18650	26408	932	0.7577	-0.059
26408	26845	932	0.7871	0.061
27812	38156	932	0.7498	-265.125
52631	52998	932	0.8539	-210.086
18650	49057	932	0.7057	-165.055
38918	52998	932	0.6696	-50.004
38156	57488	932	0.7332	15.995
26408	69326	932	0.7019	-223.054
49057	52998	932	0.7183	-153.088
42541	52631	932	0.7242	265.964
34799	47517	932	0.7079	-28.036
27812	49889	932	0.6735	-315.127
26845	42501	932	0.7624	-373.018
26845	34799	932	0.7251	-344.990
26845	47517	932	0.8501	-373.026
29837	35642	932	0.7091	2.020
49744	69326	932	0.7108	44.024
56145	57488	932	0.7018	-223.143
19059	49744	932	0.6989	-249.125
26408	47517	932	0.7745	-372.965
48814	49057	932	0.8672	-72.022
42501	47517	932	0.7747	-0.008
49057	54574	932	0.884	58.008
26845	49057	932	0.7377	-165.056
49057	49889	932	0.7695	-152.084
27812	69326	932	0.6854	-221.102
19059	26408	932	0.7288	17.953
42501	42541	932	0.692	-1.004
26408	42501	932	0.7102	-372.957
51290	56145	932	0.6661	30.010
18650	57488	932	0.7374	-251.142
42541	52998	932	0.7603	55.878
26408	34799	932	0.7179	-344.930
69326	72179	932	0.6841	-15.991
26845	27812	932	0.7846	-2.013
29837	38156	932	0.7169	2.016
49889	52998	932	0.7036	-1.004
49744	57488	932	0.7653	15.995
18650	26845	932	0.8202	0.001
42541	54574	932	0.6641	266.974
52998	54574	932	0.6704	211.096
47517	49744	932	0.7066	105.887
47517	57488	932	0.7583	121.882
49889	57488	932	0.7145	65.997
18650	27812	932	0.7026	-2.012
18650	42541	932	0.7041	-374.021
26845	57488	932	0.7641	-251.143
11592	16374	934	0.653	-26.056
11592	58455	934	0.6558	-329.313
53220	58455	934	0.6958	-212.138
13964	14650	935	0.7313	-107.005
1466	2708	937	0.8205	-0.021
51755	51924	939	0.9447	-18.010
56913	60362	940	0.67	-14.017
56878	56913	940	0.6143	1.001
56878	60362	940	0.5929	-13.015
46214	46230	942	0.5909	-119.040
46229	46230	942	0.8133	-0.999
46214	46229	942	0.6799	-118.041
42055	46229	942	0.8197	-0.002
44542	46229	942	0.5781	-118.038
42055	46230	942	0.7415	-1.001
42055	46214	942	0.5584	118.039
41122	57396	943	0.6876	286.084
31518	57396	943	0.7292	40.885
41122	70619	943	0.6884	194.021
57396	70619	943	0.7195	-92.062
41122	47420	943	0.6831	164.187
14968	57396	943	0.6885	-34.170
28242	57396	943	0.7859	15.996
14968	70619	943	0.7043	-126.232
49765	70619	943	0.693	266.043
32290	84776	946	0.5313	-225.524
84776	88222	946	0.543	166.099
32290	101261	946	0.5298	-137.487
65523	89256	952	0.7819	0.016
71086	89256	952	0.7314	-0.004
65523	71086	952	0.7894	0.020
18513	23035	953	0.6366	96.262
18513	33742	953	0.5529	55.097
33742	69390	953	0.5657	-185.060
19475	61085	953	0.6288	-23.050
33742	102714	953	0.5404	-224.286
18513	32398	953	0.6313	-212.875
6696	61085	953	0.5528	-328.244
2697	19475	953	0.5489	-375.296
69390	76040	953	0.5829	-52.238
10554	102714	953	0.557	-307.344
23035	37912	953	0.5628	-58.942
2697	6696	953	0.6069	-70.102
18469	18513	953	0.5815	-138.174
28836	37912	953	0.5816	-161.893
25059	69390	953	0.5469	-215.109
10554	28836	953	0.5772	61.058
18513	37912	953	0.6762	37.320
2697	102714	953	0.5795	-378.522
26311	29833	954	0.8957	-0.001
11447	15926	954	0.7751	140.854
9603	9671	954	0.8152	-0.992
9087	11480	954	0.8353	7.108
9087	9603	954	0.7863	-1.003
9640	41204	954	0.7357	56.725
7357	18219	954	0.8115	-24.004
9087	15926	954	0.862	145.965
23701	29833	954	0.8325	-0.001
7357	15926	954	0.7802	98.891
9640	11448	954	0.7826	10.019
9603	15482	954	0.7556	145.966
11447	11480	954	0.7817	1.996
11480	26311	954	0.7763	32.815
90592	91512	954	0.7976	-1.004
7357	91512	954	0.7893	-204.374
9640	23701	954	0.779	46.829
9640	11447	954	0.803	12.018
11480	15926	954	0.8327	138.857
11448	15926	954	0.8023	142.853
9603	91512	954	0.7783	-156.296
7357	9087	954	0.8162	-47.074
15926	29833	954	0.7931	-106.043
7338	9618	954	0.7764	-15.995
23701	26311	954	0.8052	-0.000
11448	11480	954	0.7924	3.995
91512	92843	954	0.7997	-13.013
9640	29833	954	0.7423	46.829
7357	9640	954	0.8114	-53.981
7357	11448	954	0.7891	-43.962
18219	23701	954	0.7776	16.853
9087	23701	954	0.7843	39.923
9087	11448	954	0.7895	3.113
7357	9671	954	0.7788	-49.070
11480	29833	954	0.7899	32.814
11447	11448	954	0.7966	-1.999
15926	91512	954	0.771	-303.265
7357	23701	954	0.821	-7.152
9671	11447	954	0.7689	7.107
11448	23701	954	0.7985	36.810
90592	92843	954	0.8776	-14.017
7468	9603	954	0.7432	-97.005
7468	9618	954	0.7471	-17.973
15926	23701	954	0.8079	-106.043
7357	11480	954	0.8466	-39.966
11480	37057	954	0.7804	2.856
11480	23701	954	0.7934	32.815
18219	91512	954	0.8181	-180.370
23701	91512	954	0.7971	-197.222
7357	29833	954	0.7841	-7.152
9087	9671	954	0.8095	-1.996
9087	29833	954	0.7866	39.922
9087	37057	954	0.8501	9.964
70633	88460	961	0.7126	26.992
3854	74485	961	0.7231	5.037
61900	106585	961	0.7101	-265.449
9523	106585	961	0.729	-365.312
9908	59670	961	0.7078	-261.028
70633	78672	961	0.7066	-457.313
14621	106585	961	0.7658	-395.455
78730	87639	961	0.7145	-185.735
9908	61056	961	0.7038	-1.996
37320	78730	961	0.7143	-155.348
70633	78730	961	0.735	-137.346
9908	78730	961	0.7919	-163.338
39774	106585	961	0.7155	-247.467
37320	74485	961	0.7087	-59.035
37320	39774	961	0.7053	-40.980
39000	53346	964	0.6222	-26.013
9823	10329	966	0.5141	31.950
1903	5807	969	0.6575	-42.009
4839	5508	969	0.7187	48.021
5807	44821	969	0.633	-346.253
665	3861	969	0.5098	0.003
5824	6438	969	0.5683	-114.032
3833	44821	969	0.7434	-388.261
5508	5824	969	0.6	-32.026
3735	6438	969	0.6553	-130.063
1903	3833	969	0.8436	-0.001
5807	5824	969	0.5561	27.992
4839	5807	969	0.6569	-11.997
3861	6438	969	0.5625	-127.048
4849	5807	969	0.6556	-10.997
4849	5824	969	0.6286	16.995
4839	5824	969	0.8053	15.995
4839	7037	969	0.6718	15.994
4849	5508	969	0.6496	49.020
1903	44821	969	0.7511	-388.261
5807	6438	969	0.7105	-86.040
4839	4849	969	0.7088	-1.000
4849	44821	969	0.6236	-357.250
1903	5508	969	0.6725	18.009
665	5824	969	0.5735	-13.013
3833	4849	969	0.6901	-31.011
5824	7037	969	0.7178	-0.001
1903	4839	969	0.9085	-30.011
4839	44821	969	0.7625	-358.250
3735	44821	969	0.6032	-390.276
3833	6438	969	0.6932	-128.048
3833	5824	969	0.7485	-14.016
3833	4839	969	0.8647	-30.011
5824	44821	969	0.6623	-374.245
3861	4849	969	0.6622	-30.011
1903	7037	969	0.6808	-14.017
1903	4849	969	0.6785	-31.011
3735	5807	969	0.6083	-44.023
1903	6438	969	0.6721	-128.048
3833	7037	969	0.6358	-14.016
7037	44821	969	0.5971	-374.244
4839	6438	969	0.6955	-98.037
3735	5508	969	0.6132	15.995
3833	5807	969	0.6484	-42.008
4849	6438	969	0.6215	-97.037
3861	5508	969	0.5593	19.010
665	7037	969	0.54	-13.013
1903	5824	969	0.8004	-14.016
5508	5807	969	0.6507	-60.018
5508	44821	969	0.6411	-406.270
5508	6438	969	0.6568	-146.057
3833	5508	969	0.7741	18.010
3861	5807	969	0.5547	-41.008
6438	44821	969	0.685	-260.213
9721	66965	971	0.5706	-4.048
48052	66965	971	0.5687	11.023
180	2441	974	0.828	1.995
184	2441	974	0.9238	-0.037
5	2441	974	0.8464	-18.011
8143	10247	975	0.6348	-11.999
49292	108943	977	0.625	-148.038
71681	108943	977	0.6342	0.132
49292	83974	977	0.6275	-297.424
108725	108943	977	0.6584	74.019
25879	50729	982	0.7944	-47.976
43758	44442	983	0.6918	0.913
43821	44409	983	0.84	-0.085
43758	44980	983	0.8237	-1.987
43821	44322	983	0.6682	-0.997
38202	45922	983	0.6909	-1.998
44435	45922	983	0.8646	2.000
43758	44459	983	0.8438	-0.091
38202	44435	983	0.7138	-3.998
38202	40173	983	0.68	-1.995
44980	45922	983	0.7914	0.998
44322	44442	983	0.9477	-0.094
43758	44322	983	0.754	1.007
44435	44980	983	0.7541	1.002
44442	44459	983	0.7339	-1.003
44322	44459	983	0.728	-1.098
44322	44409	983	0.6622	0.912
21485	33348	986	0.5215	-0.001
19661	21485	986	0.5512	0.000
33348	43568	986	0.5256	-403.138
19661	33348	986	0.527	-0.001
68914	69558	987	0.8723	-1.003
69305	74712	987	0.8179	1.251
67853	70507	987	0.8494	-1.003
71617	81936	987	0.7583	58.078
67992	68594	987	0.839	-1.003
71617	74712	987	0.8484	0.248
69305	70507	987	0.9354	14.016
70507	71617	987	0.7661	-13.012
67853	71617	987	0.8655	-14.015
65908	67013	987	0.7558	1.003
54306	67992	987	0.7562	18.011
54306	68594	987	0.7628	17.008
67013	67992	987	0.8148	-14.016
67013	71617	987	0.7899	-2.016
65908	68594	987	0.8059	-14.016
69305	71617	987	0.9103	1.003
68914	71617	987	0.7592	14.016
5138	90823	988	0.6631	-232.351
5138	56951	988	0.6832	-218.189
32653	34979	988	0.6773	191.317
15882	32653	988	0.6878	-332.138
15882	56951	988	0.6928	-100.075
55718	90823	988	0.6713	-175.305
929	5138	988	0.683	460.856
45161	46887	989	0.5591	0.000
46887	47659	989	0.7332	-1.003
83890	84734	993	0.6501	-1.001
83890	84732	993	0.7003	235.193
84732	84734	993	0.5506	-236.194
9498	79325	994	0.6025	-486.434
27589	35322	995	0.6686	-105.116
8571	35322	995	0.6438	-189.210
22666	35208	997	0.6606	46.934
18500	101394	998	0.8509	0.057
99617	103343	998	0.999	-0.000
20548	107539	998	0.8771	0.012
99617	107539	998	0.9984	0.028
20548	99617	998	0.8616	-0.016
97132	99617	998	0.9504	0.000
20548	103343	998	0.8509	-0.016
20548	51483	998	0.8423	0.000
101394	105430	998	0.9388	-0.000
20548	63860	998	0.9224	0.000
63860	107847	998	0.8266	-0.016
101394	103343	998	0.9993	-0.000
101394	107847	998	0.907	-0.000
20548	97132	998	0.8528	-0.016
18500	107847	998	0.8234	0.057
97132	105430	998	0.9971	-0.000
18500	105430	998	0.9218	0.057
18500	99617	998	0.8517	0.057
97132	101394	998	0.9484	0.000
20548	105430	998	0.8522	-0.016
103343	107847	998	0.9033	-0.000
103343	107539	998	0.9962	0.028
20548	107847	998	0.9232	-0.016
97132	107539	998	0.9578	0.028
18500	107539	998	0.8671	0.085
97132	103343	998	0.947	-0.000
18500	97132	998	0.9064	0.057
99617	101394	998	0.9997	0.000
107539	107847	998	0.9176	-0.028
105430	107847	998	0.9012	-0.000
101394	107539	998	0.998	0.028
105430	107539	998	0.9488	0.028
103343	105430	998	0.9361	0.000
51483	84504	998	0.9363	0.000
20548	101394	998	0.86	-0.016
99617	105430	998	0.941	-0.000
18500	20548	998	0.8332	0.073
18500	103343	998	0.8416	0.057
97132	107847	998	0.9099	-0.000
99617	107847	998	0.9086	-0.000
33164	77780	1001	0.9254	-54.045
44570	77780	1001	0.9285	-38.051
39337	40238	1008	0.6669	1.003
12330	24509	1008	0.7493	-29.031
12330	40238	1008	0.8641	-56.063
12574	40238	1008	0.765	-56.156
24509	39337	1008	0.7559	-28.034
12395	39337	1008	0.6835	-56.065
12330	68488	1008	0.8569	-140.157
40238	68488	1008	0.9335	-84.094
24390	24509	1008	0.7753	-1.000
24390	68488	1008	0.8562	-112.125
24509	40238	1008	0.7199	-27.031
24390	40238	1008	0.8609	-28.031
24390	39337	1008	0.7086	-29.035
24509	68488	1008	0.7031	-111.125
12574	24390	1008	0.6737	-28.124
12330	24390	1008	0.8761	-28.031
12330	12574	1008	0.8448	0.093
12574	68488	1008	0.7861	-140.250
40945	73993	1017	0.6553	63.044
40945	70436	1017	0.6313	103.153
70436	72402	1017	0.6504	-91.151
73993	81270	1017	0.6441	136.122
42440	93713	1019	0.6926	69.897
68559	93713	1019	0.6223	203.658
75350	93986	1028	0.6733	92.888
6771	38788	1030	0.6934	-125.066
38788	97402	1030	0.6701	8.881
38788	98125	1030	0.7053	-132.264
6771	11877	1030	0.7093	106.140
18262	37776	1031	0.707	-75.229
18262	34655	1031	0.6852	-90.247
34655	37776	1031	0.687	15.018
2833	109138	1037	0.7115	14.015
31088	42334	1037	0.9987	0.000
42334	107977	1037	0.9974	-0.001
14507	109138	1037	0.8878	0.104
14507	58457	1037	0.8776	0.000
27273	107977	1037	0.9995	-0.001
107977	108652	1037	0.8128	-31.949
20245	109138	1037	0.8928	0.090
27273	42334	1037	0.998	-0.000
31088	107977	1037	0.9987	-0.001
36959	107977	1037	0.997	-0.001
27273	31088	1037	0.9992	-0.000
20245	27273	1037	0.9035	0.072
14507	20245	1037	0.8766	0.014
31088	36959	1037	0.9978	0.000
20245	31088	1037	0.9086	0.072
20245	107977	1037	0.909	0.071
20245	36959	1037	0.8935	0.072
36959	42334	1037	0.9981	-0.000
27273	36959	1037	0.9976	-0.000
20245	42334	1037	0.8968	0.072
59195	73648	1038	0.6079	15.995
86017	89841	1038	0.8907	-46.042
86442	89049	1038	0.8609	-10.021
57840	86017	1038	0.5908	75.994
86017	89469	1038	0.7992	56.026
57840	73648	1038	0.6113	14.990
86017	86442	1038	0.9109	-18.010
50752	73005	1038	0.6704	-68.063
59195	86442	1038	0.6125	58.989
59195	73531	1038	0.5945	16.054
35052	86466	1038	0.6474	-270.256
20183	86017	1038	0.6893	-32.245
20183	86466	1038	0.7047	23.782
73531	73648	1038	0.6587	-0.059
86466	89049	1038	0.8514	-84.057
20183	89049	1038	0.6594	-60.276
73648	75994	1038	0.6233	1.063
82695	89049	1038	0.7437	-56.063
73849	75994	1038	0.79	0.059
82695	89841	1038	0.8066	-74.074
89469	89841	1038	0.7617	-102.068
59195	89049	1038	0.5807	48.968
86442	86466	1038	0.9318	74.037
86442	89469	1038	0.8016	74.036
82695	89469	1038	0.7057	27.994
35052	86442	1038	0.6459	-344.293
57840	86466	1038	0.605	132.021
57840	86442	1038	0.5924	57.984
35052	89049	1038	0.6074	-354.313
59195	86466	1038	0.6277	133.026
57840	73849	1038	0.7037	15.995
57840	59195	1038	0.7161	-1.004
35052	86017	1038	0.6273	-326.283
59195	89841	1038	0.584	30.957
86466	89841	1038	0.8904	-102.068
86017	89049	1038	0.8469	-28.031
89049	89841	1038	0.8045	-18.011
20183	86442	1038	0.6774	-50.255
73531	73849	1038	0.7515	0.945
89049	89469	1038	0.769	84.057
59195	86017	1038	0.6028	76.999
35052	50752	1038	0.6333	-19.051
59078	74362	1038	0.6033	15.995
86017	86466	1038	0.9105	56.027
73849	74362	1038	0.643	30.010
57840	59078	1038	0.7069	30.010
35052	89841	1038	0.606	-372.324
20183	82695	1038	0.5959	-4.213
20183	89841	1038	0.6426	-78.286
59195	89469	1038	0.5863	133.025
86442	89841	1038	0.9103	-28.031
73531	75994	1038	0.8206	1.004
82695	86017	1038	0.8287	-28.032
59195	73849	1038	0.6378	16.999
82695	86442	1038	0.8257	-46.042
82695	86466	1038	0.828	27.994
86466	89469	1038	0.8198	-0.000
35052	89469	1038	0.601	-270.256
73648	73849	1038	0.6756	1.004
20183	89469	1038	0.6645	23.781
82662	87050	1039	0.7073	-159.134
43227	73971	1039	0.641	158.692
32182	73971	1039	0.6698	35.923
78473	87050	1039	0.7231	129.044
73971	87050	1039	0.6714	41.095
35743	87050	1039	0.6879	-199.238
17608	25521	1040	0.8096	0.000
17608	30746	1040	0.7267	-28.030
35211	58373	1046	0.7667	-14.012
11089	11092	1046	0.7517	-60.021
11089	58373	1046	0.8119	56.983
7247	35211	1046	0.8073	-2.058
7247	22795	1046	0.8402	-2.057
34702	49148	1046	0.8416	0.004
44161	49148	1046	0.7778	-0.000
49148	58373	1046	0.8093	0.002
22795	32221	1046	0.9343	-0.001
34702	44161	1046	0.8282	0.004
32221	58373	1046	0.7759	-14.012
22795	35211	1046	0.8185	-0.000
6185	7247	1046	0.7493	0.984
32221	35211	1046	0.83	0.001
34702	58373	1046	0.9001	0.005
44161	58373	1046	0.7951	0.001
10526	11089	1046	0.781	0.100
7247	32221	1046	0.8228	-2.058
4908	7247	1046	0.75	-26.014
71431	83835	1047	0.5684	-266.574
36868	71431	1047	0.5087	-27.993
80968	87187	1049	0.9246	0.000
62528	71984	1051	0.6246	138.977
27677	44202	1051	0.6378	13.945
27677	62528	1051	0.6677	-225.121
60229	104414	1052	0.7457	-82.529
74301	74814	1056	0.6406	-14.018
76958	78398	1056	0.5833	-14.016
71740	72740	1056	0.6469	-14.015
71740	74301	1056	0.5755	-1.001
71740	74814	1056	0.5752	-15.019
72740	76958	1056	0.5648	-14.016
71740	76958	1056	0.6063	-28.031
14927	74301	1056	0.5628	-98.183
74301	76958	1056	0.5617	-27.030
71740	78369	1056	0.6072	-14.052
72740	78369	1056	0.7028	-0.036
76958	78369	1056	0.6079	13.979
74814	76958	1056	0.5713	-13.012
49185	57894	1060	0.6849	0.000
51091	58804	1060	0.7027	-24.065
51091	57894	1060	0.7436	208.044
64681	66487	1061	0.6907	-44.179
64681	70092	1061	0.7096	134.954
63904	66487	1061	0.6986	-92.235
66487	70092	1061	0.6954	179.133
81648	85359	1065	0.8399	-28.054
78988	85359	1065	0.8218	-28.034
85359	88226	1065	0.876	-106.152
81648	88226	1065	0.839	-134.206
88226	95654	1065	0.831	0.075
53109	106098	1068	0.8773	-82.003
64616	98369	1068	0.8707	-39.992
96701	100250	1068	0.9238	-27.920
71942	76747	1068	0.8663	-14.015
105089	106098	1068	0.9519	0.000
64616	105089	1068	0.8772	-39.992
96701	103706	1068	0.9271	-27.920
64616	76747	1068	0.9217	-26.051
100250	105089	1068	0.9104	0.000
99252	99343	1068	0.937	14.016
82834	96701	1068	0.9166	15.995
99343	106098	1068	0.9342	-13.904
55138	82834	1068	0.8537	-70.154
55138	105089	1068	0.8708	-82.079
103706	105089	1068	0.9118	0.000
82834	99252	1068	0.9061	-12.037
71942	100250	1068	0.8796	-27.957
82834	105089	1068	0.9119	-11.925
55138	99343	1068	0.8857	-68.175
99252	100250	1068	0.9008	0.112
76747	82834	1068	0.8604	-2.016
99252	106098	1068	0.9373	0.112
71942	98369	1068	0.8716	-27.957
64616	99343	1068	0.8978	-26.088
71942	96701	1068	0.8966	-0.037
96701	99343	1068	0.9451	-14.016
71942	99343	1068	0.8796	-14.053
53109	55138	1068	0.8844	0.075
100250	106098	1068	0.9022	0.000
64616	106098	1068	0.8662	-39.992
99343	103706	1068	0.9205	-13.904
64616	103706	1068	0.8988	-39.992
53109	103706	1068	0.875	-82.003
53109	100250	1068	0.888	-82.003
96701	106098	1068	0.9453	-27.920
99252	105089	1068	0.9446	0.112
53109	99252	1068	0.8755	-82.115
103706	106098	1068	0.9085	0.000
53109	98369	1068	0.8802	-82.003
99343	100250	1068	0.912	-13.904
99252	103706	1068	0.9009	0.111
53109	96701	1068	0.9126	-54.083
82834	99343	1068	0.9114	1.979
64616	96701	1068	0.9098	-12.072
100250	103706	1068	0.8905	-0.000
96701	99252	1068	0.9471	-28.031
53109	105089	1068	0.886	-82.003
64616	71942	1068	0.8915	-12.035
53109	64616	1068	0.8892	-42.011
55138	64616	1068	0.8751	-42.087
99343	105089	1068	0.9469	-13.904
55138	106098	1068	0.869	-82.079
96701	105089	1068	0.9535	-27.920
55138	99252	1068	0.8595	-82.190
82834	103706	1068	0.8695	-11.925
82834	106098	1068	0.9053	-11.925
82834	100250	1068	0.9014	-11.925
71942	103706	1068	0.8655	-27.957
53109	82834	1068	0.9127	-70.078
79662	83635	1069	0.6873	-14.055
15517	73507	1070	0.6846	-163.244
28747	69597	1070	0.6803	-104.316
14959	28747	1070	0.6854	3.158
12815	73507	1070	0.6962	-226.409
28747	73507	1070	0.7474	-156.490
14959	73507	1070	0.7233	-153.332
15517	28747	1070	0.701	-6.754
61140	83115	1077	0.5363	15.995
83490	84516	1078	0.6913	0.000
55526	56199	1080	0.8439	0.058
68691	85045	1081	0.5627	-43.045
68691	80264	1081	0.6988	-42.044
58560	80264	1081	0.6449	-62.071
58560	68691	1081	0.7656	-20.027
58560	85045	1081	0.5673	-63.072
63030	67910	1083	0.7181	-14.015
62261	66580	1083	0.6399	0.932
62261	67910	1083	0.6705	-13.010
63030	66580	1083	0.7485	-0.073
62261	63030	1083	0.6706	1.005
74037	81091	1088	0.7333	-50.016
74037	74267	1088	0.7393	-1.004
74037	74268	1088	0.7364	-380.203
74200	74268	1088	0.7417	1.002
68867	74037	1088	0.6949	18.013
56548	56558	1094	0.6801	-1.997
21242	79493	1095	0.5755	-113.165
31385	35643	1102	0.7947	1.996
31502	35832	1102	0.8958	-1.996
35643	35832	1102	0.8479	-1.996
31385	31502	1102	0.8203	1.996
31502	35643	1102	0.8819	0.000
50499	56057	1105	0.5192	-14.058
49469	71247	1105	0.5242	-42.042
49235	50128	1105	0.5536	-43.983
49469	50128	1105	0.5796	0.047
49469	59610	1105	0.5241	-58.042
49235	56057	1105	0.742	-14.018
56057	57076	1105	0.5057	-44.031
50128	56057	1105	0.5502	29.965
57120	59610	1105	0.5061	-44.070
50128	57120	1105	0.5836	-14.019
56057	57120	1105	0.5027	-43.984
57076	57120	1105	0.6469	0.047
49469	57076	1105	0.5661	-14.019
55803	85615	1109	0.6132	-401.393
38629	68752	1114	0.657	140.190
68752	71846	1114	0.6367	129.883
12642	77104	1115	0.7207	-76.764
77104	94219	1115	0.6933	-105.354
6030	9717	1121	0.7808	-0.057
5714	9717	1121	0.7331	0.014
5714	6030	1121	0.743	0.070
6287	8327	1124	0.7664	13.979
27569	31504	1124	0.7827	0.036
8327	10144	1124	0.7759	0.017
10144	10381	1124	0.7864	-0.017
8327	31504	1124	0.7955	0.000
77702	88625	1125	0.5595	-6.763
77702	91408	1125	0.5958	-92.069
45011	51305	1126	0.6811	-27.995
21890	43749	1126	0.7445	68.048
21322	51305	1126	0.6809	218.267
19093	27636	1126	0.706	-217.077
8445	43749	1126	0.7032	-186.031
19093	43749	1126	0.7291	-228.041
21890	51305	1126	0.7338	68.048
21890	86193	1126	0.7879	-125.069
27074	27109	1131	0.7891	-1.003
27078	32165	1131	0.7101	0.024
27078	32295	1131	0.8122	0.000
27074	27078	1131	0.7272	29.999
27078	46514	1131	0.7065	-42.964
32165	32295	1131	0.7373	-0.024
94597	103838	1135	0.6692	-64.195
8318	70400	1136	0.5223	-492.269
25051	75536	1136	0.5137	-368.525
25051	70400	1136	0.6125	-439.350
40454	41379	1137	0.684	18.010
92751	103434	1138	0.5496	-15.022
48478	90634	1138	0.5579	-216.047
48478	52781	1138	0.5361	71.160
90634	105120	1138	0.5259	72.825
103434	105120	1138	0.5486	14.985
57701	105120	1138	0.5284	-86.183
15755	40038	1140	0.5399	167.931
48547	78260	1140	0.584	-169.085
16607	78260	1140	0.5908	-152.083
15755	78260	1140	0.5605	-225.144
40038	48547	1140	0.5563	-223.989
15755	16607	1140	0.5337	-73.061
75187	76083	1141	0.9045	2.992
75187	83515	1141	0.9221	-98.072
70377	75187	1141	0.9319	-12.000
7572	40803	1142	0.5662	-142.041
75887	83150	1143	0.9445	-56.084
64780	67273	1145	0.6159	-89.885
37628	41442	1153	0.8463	1.939
37225	41442	1153	0.9603	-0.057
37225	38950	1153	0.8578	-2.015
37225	37628	1153	0.8964	-1.996
37225	39437	1153	0.8518	-17.033
37628	39437	1153	0.7723	-15.037
38950	41442	1153	0.8437	1.958
37628	39436	1153	0.8189	0.988
37628	38950	1153	0.9701	-0.019
38950	39437	1153	0.7669	-15.018
38950	39436	1153	0.8009	1.007
39437	41442	1153	0.8819	16.976
37225	39436	1153	0.6957	-1.007
12706	102767	1156	0.6852	-15.978
21565	41671	1156	0.8635	-59.779
8300	21565	1156	0.7281	93.170
12706	63695	1156	0.6948	59.106
20797	102767	1156	0.6951	-211.187
12706	41671	1156	0.7235	47.436
71595	72835	1157	0.5708	21.979
71595	71978	1157	0.6086	-60.023
89636	91663	1163	0.681	15.019
85339	90010	1163	0.654	-42.047
86339	90368	1163	0.7842	-29.035
85297	86250	1163	0.882	-26.016
88619	90010	1163	0.7578	-26.014
88619	90368	1163	0.7936	-15.019
85313	89636	1163	0.6939	-28.031
85297	89636	1163	0.8304	-29.035
85297	86339	1163	0.8216	-14.016
59960	85297	1163	0.7721	-0.025
86339	91453	1163	0.9045	-28.031
86250	88619	1163	0.8622	-2.016
85297	86323	1163	0.8409	-15.019
63098	85297	1163	0.7369	13.991
60038	85339	1163	0.657	-11.021
86323	91453	1163	0.7938	-27.028
89209	90368	1163	0.7808	-3.019
88928	89636	1163	0.7169	-28.035
60038	66540	1163	0.7034	-28.031
88619	90802	1163	0.7377	0.087
44199	91663	1163	0.6453	-1.193
86323	88928	1163	0.6859	14.020
86323	89703	1163	0.679	15.023
48148	85339	1163	0.6574	-44.158
86323	87168	1163	0.6834	-26.016
63098	89209	1163	0.6824	-26.040
63130	66540	1163	0.7324	-14.014
86323	89209	1163	0.8013	-25.012
89703	91453	1163	0.8449	-42.051
60038	85297	1163	0.7204	0.977
60038	63098	1163	0.83	-13.013
86250	89636	1163	0.7512	-3.019
60693	91663	1163	0.6486	94.940
60693	63130	1163	0.6888	93.962
88928	90368	1163	0.7899	-42.051
85313	86250	1163	0.7178	-25.012
63130	66423	1163	0.7127	-13.011
86339	89209	1163	0.8863	-26.015
89209	91453	1163	0.8577	-2.016
66423	86339	1163	0.6889	13.990
66423	89209	1163	0.6963	-12.025
85339	88619	1163	0.7819	-16.033
63098	63130	1163	0.7839	-1.004
66540	86323	1163	0.6611	13.989
88619	91453	1163	0.7932	-14.016
60038	89636	1163	0.6924	-28.057
60038	63130	1163	0.7796	-14.017
86339	89703	1163	0.7434	14.020
86250	89209	1163	0.7468	-14.016
90368	91453	1163	0.7851	1.003
89209	89703	1163	0.7341	40.035
85297	88619	1163	0.9395	-28.031
85297	85339	1163	0.7791	-11.998
86250	86339	1163	0.6854	12.000
66540	91453	1163	0.6677	-13.039
59960	60038	1163	0.8351	-1.002
66423	66540	1163	0.7934	-1.003
60693	66423	1163	0.6566	80.950
86323	90368	1163	0.7999	-28.031
60038	66423	1163	0.653	-27.028
44199	48148	1163	0.7504	44.983
59960	88619	1163	0.7315	-28.056
86323	86339	1163	0.8383	1.004
63098	66540	1163	0.7873	-15.018
88619	89636	1163	0.8288	-1.004
85339	86250	1163	0.7809	-14.018
63098	86339	1163	0.6983	-0.025
59960	85339	1163	0.7083	-12.023
66540	88928	1163	0.6699	28.009
59960	63130	1163	0.8028	-15.019
59960	89636	1163	0.6717	-29.060
59960	63098	1163	0.7856	-14.016
44199	85339	1163	0.7074	0.824
87168	88928	1163	0.6534	40.035
85277	91663	1163	0.6541	-28.133
63098	66423	1163	0.7512	-14.015
66540	90368	1163	0.6961	-14.042
88928	89703	1163	0.7894	1.004
85339	91663	1163	0.7319	-2.018
90010	92741	1163	0.7917	-14.017
89636	90368	1163	0.6943	-14.016
87168	90368	1163	0.7295	-2.016
63098	91453	1163	0.684	-28.056
85297	90010	1163	0.7484	-54.045
86250	90010	1163	0.7121	-28.029
66423	91453	1163	0.6974	-14.041
88619	89703	1163	0.7722	28.036
59960	86250	1163	0.7103	-26.040
89703	90368	1163	0.7358	-43.055
85339	89636	1163	0.73	-17.037
53125	62386	1165	0.7644	-108.096
60251	62386	1165	0.7783	-94.231
11732	26371	1170	0.544	-190.139
11732	12438	1170	0.6059	-1.005
53651	65567	1174	0.7321	179.970
15498	65567	1174	0.5911	-258.255
73549	75315	1175	0.5597	-14.016
18991	23517	1177	0.6934	7.170
18991	21252	1177	0.6863	51.162
23517	107179	1177	0.72	180.169
22622	23517	1177	0.6872	0.036
84644	88600	1182	0.7188	-14.017
83773	85703	1182	0.606	-0.058
83773	88600	1182	0.7228	0.028
11470	18892	1188	0.71	65.032
11436	18871	1188	0.7279	-0.030
11492	27065	1188	0.7378	3.823
11470	11492	1188	0.7105	0.992
7353	11436	1188	0.7332	-15.978
18871	18947	1188	0.7969	0.026
18871	18892	1188	0.7189	-0.993
806	84696	1195	0.7071	264.454
13274	84696	1195	0.7179	-166.517
806	64474	1195	0.6612	144.546
50836	60495	1197	0.6453	-30.010
46781	46802	1197	0.7121	-322.023
41119	72304	1197	0.6845	-195.906
46776	72304	1197	0.8195	-155.953
45722	46823	1197	0.6114	-322.025
46801	46802	1197	0.6224	-1.996
45722	46797	1197	0.6399	-328.017
46803	46808	1197	0.6043	-322.022
46758	46773	1197	0.8503	326.017
41119	46781	1197	0.7505	-37.956
46803	46809	1197	0.6511	-324.019
4228	50810	1197	0.6181	-111.856
45722	46803	1197	0.7811	-2.000
46773	46780	1197	0.9412	1.997
44635	50836	1197	0.7531	0.002
46758	46783	1197	0.6639	325.014
46780	46802	1197	0.7949	-326.017
41119	46758	1197	0.6863	-361.976
46758	72304	1197	0.7767	166.070
41119	46773	1197	0.77	-35.959
46778	46780	1197	0.7754	4.997
44593	46773	1197	0.7529	-15.009
41834	72304	1197	0.6893	-129.933
46803	46823	1197	0.6278	-320.025
45617	45722	1197	0.7977	-1.998
46802	72304	1197	0.6761	164.073
41119	46446	1197	0.6745	-34.965
46773	46781	1197	0.9101	-1.997
46446	46783	1197	0.9582	-1.997
39540	39917	1197	0.6124	61.980
46446	46773	1197	0.7891	-0.994
46446	46778	1197	0.919	-3.994
46808	46823	1197	0.6263	1.997
46808	46809	1197	0.6983	-1.997
44593	44635	1197	0.8266	1.997
46776	46783	1197	0.7698	2.990
46776	46781	1197	0.8854	1.996
46781	46783	1197	0.7474	0.994
44593	50831	1197	0.7364	0.002
46758	46802	1197	0.763	1.997
46780	46783	1197	0.7643	-3.000
45617	46809	1197	0.6493	-328.018
50831	50836	1197	0.7567	1.997
41119	46780	1197	0.7895	-33.962
46776	46778	1197	0.7846	0.993
46758	46776	1197	0.8139	322.024
45617	46823	1197	0.6216	-324.024
44593	50810	1197	0.6797	-1.995
46773	72304	1197	0.8042	-159.947
45617	46797	1197	0.6026	-330.015
46778	46781	1197	0.7568	1.003
46758	46778	1197	0.6781	323.017
45722	69627	1197	0.6027	-159.952
41119	46776	1197	0.8438	-39.953
44635	50831	1197	0.7068	-1.996
46809	46823	1197	0.6544	3.994
39917	41834	1197	0.6211	-63.977
46797	46808	1197	0.6804	3.994
46773	46783	1197	0.7906	-1.004
46758	46781	1197	0.7696	324.020
7479	50836	1197	0.6563	-30.053
50810	50836	1197	0.7396	3.994
39917	46758	1197	0.6512	-359.980
46781	72304	1197	0.7584	-157.949
35591	39917	1197	0.7264	-0.001
46773	46776	1197	0.9161	-3.994
35591	41834	1197	0.6366	-63.978
46778	72304	1197	0.6654	-156.946
46797	46803	1197	0.6347	326.016
35591	41119	1197	0.7032	1.995
46446	72304	1197	0.6368	-160.940
50810	50831	1197	0.633	1.997
45722	46783	1197	0.6094	20.976
46773	46802	1197	0.7899	-324.020
39917	46776	1197	0.7652	-37.957
46446	46781	1197	0.7338	-2.991
46758	46780	1197	0.8365	328.014
46780	46781	1197	0.9305	-3.994
46778	46783	1197	0.927	1.997
39540	46802	1197	0.6123	-296.004
46446	46780	1197	0.7634	1.003
45722	46809	1197	0.6607	-326.020
4228	50836	1197	0.6191	-107.862
39917	41119	1197	0.8128	1.996
46797	46809	1197	0.6868	1.997
46776	46780	1197	0.934	5.991
44593	50836	1197	0.814	1.999
46446	46776	1197	0.7676	-4.987
60495	63728	1197	0.8154	-1.997
46780	72304	1197	0.7979	-161.944
39540	41119	1197	0.6742	63.975
45617	46803	1197	0.7662	-3.999
92177	92520	1202	0.6023	-1.008
17031	17769	1206	0.6885	173.053
82603	98193	1207	0.7817	1.979
99083	99740	1207	0.851	-1.004
83315	83413	1207	0.8667	-15.994
79954	102068	1207	0.8333	2.014
79954	83315	1207	0.8844	-0.000
82603	94074	1207	0.8354	0.000
79954	83413	1207	0.8067	-15.995
83315	87680	1207	0.8949	-16.994
81366	82603	1207	0.8204	0.036
84181	99083	1207	0.7763	-42.011
82109	82603	1207	0.8008	1.004
72651	82603	1207	0.7865	-6.047
98193	99740	1207	0.8315	-1.005
84181	99740	1207	0.8295	-43.015
99083	99196	1207	0.9057	-17.031
79954	82121	1207	0.8829	14.016
82603	99083	1207	0.758	1.978
83413	87680	1207	0.8217	-1.000
99196	99740	1207	0.8253	16.027
84181	98193	1207	0.761	-42.010
98193	99196	1207	0.9295	-17.032
83315	102068	1207	0.8717	2.015
84181	102068	1207	0.8126	-13.979
79954	87680	1207	0.8059	-16.995
98193	99083	1207	0.955	-0.001
82121	83315	1207	0.8832	-14.016
81366	94074	1207	0.7933	0.036
98723	99740	1207	0.8398	17.024
22464	88432	1208	0.5142	-232.215
14326	15418	1211	1.0	-0.000
73386	73387	1215	0.7713	-21.980
33417	33672	1216	0.7748	-0.094
33417	53682	1216	0.7897	0.005
9107	25680	1216	0.7689	-0.073
6294	8420	1216	0.7769	-0.038
7891	9107	1216	0.7811	-0.069
7891	25680	1216	0.7881	-0.143
28771	33417	1216	0.7881	0.057
6294	33672	1216	0.7734	-0.073
6294	7047	1216	0.7748	0.038
7891	28771	1216	0.823	-0.105
28771	53682	1216	0.8135	0.062
17356	25680	1216	0.7824	-0.132
8420	53682	1216	0.7612	0.063
7891	53682	1216	0.8272	-0.043
25680	33672	1216	0.7635	0.001
8420	25680	1216	0.7661	-0.036
6294	17356	1216	0.7883	0.058
6294	33417	1216	0.798	0.020
8420	33417	1216	0.7762	0.058
9107	33417	1216	0.7816	0.021
6294	25680	1216	0.782	-0.074
9107	17356	1216	0.775	0.059
6294	7891	1216	0.837	0.068
7891	8420	1216	0.7727	-0.106
8118	28771	1216	0.7744	-0.036
25680	33417	1216	0.8319	0.095
17356	28771	1216	0.7864	-0.094
9107	28771	1216	0.7712	-0.035
7891	33672	1216	0.7723	-0.141
25680	53682	1216	0.7751	0.100
9107	53682	1216	0.7726	0.027
33672	53682	1216	0.765	0.099
17356	22343	1216	0.7609	-0.209
6294	53682	1216	0.7796	0.026
7891	17356	1216	0.8039	-0.011
6294	8118	1216	0.7822	-0.001
6294	28771	1216	0.7877	-0.036
7891	8118	1216	0.7811	-0.069
8420	28771	1216	0.7693	0.001
7891	33417	1216	0.8032	-0.048
25680	28771	1216	0.7797	0.038
17356	53682	1216	0.7843	-0.032
71081	105948	1218	0.7301	-251.279
19140	60882	1222	0.5558	-65.995
15299	19140	1222	0.5419	49.077
5733	19140	1222	0.5071	-16.093
52113	55913	1223	0.6667	0.000
29986	37324	1225	0.5099	-14.011
27187	28530	1227	0.5845	-297.098
39496	40355	1231	0.9204	0.108
39496	40461	1231	0.7449	-1.003
36634	43366	1232	0.5614	-39.796
16102	16206	1233	0.6445	27.995
16102	18471	1233	0.6435	-14.016
14455	16102	1233	0.7058	-44.026
14455	71502	1233	0.6524	-172.030
64546	87321	1234	0.7544	43.045
72762	89973	1234	0.6961	-15.994
59071	89973	1234	0.7347	46.062
69359	89973	1234	0.73	28.055
63458	89973	1234	0.7595	43.047
87321	90137	1234	0.742	0.038
69359	85127	1234	0.7198	28.055
74245	76776	1234	0.7507	1.004
87321	89973	1234	0.7996	1.004
61349	66953	1234	0.7016	-22.019
64546	69359	1234	0.7185	15.993
85127	87321	1234	0.7757	-1.004
67764	76776	1234	0.7767	15.994
55916	85127	1234	0.7537	45.059
63458	69359	1234	0.7534	14.992
71719	72762	1234	0.7007	-2.016
55916	59071	1234	0.8882	-1.003
55916	63458	1234	0.8011	2.012
85127	89973	1234	0.8778	-0.000
67764	74245	1234	0.7183	14.991
55987	61349	1234	0.6835	-49.903
69359	90137	1234	0.6833	27.090
55916	89973	1234	0.7754	45.059
71719	76776	1234	0.8207	0.000
64546	66953	1234	0.6837	80.259
59071	87321	1234	0.76	45.058
63458	85127	1234	0.7485	43.047
63458	64546	1234	0.747	-1.001
69359	76193	1234	0.6906	1.004
67764	71719	1234	0.8286	15.994
69359	69676	1234	0.7535	-1.007
71719	74245	1234	0.7627	-1.003
72762	74245	1234	0.6887	1.013
55916	87321	1234	0.692	44.055
69359	87321	1234	0.7797	27.052
78171	90071	1236	0.6614	16.000
77265	90071	1236	0.745	13.985
90071	90123	1236	0.7529	-1.002
90071	92329	1236	0.6918	-0.021
78100	78171	1236	0.7024	13.974
77265	78171	1236	0.7258	-2.015
7457	30037	1237	0.6563	-29.140
7457	17436	1237	0.6002	-111.087
17436	30037	1237	0.5842	81.947
31082	31328	1238	0.7988	-1.001
33198	41484	1239	0.694	-52.155
38322	56637	1244	0.5914	-36.058
6613	41499	1245	0.6425	-31.971
40823	41499	1245	0.5996	105.025
63203	80704	1250	0.6202	-28.163
7949	8890	1256	0.7687	0.001
7935	8890	1256	0.6241	1.011
7935	7949	1256	0.7614	1.011
6187	7949	1256	0.5752	-28.035
30869	39963	1258	0.5266	-12.020
39963	44555	1258	0.5481	-236.106
32426	44555	1258	0.546	-204.100
39963	80523	1258	0.5379	-260.087
14463	39963	1258	0.5404	18.915
44555	77146	1258	0.53	55.991
5488	39963	1258	0.5342	-16.068
30869	47869	1258	0.6412	-50.958
16476	25287	1259	0.7322	-30.915
16476	18819	1259	0.7172	61.109
25287	40075	1259	0.7293	-323.096
19857	25287	1259	0.7002	63.112
25287	62883	1259	0.6907	-1.109
78063	83980	1262	0.5278	126.000
38579	78063	1262	0.5313	-330.187
16576	58426	1264	0.5829	113.019
61795	72721	1265	0.6951	-27.028
61777	72721	1265	0.8549	-28.031
69060	72721	1265	0.6617	-14.018
61777	69060	1265	0.6142	-14.014
69060	72757	1265	0.5589	-15.021
61777	72757	1265	0.8666	-29.035
72721	72757	1265	0.798	-1.004
61795	72757	1265	0.7373	-28.031
61795	69060	1265	0.5567	-13.010
61777	61795	1265	0.6674	-1.004
10561	45579	1270	0.7306	-58.944
37452	40058	1277	0.7321	30.012
37452	38080	1277	0.5955	-1.004
52625	84591	1278	0.9962	0.000
8117	14771	1279	0.6892	-49.942
20552	47446	1279	0.6903	-77.019
20552	34796	1279	0.6891	-135.946
8117	47446	1279	0.7108	-34.952
8117	90209	1279	0.6899	-230.203
33547	47446	1279	0.7008	97.162
18074	38456	1279	0.7062	-269.573
18074	47446	1279	0.6994	53.099
8157	38909	1283	0.5373	-217.204
18516	49352	1284	0.6502	-3.993
15120	75290	1288	0.722	-43.326
16604	75290	1288	0.6937	-4.087
12926	16604	1288	0.7182	-35.245
15120	26337	1288	0.6973	-458.202
12926	15120	1288	0.7035	3.994
15120	16604	1288	0.6992	-39.239
12998	37433	1289	0.6438	-45.949
41382	64631	1290	0.6092	208.954
102507	102511	1296	0.7038	-1.003
102507	105581	1296	0.7711	-28.031
88454	88472	1297	0.8731	1.004
24612	24620	1300	0.8825	-0.037
74967	81057	1303	0.7989	-56.063
78239	89092	1303	0.8347	183.198
74967	99239	1303	0.7145	43.042
78239	81057	1303	0.7931	-28.031
93870	99239	1303	0.6055	-56.063
89092	99239	1303	0.7133	-112.124
74968	78239	1303	0.7292	-27.028
74967	78239	1303	0.8591	-28.031
74967	89092	1303	0.9141	155.166
74967	74968	1303	0.7355	-1.003
81058	99239	1303	0.5756	100.109
74967	83703	1303	0.7116	-84.092
89092	93870	1303	0.6512	-56.061
81058	89092	1303	0.6087	212.232
51682	76541	1309	0.5374	-136.068
13187	37296	1312	0.5827	118.876
16178	84257	1315	0.718	-194.980
7305	16178	1315	0.7001	42.970
16178	62282	1315	0.6604	-301.195
14686	62282	1315	0.6916	-392.242
3565	62282	1315	0.6691	-403.387
36584	36617	1316	0.5815	-0.999
20996	42007	1318	0.6489	-116.048
107710	107926	1321	0.6497	1.996
105574	107710	1321	0.5186	0.000
2689	107926	1321	0.6363	52.947
105574	107926	1321	0.5844	1.996
78705	103928	1325	0.6995	-23.983
14489	78705	1325	0.6959	-319.213
57524	72220	1327	0.677	0.060
17426	19794	1328	0.5498	-14.017
8966	99261	1332	0.6521	-284.308
72167	99261	1332	0.704	56.978
62097	97754	1335	0.5613	215.031
57530	67349	1336	0.6333	1.013
21739	25522	1343	0.6084	-14.015
19828	21739	1343	0.6202	1.003
75874	75877	1345	0.926	-37.027
2478	2481	1348	0.628	78.014
2052	2122	1348	0.6482	-34.967
1977	2052	1348	0.7654	1.993
1977	2171	1348	0.6527	-5.052
2029	2821	1348	0.6408	3.975
1904	2171	1348	0.64	22.991
2140	2821	1348	0.7346	2.974
2122	2171	1348	0.6226	27.923
2029	2171	1348	0.6366	21.994
2029	2140	1348	0.6883	1.001
1904	2029	1348	0.8209	0.997
2052	2855	1348	0.6518	-3.053
1866	2052	1348	0.6264	6.997
1866	1977	1348	0.675	5.004
2052	2171	1348	0.6584	-7.044
2361	2480	1348	0.7428	-59.012
2122	2481	1348	0.7193	19.001
2477	2481	1348	0.6913	-1.996
2122	2361	1348	0.7578	1.996
2477	2480	1348	0.7412	-78.013
2122	2478	1348	0.6913	-59.013
2361	2477	1348	0.7699	19.001
2478	2480	1348	0.8508	1.997
2171	2361	1348	0.6693	-25.926
1334	3164	1349	0.5206	-97.050
59818	64949	1350	0.5609	-14.017
55282	64949	1350	0.5575	-16.033
97391	104629	1359	0.8042	35.985
10667	12944	1361	0.7826	24.995
7981	12944	1361	0.7454	-15.977
11473	12944	1361	0.787	-15.995
12944	13486	1361	0.7504	-0.113
12944	27086	1361	0.7999	-63.926
10667	11473	1361	0.7391	40.990
83937	87343	1362	0.6083	-0.000
26745	47081	1364	0.6529	-56.060
41262	69456	1367	0.6798	-59.004
49690	64339	1367	0.6281	-126.983
49690	100264	1367	0.7049	-386.376
62610	64339	1367	0.6447	15.153
41256	41347	1367	0.611	-1.001
41262	47988	1367	0.6536	91.114
41256	41262	1367	0.6312	1.002
43922	49690	1367	0.6457	2.016
47988	61065	1367	0.6077	158.986
43922	61065	1367	0.6152	-27.995
49690	61065	1367	0.726	-30.011
3962	4233	1370	0.9098	-0.034
3681	4249	1370	0.8727	0.071
4221	4249	1370	0.9196	0.071
3681	4233	1370	0.8331	-1.007
4092	4233	1370	0.9191	-0.034
3681	16693	1370	0.6859	-56.973
4221	16693	1370	0.6808	-56.973
4221	4233	1370	0.8711	-1.007
4233	16693	1370	0.7014	-55.967
3962	4092	1370	0.8906	0.000
4564	16693	1370	0.6976	-42.959
4564	19452	1370	0.6876	-56.973
3681	4221	1370	0.9059	0.000
19993	101194	1373	0.7235	-169.484
87692	97397	1374	0.9299	-0.000
80465	97397	1374	0.9311	-0.000
91524	97397	1374	0.9129	-0.000
80465	91524	1374	0.9185	0.000
87692	91524	1374	0.9153	0.000
80465	87692	1374	0.9959	0.000
17302	17315	1376	0.845	1.002
17302	49581	1376	0.7968	-50.015
49581	60886	1376	0.755	-22.998
36401	60886	1376	0.7478	-23.000
17315	36401	1376	0.7698	-51.016
36450	49571	1376	0.8588	-0.000
41664	44389	1376	0.7735	-22.997
36401	49571	1376	0.7917	1.001
17302	60886	1376	0.7624	-73.013
17315	44069	1376	0.7984	-50.015
48075	49571	1376	0.7927	0.020
44389	66713	1376	0.7841	-0.001
36450	60886	1376	0.8174	-24.001
44389	60886	1376	0.7996	-0.001
41664	57088	1376	0.7405	1.003
57315	66713	1376	0.7584	26.015
36450	44069	1376	0.8102	-0.000
64792	66256	1376	0.795	0.060
57315	66256	1376	0.7166	0.060
36450	44389	1376	0.8312	-24.000
17315	28875	1376	0.8374	-0.002
36450	49581	1376	0.8084	-1.003
36401	44389	1376	0.761	-22.999
66256	72145	1376	0.7126	-0.080
17302	36401	1376	0.7801	-50.013
44069	60886	1376	0.7555	-24.001
60886	66713	1376	0.7572	-0.000
36450	41664	1376	0.7931	-1.003
17315	41664	1376	0.772	-51.018
44069	44389	1376	0.7901	-24.000
17315	49571	1376	0.8329	-50.015
17315	44389	1376	0.8078	-74.015
36401	66713	1376	0.7405	-23.000
41664	49571	1376	0.8125	1.003
41664	44069	1376	0.815	1.003
71781	72145	1376	0.7744	-1.003
17315	60886	1376	0.7963	-74.015
44069	49571	1376	0.8305	0.000
36401	36450	1376	0.7981	1.001
48075	57088	1376	0.7109	0.020
36401	41664	1376	0.7903	-0.002
44389	49581	1376	0.7642	22.997
49571	60886	1376	0.8117	-24.001
44389	57088	1376	0.7739	24.000
33189	57315	1376	0.7315	-50.022
17302	36450	1376	0.7968	-49.012
49571	49581	1376	0.8016	-1.003
56957	66713	1376	0.7432	0.019
17315	49581	1376	0.7886	-51.018
17302	41664	1376	0.7867	-50.015
17302	44069	1376	0.7741	-49.012
44069	48075	1376	0.7912	-0.020
36450	66713	1376	0.8278	-24.001
49581	66713	1376	0.7503	-22.998
17302	49571	1376	0.8024	-49.012
44389	49571	1376	0.8264	24.000
17315	36450	1376	0.8531	-50.015
44069	49581	1376	0.7739	-1.003
36401	49581	1376	0.7763	-0.002
41664	60886	1376	0.7431	-22.998
36401	44069	1376	0.7617	1.001
41664	49581	1376	0.7797	-0.000
44291	100624	1377	0.5807	-433.458
6311	22458	1378	0.7103	17.027
6311	6397	1378	0.7331	-0.998
3062	6311	1378	0.6362	-16.041
3062	22458	1378	0.7417	0.986
6311	6401	1378	0.9512	-1.993
6311	72583	1378	0.6543	-121.076
6401	72583	1378	0.6466	-119.084
6397	6460	1378	0.6468	0.046
62339	72583	1378	0.6623	44.978
3062	9882	1378	0.6979	-28.007
49900	97318	1379	0.9188	107.058
54773	66397	1379	0.8863	33.026
54773	78467	1379	0.8998	100.035
54773	97318	1379	0.8897	106.046
53726	54773	1379	0.9345	16.029
47597	54773	1379	0.8841	-15.019
46321	63764	1380	0.7339	89.011
44596	98826	1385	0.6861	-253.423
75292	75654	1394	0.6512	1.003
20806	27925	1397	0.5417	0.000
4297	20045	1399	0.6602	-109.979
14535	14618	1401	0.5676	5.015
52143	96283	1402	0.5676	-215.827
25265	31514	1404	0.7531	-14.016
31514	76621	1404	0.6257	-172.125
70405	76621	1404	0.6048	0.000
31514	70405	1404	0.8018	-172.125
67163	77134	1407	0.6744	-28.031
61611	67163	1407	0.5269	-14.022
67163	76964	1407	0.6208	-29.034
76964	77134	1407	0.5604	1.003
89585	89608	1409	0.7513	-1.003
1773	9236	1410	0.7228	-278.168
89716	90435	1411	0.8366	-4.950
87408	90871	1411	0.8173	-40.030
90435	90871	1411	0.8231	178.099
89716	90871	1411	0.8518	173.149
16395	35432	1413	0.5528	79.147
10649	102003	1414	0.6887	-379.726
8611	102003	1414	0.6923	-434.526
14982	108850	1414	0.7257	102.905
44823	48165	1414	0.7254	160.906
48165	66556	1414	0.7105	-431.331
48165	62643	1414	0.6907	-391.116
40615	44554	1414	0.7067	15.996
42996	56158	1414	0.6912	-100.365
42996	48165	1414	0.8326	235.870
48165	83585	1414	0.7427	-380.198
42084	42728	1414	0.7029	71.154
96978	108850	1414	0.7241	283.144
44554	48165	1414	0.8065	143.103
42728	102003	1414	0.7222	-269.518
69410	102003	1414	0.6826	-137.443
18184	102003	1414	0.6995	-464.630
8611	48165	1414	0.7439	-6.026
22692	102003	1414	0.7388	-490.588
14689	102003	1414	0.6969	-420.509
44554	48352	1414	0.693	-70.078
44554	68941	1414	0.7052	-240.151
14982	101538	1414	0.7091	-146.255
101538	102003	1414	0.7034	-166.213
44823	69410	1414	0.7286	-130.152
66499	108850	1414	0.7314	291.967
56839	102003	1414	0.6921	-251.487
14982	45682	1414	0.7993	77.957
12772	44554	1414	0.7295	-201.254
48165	56158	1414	0.6992	-336.235
22692	101538	1414	0.6808	-324.375
12772	48165	1414	0.681	-58.151
48165	48352	1414	0.7258	-213.180
9497	42084	1414	0.6941	-221.174
45682	108850	1414	0.7417	24.947
8611	53323	1414	0.7824	-72.770
43149	102003	1414	0.756	-344.595
50375	99129	1418	0.6973	17.901
77085	81965	1421	0.7006	-90.031
50026	74356	1421	0.6309	108.991
69245	74356	1421	0.699	-14.019
55786	74356	1421	0.7574	79.987
68395	74356	1421	0.8138	-13.011
50026	68395	1421	0.6544	122.003
72437	73384	1421	0.9051	-14.016
35028	63009	1421	0.6782	-62.000
35028	74356	1421	0.63	-61.031
69245	73384	1421	0.7705	-13.009
63009	73384	1421	0.6962	1.979
78272	81965	1421	0.7772	1.000
29125	63009	1421	0.6413	-151.015
68395	69245	1421	0.6567	1.008
55786	68395	1421	0.7524	92.999
55786	63009	1421	0.6575	79.019
73384	74356	1421	0.628	-1.010
63009	74356	1421	0.7055	0.969
63009	68395	1421	0.7148	13.980
69245	72437	1421	0.8104	1.007
29125	35028	1421	0.6552	-89.015
69245	78272	1421	0.6757	-204.107
72437	74356	1421	0.6533	-15.026
35028	50026	1421	0.6367	-170.022
35028	68395	1421	0.6576	-48.020
15456	35028	1421	0.6415	18.011
50026	63009	1421	0.7091	108.022
63009	72437	1421	0.6699	15.995
42670	73532	1424	0.7287	0.153
6505	51973	1424	0.6866	-99.185
32992	42670	1424	0.7033	148.094
28617	48187	1424	0.7399	130.901
42670	76205	1424	0.6751	-328.297
73532	74480	1424	0.6702	-202.194
48187	51973	1424	0.6897	-3.018
37160	42670	1424	0.6734	-38.219
51973	76205	1424	0.6737	-371.322
42670	51973	1424	0.6778	43.024
51973	73532	1424	0.6739	-42.871
6505	44968	1424	0.6607	-117.160
98154	101668	1425	0.5475	-55.087
34795	98447	1428	0.645	-174.378
43177	98447	1428	0.6106	-169.370
24332	98447	1428	0.6111	-24.500
15575	98447	1428	0.6882	-228.320
39670	98447	1428	0.6113	-45.490
39670	43177	1428	0.6538	123.880
76533	98447	1428	0.6048	119.892
55555	101753	1430	0.6632	-51.026
22817	40489	1433	0.6936	2.016
370	1898	1438	0.8324	129.958
395	1898	1438	0.8605	18.010
370	395	1438	0.8033	111.948
370	402	1438	0.7954	15.977
57087	63772	1439	0.5836	-209.324
2743	3618	1443	0.6007	-0.012
1908	3618	1443	0.7192	3.995
37673	70401	1444	0.6625	-403.183
3	1011	1447	0.8546	0.046
3	108887	1447	0.7836	0.044
1011	108887	1447	0.789	-0.002
48983	81420	1448	0.6771	-21.149
40499	90345	1450	0.688	46.945
85600	90345	1450	0.6521	264.103
40499	105367	1450	0.667	10.821
57467	99364	1452	0.5723	-85.397
93935	96217	1455	0.5598	273.080
78571	93935	1455	0.5551	-124.088
45103	45177	1456	0.7229	14.015
45128	46617	1456	0.7122	13.853
67531	74374	1456	0.7566	-55.912
43295	45103	1456	0.6923	-82.100
43295	46617	1456	0.747	13.919
69266	83914	1456	0.6835	-86.134
79845	81001	1456	0.717	-1.001
74374	84185	1456	0.7478	-52.031
43295	59535	1456	0.7169	-57.154
59535	83914	1456	0.7494	-28.001
43295	83914	1456	0.6904	-85.155
45103	65395	1456	0.7051	0.000
67531	83914	1456	0.7505	-0.910
59535	74374	1456	0.7471	-83.003
81001	84185	1456	0.7351	65.976
59535	67531	1456	0.7592	-27.091
56250	70965	1457	0.5225	-149.008
26016	26441	1460	0.6261	-0.111
63410	73621	1462	0.6068	-210.198
13998	19363	1464	0.6033	-87.956
13121	27048	1466	0.7398	106.958
69577	81220	1467	0.5373	-3.056
20928	69577	1467	0.5218	-149.263
69577	76136	1467	0.6034	69.040
83639	87876	1468	0.8016	-70.042
25598	27547	1470	0.7652	232.037
44445	69933	1471	0.7051	-70.009
44445	100200	1471	0.7357	213.912
8228	44445	1471	0.6756	-418.230
36683	100200	1471	0.691	-149.246
83557	96641	1475	0.6214	60.873
12387	27325	1481	0.9175	14.016
11314	18418	1481	0.8048	-14.016
18418	27325	1481	0.8463	14.016
11314	27325	1481	0.9306	0.000
12387	18742	1481	0.8973	14.016
8322	18742	1481	0.7908	0.000
11314	18742	1481	0.9215	0.000
11314	12387	1481	0.8801	-14.016
18742	27325	1481	0.9284	0.000
8322	11314	1481	0.8233	0.000
18418	18742	1481	0.7911	14.016
12387	18418	1481	0.8404	0.000
27325	48956	1481	0.8033	-56.063
36283	48956	1481	0.8401	45.021
18418	44153	1481	0.792	-14.016
17243	20844	1485	0.6832	-54.042
17243	72993	1485	0.7421	-336.794
21775	25174	1485	0.6937	183.186
17243	21775	1485	0.6921	-205.193
21775	24243	1485	0.703	73.013
9522	67394	1485	0.7292	0.966
16196	21775	1485	0.7067	-216.182
17243	92378	1485	0.7124	-209.255
21775	47028	1485	0.7073	-136.039
20090	20844	1485	0.7258	-83.009
21775	67759	1485	0.7655	137.070
9522	17243	1485	0.7107	-24.938
34868	37441	1489	0.747	1.997
34868	37446	1489	0.7932	3.994
37441	37446	1489	0.7361	1.997
40812	40834	1494	0.5695	1.992
57955	98711	1495	0.6726	128.659
70205	95611	1506	0.9348	-166.135
33327	33329	1508	0.558	1.003
19646	33329	1508	0.5307	-30.047
66709	76332	1513	0.8954	28.183
78619	82153	1513	0.97	0.151
78977	83765	1513	0.8794	-2.016
76791	78619	1513	0.8613	-2.167
71259	74667	1513	0.886	-0.184
76424	89183	1513	0.8792	-55.059
76791	82153	1513	0.872	-2.016
66709	83900	1513	0.8715	0.000
74667	76791	1513	0.9711	0.150
76332	83900	1513	0.8722	-28.183
71259	76791	1513	0.9017	-0.034
78929	82153	1513	0.8724	308.442
78619	83900	1513	0.9135	-2.015
78364	83900	1513	0.8723	-28.031
74534	76332	1513	0.8922	0.094
78364	89183	1513	0.865	-56.063
78619	78977	1513	0.8861	-1.003
79071	83765	1513	0.8691	-1.010
78977	82153	1513	0.8788	1.154
74667	78619	1513	0.8715	-2.016
66475	78478	1518	0.6512	14.016
66475	71246	1518	0.677	0.001
55339	66475	1518	0.539	107.877
78478	82796	1518	0.6424	0.119
71246	78478	1518	0.6589	14.016
18942	37787	1524	0.7718	-63.944
44631	47199	1529	0.7942	0.000
17521	18238	1537	0.662	0.038
16237	17521	1537	0.8207	-18.011
67750	81232	1549	0.6972	136.654
67750	74443	1549	0.6672	80.587
74443	81232	1549	0.7087	56.067
32712	100326	1550	0.6771	-210.342
32712	57449	1550	0.6673	-280.041
32712	71572	1550	0.6657	-152.132
65596	67068	1552	0.7632	71.081
67068	93872	1552	0.7183	-100.147
16535	57190	1552	0.7171	-19.205
16537	93872	1552	0.7206	-238.288
18616	57190	1552	0.7135	10.963
18616	42226	1552	0.7039	-191.034
16535	16537	1552	0.7275	-50.135
43948	46232	1554	0.5478	36.042
3682	24798	1558	0.5139	-58.020
25506	27713	1559	0.6622	-1.008
26587	28574	1561	0.5838	101.938
28574	47979	1561	0.5676	80.047
25507	47979	1561	0.6482	23.008
13270	47979	1561	0.5525	93.895
39666	59989	1564	0.6769	132.945
27075	35821	1567	0.754	-0.002
35821	46211	1567	0.8215	-161.979
8812	8822	1567	0.7331	-1.995
8812	29325	1567	0.8033	-0.982
27075	46211	1567	0.7215	-161.981
8812	41364	1567	0.7299	-109.994
8812	35821	1567	0.7301	0.937
32432	35821	1567	0.7438	1.003
29325	29326	1567	0.8835	-1.999
46211	47702	1567	0.737	1.004
15296	99426	1568	0.5958	-170.333
15296	102672	1568	0.5489	-330.530
49408	102672	1568	0.5327	95.304
25809	97730	1570	0.693	-246.292
43269	97730	1570	0.683	-161.137
13102	58130	1570	0.685	-271.979
25809	58130	1570	0.6927	-277.993
59248	97730	1570	0.6912	42.718
19998	25809	1570	0.6812	88.094
10070	10076	1572	0.9427	0.096
10070	10687	1572	0.9119	-0.036
10193	10687	1572	0.8214	-0.072
10076	10687	1572	0.8751	-0.132
91934	91998	1573	0.7697	-1.004
85113	91998	1573	0.7908	-1.080
85113	91934	1573	0.8209	-0.076
85113	96827	1573	0.7627	-0.076
20767	24824	1577	0.6123	-67.990
37723	48833	1579	0.8193	-55.077
37723	45811	1579	0.8892	-14.013
45811	48833	1579	0.8229	-41.064
24787	34354	1582	0.6067	13.998
34345	34354	1582	0.9256	-1.997
34345	35884	1582	0.6209	-3.000
34354	35884	1582	0.6847	-1.003
34313	34345	1582	0.6901	1.003
34313	35884	1582	0.874	-1.997
24787	34345	1582	0.6016	15.995
34313	34354	1582	0.6974	-0.994
109096	109136	1586	0.7996	0.000
2636	109096	1586	0.7861	0.000
3093	109136	1586	0.7055	17.018
2636	3093	1586	0.6965	-17.018
1492	108236	1586	0.7407	12.008
2619	107938	1586	0.6829	16.051
3093	107938	1586	0.6896	28.014
3093	109096	1586	0.7017	17.018
176	2838	1586	0.7478	19.012
176	2619	1586	0.7244	1.001
2636	109136	1586	0.7929	0.000
3093	4169	1586	0.6817	15.906
176	108236	1586	0.7092	14.049
21380	29461	1587	0.7328	-14.016
23895	29461	1587	0.5571	-30.014
15843	24823	1588	0.7246	-135.978
29052	29579	1588	0.7254	-203.041
29052	37960	1588	0.7403	-202.870
38651	92058	1588	0.6914	-25.298
24823	29579	1588	0.6997	-74.092
38651	38798	1588	0.7163	-10.185
56044	63530	1588	0.7217	-213.032
29052	38798	1588	0.6857	-231.108
29579	38798	1588	0.6916	-28.067
23628	29579	1588	0.7728	-122.030
29052	63530	1588	0.7588	-356.108
38798	92058	1588	0.6892	-15.113
26357	38651	1588	0.692	-149.940
9870	9871	1589	0.7839	-1.003
7432	9870	1589	0.7214	11.041
85401	86869	1590	0.6743	-2.016
31407	34590	1599	0.7765	0.005
57699	59363	1605	0.6288	-125.053
59363	61718	1605	0.7449	1.004
57699	61718	1605	0.7444	-124.049
97967	100662	1606	0.8259	-27.025
26622	96168	1606	0.8698	-112.162
96168	100662	1606	0.9042	-14.016
97967	99299	1606	0.8468	-28.029
26622	53777	1606	0.8474	-44.056
53777	97967	1606	0.8434	-55.097
70851	96172	1606	0.7631	1.906
40458	43538	1606	0.7727	-2.016
93387	96706	1606	0.8391	-2.016
94302	95727	1606	0.8746	-14.016
93443	95727	1606	0.8312	-28.031
97898	97944	1606	0.8096	1.003
93387	93443	1606	0.8213	1.003
93387	97967	1606	0.7622	-3.022
94302	97944	1606	0.7701	-14.016
53777	96168	1606	0.8582	-68.107
96168	99299	1606	0.8528	-15.020
99299	100662	1606	0.8175	1.004
93443	94302	1606	0.8691	-14.016
53777	96706	1606	0.826	-54.091
96706	100662	1606	0.9125	-28.031
26622	97967	1606	0.8901	-99.153
26622	99299	1606	0.8404	-127.182
93387	95522	1606	0.8072	-14.016
70851	94302	1606	0.7825	15.957
94302	96172	1606	0.7699	-14.051
53777	99299	1606	0.8264	-83.126
96168	96706	1606	0.936	14.016
26622	96706	1606	0.8335	-98.147
70851	90885	1606	0.8212	17.973
90885	96172	1606	0.9039	-16.067
93387	94302	1606	0.7745	-13.012
95522	97967	1606	0.7891	10.994
55968	70851	1606	0.8237	-42.043
96168	97967	1606	0.9311	13.009
43538	55968	1606	0.7623	-28.036
96706	97967	1606	0.8752	-1.006
49994	50346	1607	0.652	1.003
37015	51214	1607	0.6964	-58.041
37147	45944	1607	0.6569	-58.041
37451	51205	1607	0.7003	-58.098
49994	50226	1607	0.7564	1.997
44985	45944	1607	0.5861	1.999
50380	51214	1607	0.7923	-0.994
37147	51205	1607	0.6091	-58.041
50226	50346	1607	0.6332	-0.994
45944	51214	1607	0.7286	-1.997
51205	51214	1607	0.8062	-1.997
45944	51205	1607	0.7368	0.000
50380	51205	1607	0.7092	1.003
37434	37451	1607	0.5846	1.998
37147	37451	1607	0.7466	0.057
48492	49994	1607	0.5807	1.000
45944	50380	1607	0.6806	-1.003
37015	37147	1607	0.5861	1.997
37451	45944	1607	0.7387	-58.098
50346	51214	1607	0.6852	1.997
28639	66156	1610	0.7	9.147
21250	61821	1610	0.714	-247.081
19296	23650	1610	0.6915	-69.039
24055	54837	1610	0.7259	-39.875
46842	64684	1610	0.6936	-177.003
61821	93001	1610	0.6903	-125.952
30696	61821	1610	0.6923	3.075
28431	32996	1610	0.6827	128.084
20087	24055	1610	0.7954	194.022
6332	24055	1610	0.7021	-128.157
21250	103772	1610	0.8171	-284.381
6450	94559	1610	0.6802	-422.054
20087	70802	1610	0.7029	41.876
21250	97850	1610	0.6878	-271.330
20010	24055	1610	0.7003	62.036
24055	70802	1610	0.8328	-152.145
54837	70802	1610	0.7752	-112.270
6601	24055	1610	0.7978	-56.063
20010	70802	1610	0.6839	-90.109
20087	93115	1610	0.6961	135.990
21250	66156	1610	0.7696	-247.082
24055	61821	1610	0.7707	-161.008
23650	61821	1610	0.6814	-78.966
6332	19296	1610	0.7051	-141.160
61821	64684	1610	0.6935	99.051
23650	28639	1610	0.7154	-88.114
21762	46842	1610	0.71	113.029
21250	28933	1610	0.697	-234.162
19296	21250	1610	0.7716	99.076
21250	28639	1610	0.7041	-256.229
61821	66156	1610	0.7433	-0.000
28431	66156	1610	0.7488	-116.982
19296	24055	1610	0.7032	13.003
33095	61821	1610	0.6954	-111.065
20010	20087	1610	0.8398	-131.986
70802	106021	1610	0.7778	-62.193
21250	23650	1610	0.692	-168.115
23650	66156	1610	0.7987	-78.967
23723	66156	1610	0.6918	-132.977
23723	61821	1610	0.7064	-132.977
20087	103772	1610	0.7197	-4.286
20087	21250	1610	0.6959	280.095
21762	23220	1610	0.7332	-182.131
20087	94559	1610	0.744	-91.944
64684	66156	1610	0.6858	-99.051
21250	24055	1610	0.7206	-86.073
20010	93115	1610	0.6821	4.005
28933	53297	1610	0.6879	140.244
61821	70802	1610	0.6843	8.863
5826	24055	1610	0.6993	-148.087
24118	32138	1613	0.6511	-117.264
63005	65204	1620	0.6604	18.008
79778	93342	1622	0.9087	2.016
79778	79911	1622	0.9471	-32.026
79911	106399	1622	0.9491	28.031
79778	106399	1622	0.9594	-3.995
66277	66768	1623	0.8795	1.007
52019	66768	1623	0.6217	-84.063
52019	66277	1623	0.583	-85.069
65877	66277	1623	0.8553	1.000
65877	66768	1623	0.7628	2.006
43793	52366	1627	0.5889	-134.793
65164	69085	1629	0.6735	205.150
16240	69085	1629	0.6732	-58.893
16240	52214	1629	0.6628	-370.757
13784	52214	1629	0.6716	-410.953
22793	22794	1631	0.5186	-1.989
22793	39592	1631	0.5125	13.847
39327	39372	1633	0.6943	-68.037
38281	38592	1633	0.6599	-3.996
20613	45061	1633	0.651	0.037
38665	39372	1633	0.6912	-70.034
38281	45705	1633	0.7906	21.015
38281	38665	1633	0.7359	68.037
20613	45705	1633	0.6228	37.027
39372	45594	1633	0.7108	25.012
38281	45594	1633	0.7988	23.015
38592	45705	1633	0.6492	25.011
38281	39372	1633	0.8058	-1.997
38592	39372	1633	0.6397	1.999
39372	45705	1633	0.7962	23.012
38665	39327	1633	0.7087	-1.997
21138	45061	1633	0.6552	0.102
45594	45705	1633	0.7918	-2.000
39327	45594	1633	0.7121	-43.025
20613	21138	1633	0.6385	-0.065
38665	45594	1633	0.7244	-45.022
38281	39327	1633	0.7198	66.040
38665	45705	1633	0.6991	-47.022
39327	45705	1633	0.7025	-45.025
75642	77059	1634	0.6697	-0.996
2852	3036	1635	0.6584	0.028
2559	2852	1635	0.9893	-0.141
52965	106209	1639	0.677	-54.250
48738	52965	1639	0.694	-220.039
52965	75690	1639	0.6608	-156.129
72239	82061	1651	0.9263	-28.031
58336	72239	1651	0.8813	-30.024
11973	27449	1656	0.7164	-87.025
11973	13576	1656	0.7089	54.011
48128	56533	1657	0.7921	-134.015
61889	62305	1659	0.6417	-180.949
46575	62661	1662	0.875	-56.026
56143	62661	1662	0.9074	-0.000
49397	49442	1663	0.806	1.006
49442	49443	1663	0.8336	-2.000
48558	78007	1664	0.6542	-166.209
53666	64024	1668	0.5493	-92.105
94313	108251	1672	0.7074	-112.126
88984	108251	1672	0.7258	-126.141
92272	93999	1672	0.7263	-14.014
91567	98610	1672	0.7387	-84.093
93999	95842	1672	0.7032	-2.016
93999	98610	1672	0.7823	-56.063
93117	93999	1672	0.7199	-26.016
91567	93999	1672	0.7188	-28.031
91567	92272	1672	0.7358	-14.016
88984	91567	1672	0.7021	-12.000
88984	94313	1672	0.7041	-14.015
96623	98610	1672	0.7346	-28.031
53824	70506	1674	0.7275	21.585
11514	13948	1674	0.6979	7.020
13948	70506	1674	0.7453	-105.130
13948	53824	1674	0.7896	-126.715
66157	80081	1678	0.6549	-438.334
84949	90118	1679	0.5182	123.078
36970	44345	1680	0.7858	14.016
36970	43472	1680	0.773	0.000
62132	67805	1681	0.8594	-0.000
67805	77575	1681	0.9094	-0.000
77575	83290	1681	0.8952	0.000
62132	77575	1681	0.8664	-0.000
62132	83290	1681	0.8313	-0.000
67805	83290	1681	0.8718	0.000
19317	42886	1682	0.7334	395.042
16484	69658	1684	0.5955	-13.924
63541	63558	1685	0.7413	-9.517
60367	63558	1685	0.7953	-44.022
27728	31388	1686	0.7736	-0.000
27783	31388	1686	0.7513	0.055
27728	27783	1686	0.7521	-0.055
3591	67884	1689	0.5553	-204.165
3591	26800	1689	0.511	-147.938
18474	37192	1691	0.6151	-438.168
12557	36708	1692	0.6725	-50.017
15584	72381	1698	0.6566	-198.084
41762	49186	1705	0.8436	162.198
15127	67409	1706	0.5996	-87.162
71796	79691	1708	0.5623	260.139
92238	95288	1715	0.856	0.096
71616	75747	1719	0.6977	-1.003
51198	75747	1719	0.6866	14.992
68329	71616	1719	0.746	-14.015
3942	35181	1726	0.5854	-118.076
12777	73456	1727	0.6275	-314.255
12777	28922	1727	0.6105	100.022
67029	70073	1729	0.5691	-3.024
38776	72003	1729	0.5603	31.030
70073	72003	1729	0.542	30.016
38776	70073	1729	0.6421	1.014
54758	54931	1730	0.5219	288.260
54931	54965	1730	0.5814	-232.048
54757	54758	1730	0.6957	-1.003
31755	56311	1732	0.7093	-148.043
14454	52095	1733	0.8093	50.016
14454	56319	1733	0.8205	50.024
51045	52058	1733	0.8105	-122.035
49026	52095	1733	0.7902	272.607
5224	48920	1733	0.7968	-265.028
49026	56319	1733	0.7887	272.615
51045	56319	1733	0.8363	-0.010
52095	56319	1733	0.8264	0.008
51045	52095	1733	0.8023	-0.018
52058	56319	1733	0.867	122.025
48920	52058	1733	0.8192	1.003
48920	56319	1733	0.8154	123.028
48920	51351	1733	0.8093	122.027
73499	77910	1736	0.6156	-35.957
68587	77909	1736	0.6619	1.998
77909	77918	1736	0.7836	-3.994
68587	77910	1736	0.6977	0.001
58405	68587	1736	0.5892	-111.989
77909	77910	1736	0.9299	-1.997
68485	77918	1736	0.6163	-2.992
73499	77899	1736	0.6317	-38.958
73499	77883	1736	0.635	160.064
77909	78469	1736	0.728	-3.002
77910	78469	1736	0.7655	-1.005
67014	68587	1736	0.7106	-1.999
68587	77899	1736	0.6367	-3.000
77899	77910	1736	0.6665	3.001
68485	77907	1736	0.6494	-0.001
58405	77909	1736	0.6246	-109.991
67014	77907	1736	0.7315	-1.005
77883	77899	1736	0.5816	-199.022
68587	77883	1736	0.5878	196.022
77899	77918	1736	0.7036	1.004
67014	77883	1736	0.7279	194.023
67014	77910	1736	0.8377	-1.999
77907	77909	1736	0.7599	1.003
67014	77899	1736	0.7077	-5.000
77907	77918	1736	0.8224	-2.991
58405	67014	1736	0.6509	-109.990
67014	73499	1736	0.7277	33.958
58405	77910	1736	0.6465	-111.989
77883	77910	1736	0.6811	-196.022
68587	78469	1736	0.6551	-1.004
77883	77918	1736	0.6534	-198.019
77907	77910	1736	0.8367	-0.994
77899	78469	1736	0.7453	1.996
77918	78469	1736	0.8219	0.992
67014	78469	1736	0.7641	-3.004
68485	78469	1736	0.6627	-2.000
68587	77918	1736	0.7073	-1.997
67014	77909	1736	0.8148	-0.002
68587	77907	1736	0.6421	0.994
77907	78469	1736	0.9105	-1.999
68485	77899	1736	0.6094	-3.996
67014	77918	1736	0.8272	-3.996
77883	77909	1736	0.6318	-194.024
73499	77918	1736	0.6502	-37.954
77899	77907	1736	0.7456	3.995
77910	77918	1736	0.829	-1.997
15998	37746	1737	0.6836	-252.302
34907	35960	1737	0.6486	-13.983
35960	37746	1737	0.6228	-196.161
8847	16110	1747	0.6043	38.037
56123	85106	1748	0.714	-117.226
85106	96231	1748	0.7339	4.033
56123	76736	1748	0.7044	15.996
42932	49903	1751	0.6486	-30.010
50119	50171	1751	0.8226	-1.996
42893	50162	1751	0.6495	-30.011
50162	50199	1751	0.5274	-2.999
52000	54680	1751	0.6802	1.997
50119	50199	1751	0.7755	-3.992
50162	54680	1751	0.8298	-0.022
50110	52000	1751	0.6588	-0.023
50171	50199	1751	0.7208	-1.996
49903	50162	1751	0.9336	-1.996
38914	50110	1751	0.5259	-30.010
50110	50171	1751	0.6175	0.993
49903	50200	1751	0.6767	-5.990
38914	42893	1751	0.7438	1.997
49903	50110	1751	0.9389	-3.992
50110	50200	1751	0.6854	-1.998
50162	50200	1751	0.6684	-3.993
50199	52000	1751	0.534	0.980
50110	50119	1751	0.6636	2.988
49903	50119	1751	0.7254	-1.004
50110	50199	1751	0.5994	-1.003
49903	50171	1751	0.6177	-3.000
42893	42932	1751	0.8631	1.995
50110	50162	1751	0.9287	1.996
50119	50162	1751	0.6567	-0.992
50162	50171	1751	0.6651	-1.003
50171	54680	1751	0.6012	0.981
38914	42932	1751	0.8374	3.992
71194	79053	1756	0.7868	-41.102
80224	81679	1756	0.8768	0.057
30683	79053	1756	0.8361	-117.223
79053	81679	1756	0.8556	0.001
28605	79053	1756	0.8635	-117.047
28605	30683	1756	0.8221	0.176
41624	41746	1760	0.674	-16.754
41624	42733	1760	0.6832	-158.996
28852	47383	1765	0.607	-253.222
30873	53998	1765	0.6138	117.049
98585	106929	1765	0.593	100.074
53998	106929	1765	0.6245	-140.193
14978	53998	1765	0.5885	-60.167
53998	56490	1765	0.6769	-58.813
28852	53998	1765	0.6544	-128.118
47383	56490	1765	0.6248	66.290
53998	64924	1765	0.7004	38.073
51590	72854	1771	0.8617	0.995
107545	107566	1771	0.9063	1.998
107566	108058	1771	0.9953	0.076
107545	107906	1771	0.9329	0.073
40	2334	1771	0.8536	-7.995
2334	108058	1771	0.9547	0.076
2334	107545	1771	0.9297	-1.998
40	107545	1771	0.8527	-9.993
72854	108058	1771	0.8943	0.106
72854	107566	1771	0.894	0.031
2334	72854	1771	0.8957	-0.031
107545	107815	1771	0.8235	28.003
36	40	1771	0.9642	-0.036
2334	107566	1771	0.9783	0.000
79227	88837	1784	0.7461	-1.015
32560	40177	1791	0.5774	15.992
7840	14823	1794	0.5353	-2.053
14823	31250	1794	0.5292	-0.000
93651	94150	1795	0.6728	-1.012
60386	72502	1796	0.5891	86.129
60386	68136	1796	0.5706	-112.649
20648	91030	1802	0.7835	-150.960
24290	91030	1802	0.6539	-303.102
32043	79916	1802	0.7063	30.954
20648	32043	1802	0.7133	-151.088
27460	32043	1802	0.694	-410.175
28948	91030	1802	0.661	93.130
27460	90530	1802	0.6609	-390.008
90614	92994	1802	0.6367	15.006
42135	90530	1802	0.627	-275.097
35406	52044	1802	0.6338	293.045
90483	90530	1802	0.6234	-188.121
38253	42135	1802	0.6762	57.200
19760	79916	1802	0.6302	-257.186
352	91030	1802	0.6854	-169.399
32043	52044	1802	0.7064	223.168
28948	32043	1802	0.6732	93.002
32043	91030	1802	0.8145	0.128
52044	91030	1802	0.699	-223.040
24290	28151	1802	0.6212	-17.106
28948	90614	1802	0.6455	137.152
24290	90530	1802	0.6736	-283.062
27953	28948	1802	0.6401	-438.132
55184	79916	1802	0.6272	-334.182
28151	90404	1802	0.6492	-76.841
28948	79916	1802	0.6249	123.956
24290	90404	1802	0.7201	-93.947
27460	91030	1802	0.7456	-410.047
3746	8101	1803	0.6812	-2.943
8101	8102	1803	0.8443	-1.998
3769	8102	1803	0.6387	-5.951
3746	3769	1803	0.686	1.010
3746	8102	1803	0.6364	-4.941
3769	8101	1803	0.7461	-3.953
3679	8101	1803	0.5935	-45.925
3679	3746	1803	0.545	-42.982
3679	8102	1803	0.557	-47.923
26823	51421	1804	0.6772	1.010
26716	51421	1804	0.7153	42.013
44517	44993	1804	0.6747	14.007
26823	36191	1804	0.7503	1.009
26964	36191	1804	0.7107	-46.008
26823	27393	1804	0.7619	46.010
27947	44517	1804	0.6817	-14.013
14707	26964	1804	0.762	46.005
36191	51421	1804	0.7107	0.001
36191	44993	1804	0.7888	-0.004
26823	44993	1804	0.7201	1.005
26823	27947	1804	0.7533	1.011
26964	27393	1804	0.6864	-1.006
26964	44993	1804	0.6983	-46.011
14707	44517	1804	0.7283	-14.013
26716	27947	1804	0.8518	42.014
26716	28848	1804	0.7853	-1.004
26716	36191	1804	0.766	42.012
14707	36191	1804	0.8753	-0.002
27947	36431	1804	0.7047	18.010
44993	51421	1804	0.7527	0.005
26964	51421	1804	0.6752	-46.006
27947	44993	1804	0.8718	-0.007
14707	27947	1804	0.9092	0.000
27947	36191	1804	0.8708	-0.003
14707	26716	1804	0.8143	-42.014
14707	51421	1804	0.7506	-0.001
36191	44517	1804	0.6989	-14.010
26716	41727	1804	0.8455	-14.018
26716	44993	1804	0.7889	42.008
27947	51421	1804	0.7841	-0.001
26964	27947	1804	0.7999	-46.005
36191	36431	1804	0.6883	18.012
26823	28848	1804	0.8573	-42.007
14707	26823	1804	0.7933	-1.011
14707	44993	1804	0.8362	-0.006
41727	44517	1804	0.6802	42.019
14707	36431	1804	0.7463	18.010
26628	26964	1804	0.7023	-27.994
9553	20286	1806	0.7994	-0.000
9553	36631	1806	0.8122	-23.018
86612	87699	1807	0.9289	-14.016
80654	86612	1807	0.9265	0.001
14690	49747	1809	0.6649	-139.088
39392	50296	1812	0.7051	-93.984
7362	79684	1812	0.7212	2.966
7362	50296	1812	0.7082	-77.968
50296	80751	1812	0.7113	-215.329
39135	50296	1812	0.7208	223.100
7362	82391	1812	0.7034	-348.285
43190	50296	1812	0.7904	-76.008
28850	46710	1814	0.9053	-98.071
29033	99559	1818	0.6487	-85.264
7823	25064	1826	0.7701	-10.059
34711	104061	1830	0.6536	-146.411
16655	34711	1830	0.6868	27.110
6367	79612	1838	0.6451	-274.279
8604	24304	1839	0.5425	-41.105
8604	81422	1839	0.5411	-138.212
64627	69889	1842	0.583	-99.568
64627	70208	1842	0.6802	-98.564
64627	69940	1842	0.671	-98.498
69940	70208	1842	0.6489	-0.066
64582	70208	1842	0.5945	-99.067
64582	70112	1842	0.5872	-99.565
63890	69889	1842	0.5869	-99.071
64582	69940	1842	0.5616	-99.000
63890	70208	1842	0.5648	-98.067
69889	70208	1842	0.5633	1.004
23749	37538	1848	0.6208	0.072
102935	103756	1855	0.9037	-14.015
84411	102935	1855	0.8748	138.046
80437	103756	1855	0.8692	3.995
80437	87309	1855	0.89	42.011
87309	102935	1855	0.9138	-24.000
75876	96386	1855	0.9337	-28.032
75876	87309	1855	0.9581	-4.032
96335	102935	1855	0.8677	-14.016
80437	102935	1855	0.9092	18.011
87309	103756	1855	0.9179	-38.015
75876	102935	1855	0.9032	-28.031
75876	80437	1855	0.9033	-46.042
80437	82499	1855	0.8504	31.230
84411	96386	1855	0.8409	138.046
82499	102935	1855	0.9371	-13.219
78697	87662	1860	0.6897	-24.001
56353	56412	1861	0.777	1.003
23593	90622	1862	0.5884	-23.109
27114	66826	1863	0.5882	-93.266
50126	54906	1863	0.5829	7.968
39021	50126	1863	0.6164	270.847
27114	39021	1863	0.5796	-187.950
46352	79202	1865	0.7322	-1.884
75098	79202	1865	0.725	-0.001
21288	22190	1866	0.753	-1.001
21288	21499	1866	0.9065	1.996
21499	21844	1866	0.7188	-1.001
21288	21844	1866	0.7251	0.994
12018	12134	1866	0.7808	3.995
21499	47340	1866	0.8115	-17.978
21499	22190	1866	0.6988	-2.997
12003	12134	1866	0.9336	1.989
12003	21288	1866	0.7529	-19.138
12003	12018	1866	0.7833	-2.006
21844	22190	1866	0.9345	-1.995
12134	21288	1866	0.7583	-21.127
56233	60647	1870	0.8474	-14.020
30331	79541	1872	0.6048	310.540
37260	60303	1877	0.951	-199.951
54700	60305	1877	0.6483	-18.970
37260	54700	1877	0.8317	-181.984
38784	67723	1877	0.6744	-228.934
35864	60305	1877	0.7876	-198.959
38784	67724	1877	0.6732	-230.931
39130	41674	1877	0.7949	-0.996
67749	68027	1877	0.7359	3.994
37260	60306	1877	0.9447	-201.948
67724	68027	1877	0.6521	3.001
38784	39130	1877	0.843	2.019
37260	41901	1877	0.8713	2.017
35864	60306	1877	0.9329	-199.953
60305	67724	1877	0.6801	-30.982
54700	60309	1877	0.7714	-21.961
60303	60332	1877	0.6913	-3.000
60306	60309	1877	0.901	-1.997
35864	38784	1877	0.7488	0.990
60305	60309	1877	0.8181	-2.991
60303	60306	1877	0.9427	-1.997
60303	68043	1877	0.772	-30.982
54700	60306	1877	0.8365	-19.963
38784	60332	1877	0.8743	-201.946
35864	60332	1877	0.7694	-200.956
60306	68043	1877	0.7687	-28.984
35864	41289	1877	0.8424	0.015
35864	60303	1877	0.9199	-197.956
37260	60309	1877	0.8785	-203.945
54700	68043	1877	0.7679	-48.948
60305	60332	1877	0.8782	-1.997
67723	68027	1877	0.6473	1.004
60305	67723	1877	0.6797	-28.985
60332	67724	1877	0.6927	-28.985
54700	60303	1877	0.8256	-17.966
68027	68043	1877	0.8054	-1.997
60309	60332	1877	0.786	0.994
38784	60309	1877	0.764	-202.939
35864	60309	1877	0.8926	-201.950
60309	68043	1877	0.7229	-26.987
37260	68027	1877	0.7393	-228.935
37260	60305	1877	0.7205	-200.954
60303	67749	1877	0.7198	-32.979
60303	68027	1877	0.7346	-28.984
37260	68043	1877	0.7726	-230.932
60332	67723	1877	0.6928	-26.988
37260	67749	1877	0.723	-232.929
35864	54700	1877	0.8082	-179.989
35864	68043	1877	0.7523	-228.937
60309	68027	1877	0.7018	-24.990
54700	68027	1877	0.6472	-46.951
60303	60309	1877	0.8733	-3.994
60306	60332	1877	0.7518	-1.003
35864	37260	1877	0.9331	1.995
67749	68043	1877	0.7077	1.997
60303	60305	1877	0.7546	-1.003
60305	60306	1877	0.7841	-0.994
38784	60306	1877	0.7354	-200.942
60306	68027	1877	0.7408	-26.987
38784	60305	1877	0.8887	-199.949
15711	42997	1881	0.5798	-102.918
15711	53678	1881	0.5612	-275.936
38220	39400	1890	0.7368	-122.076
39384	39400	1890	0.7323	-1.003
39384	39389	1890	0.7794	122.076
38220	39389	1890	0.8422	1.004
38220	39384	1890	0.6578	-121.073
39235	39384	1890	0.5991	-89.055
39235	39389	1890	0.5733	33.022
39389	39400	1890	0.7493	-123.079
47540	48848	1891	0.5965	-0.004
47802	48848	1891	0.7711	1.011
43013	47802	1891	0.5994	-15.019
27271	48848	1891	0.7217	-42.034
26817	47802	1891	0.6062	-42.046
26817	27271	1891	0.8401	0.999
47540	48890	1891	0.6049	-0.038
43013	48848	1891	0.7234	-14.008
6362	28225	1895	0.5813	155.003
72743	86802	1896	0.7297	-221.056
75463	75507	1899	0.56	284.161
20948	75463	1899	0.5628	21.821
75507	88829	1899	0.5713	-333.937
59998	65257	1900	0.7006	5.971
59998	66641	1900	0.8597	0.021
59998	63099	1900	0.7826	2.015
62397	63099	1900	0.8023	-4.954
62864	65257	1900	0.7817	4.964
26271	29819	1900	0.7045	-27.995
59888	62397	1900	0.7256	50.946
59998	62397	1900	0.7234	6.970
62864	63099	1900	0.783	1.008
62864	66641	1900	0.8401	-0.986
65257	66641	1900	0.7883	-5.950
62397	66641	1900	0.7721	-6.949
26271	63678	1900	0.7013	-8.042
62397	76229	1900	0.7384	-103.030
63099	66641	1900	0.8556	-1.995
59998	63678	1900	0.7727	151.989
59888	76229	1900	0.7071	-52.084
62397	65257	1900	0.7135	-0.999
59998	62864	1900	0.8132	1.007
97536	100949	1901	0.556	-128.157
28996	36846	1908	0.6973	194.094
67683	80599	1909	0.7312	-83.091
67683	77040	1909	0.7952	-55.059
70284	73021	1909	0.901	-29.035
73021	80599	1909	0.7532	-55.059
73020	89169	1909	0.7052	127.146
73020	73021	1909	0.9116	-1.003
67683	73021	1909	0.9289	-28.031
73020	77040	1909	0.8862	-28.031
77040	80599	1909	0.9054	-28.032
70284	73020	1909	0.9725	-28.031
70284	80599	1909	0.8042	-84.094
67683	73020	1909	0.9207	-27.028
73021	77040	1909	0.8695	-27.028
67683	70284	1909	0.8756	1.003
73020	80599	1909	0.8072	-56.063
70284	77040	1909	0.8681	-56.063
41306	64264	1911	0.6196	32.818
42641	64264	1911	0.6904	-46.135
52352	52614	1923	0.5687	58.003
52614	52648	1923	0.561	-59.007
52648	55826	1923	0.8993	-1.996
52352	55826	1923	0.5838	-3.001
52354	52648	1923	0.6157	0.992
44032	52354	1923	0.7255	-35.960
52354	55826	1923	0.7932	-1.005
52352	52354	1923	0.9499	-1.997
44032	52352	1923	0.7037	-33.963
52352	52648	1923	0.7949	-1.005
27426	96913	1924	0.6215	-94.344
96913	98884	1924	0.6221	-326.157
29006	32472	1925	0.6576	-16.030
60296	77067	1925	0.6042	-0.037
29006	29554	1925	0.6335	-18.008
29006	60296	1925	0.6014	154.100
31507	65821	1927	0.6121	-159.124
36738	37387	1928	0.5715	-1.012
35147	91734	1929	0.6817	-242.381
67309	67629	1930	0.6947	-1.003
27206	94907	1935	0.6375	60.904
15335	19022	1938	0.6212	0.998
98822	102224	1950	0.9195	-2.018
98252	98822	1950	0.9254	-13.977
53449	56064	1952	0.6999	-1.010
40269	40911	1952	0.6804	1.995
53373	53449	1952	0.9021	2.004
53373	56064	1952	0.6222	0.994
40911	53449	1952	0.6555	15.013
23161	36962	1956	0.7267	-53.931
57265	64129	1964	0.5476	-20.231
17074	64129	1964	0.6026	193.649
38067	45275	1966	0.7151	32.014
45275	68781	1966	0.7203	-36.151
1596	3640	1968	0.6494	-0.001
27233	30685	1974	0.6586	27.997
7401	27233	1974	0.6471	-249.071
27233	27608	1974	0.6833	143.239
75707	84006	1976	0.7457	36.038
71925	75722	1976	0.7598	144.078
80422	84006	1976	0.699	-28.032
71925	82057	1976	0.729	29.974
75722	78354	1976	0.7868	-32.024
41711	80422	1976	0.6384	-158.165
78114	82057	1976	0.746	15.994
75707	84639	1976	0.7357	30.011
82057	84639	1976	0.7399	15.995
71925	78354	1976	0.9228	112.054
78354	82057	1976	0.7507	-82.080
67673	78354	1976	0.7686	-14.016
67673	71925	1976	0.7658	-126.070
79047	80481	1980	0.8221	0.092
43769	83308	1981	0.8247	7.009
60825	72896	1987	0.6396	-248.427
7511	17217	1990	0.7258	-83.138
35528	35529	1991	0.7231	-1.999
35529	37224	1991	0.7405	-1.997
22026	23724	1991	0.6888	2.002
23724	35528	1991	0.7488	-33.966
8057	23724	1991	0.6451	17.034
22026	35529	1991	0.7385	-33.963
22026	37224	1991	0.6545	-35.960
59750	64175	2001	0.7525	-14.015
59911	64175	2001	0.6118	-11.024
55320	57566	2001	0.6586	-34.947
55320	59911	2001	0.7265	-35.948
59750	61632	2001	0.7551	-0.993
56772	64175	2001	0.603	-47.980
64175	65110	2001	0.596	-1.995
56871	61632	2001	0.6742	-32.951
56772	60757	2001	0.6156	-33.950
55122	59911	2001	0.6991	11.990
54588	57566	2001	0.6624	11.990
60757	65110	2001	0.582	-16.025
20276	20294	2001	0.5666	1.001
56022	59911	2001	0.657	-17.014
57566	64175	2001	0.6598	-12.026
56022	64175	2001	0.6887	-28.039
51143	59750	2001	0.6548	-47.970
54588	56772	2001	0.6106	47.944
51488	52202	2001	0.6054	12.990
60026	64175	2001	0.6496	-33.953
20276	55122	2001	0.602	141.071
54588	60757	2001	0.6448	13.995
56022	65110	2001	0.6615	-30.033
56022	61632	2001	0.6643	-15.017
55320	61632	2001	0.6891	-33.950
54588	61632	2001	0.6024	12.986
59911	61632	2001	0.8543	1.998
57566	60757	2001	0.8076	2.005
55320	56772	2001	0.7962	1.008
55123	65110	2001	0.6528	-0.037
57566	59911	2001	0.7454	-1.002
57566	59750	2001	0.8283	1.989
50893	52804	2001	0.7193	-0.032
57566	61632	2001	0.6904	0.996
51143	60026	2001	0.8264	-28.033
54588	55123	2001	0.6957	-1.993
55320	60026	2001	0.6814	-13.020
59750	60757	2001	0.8057	0.016
54588	59911	2001	0.6217	10.988
61632	64175	2001	0.6718	-13.022
50089	51488	2001	0.612	14.179
60757	61632	2001	0.7136	-1.009
55122	56871	2001	0.5717	46.938
59750	60026	2001	0.6457	19.938
51143	55320	2001	0.6882	-15.013
20276	50788	2001	0.6187	0.986
57566	60026	2001	0.64	21.927
51143	56772	2001	0.7349	-14.005
55123	59911	2001	0.6219	12.981
59750	59911	2001	0.6438	-2.991
60026	65110	2001	0.623	-35.947
61632	65110	2001	0.6342	-15.016
56871	59911	2001	0.6736	-34.949
54588	59750	2001	0.7002	13.979
55320	56871	2001	0.6514	-1.000
54588	56022	2001	0.6996	28.003
56772	60026	2001	0.7635	-14.027
50788	51488	2001	0.6031	1.003
52122	52804	2001	0.6599	-45.948
56022	59750	2001	0.7237	-14.023
51488	52804	2001	0.5883	1.003
54588	65110	2001	0.6087	-2.030
60026	60757	2001	0.5995	-19.922
56772	57566	2001	0.7435	-35.954
56772	59750	2001	0.7476	-33.965
20276	51488	2001	0.6687	1.989
56022	57566	2001	0.6661	-16.013
55122	55123	2001	0.5849	-0.992
54588	64175	2001	0.6205	-0.036
20294	51488	2001	0.5811	0.988
56022	60757	2001	0.6764	-14.008
60757	64175	2001	0.6632	-14.031
55123	56022	2001	0.6352	29.996
54447	96468	2004	0.6726	-40.087
4328	4352	2007	0.8037	-14.017
4328	4351	2007	0.7276	-1.011
4352	24868	2007	0.6131	-9.974
4328	15330	2007	0.6128	-31.989
4351	4352	2007	0.6539	-13.006
30624	47758	2011	0.5459	-46.042
30053	48591	2011	0.6762	-44.025
30053	84987	2011	0.7027	-1.982
83309	84987	2011	0.7917	-2.013
30053	30624	2011	0.7191	1.014
32845	48591	2011	0.6168	-43.023
32845	84987	2011	0.717	-0.980
27510	48591	2011	0.6464	-46.040
18093	18100	2011	0.5858	-163.050
27510	30053	2011	0.6704	-2.015
30945	47758	2011	0.5934	-47.044
18095	18363	2011	0.5577	0.506
18093	33282	2011	0.5629	4.037
84595	87108	2011	0.7399	-2.016
32845	47758	2011	0.6267	-44.026
30053	32845	2011	0.804	-1.002
32845	61928	2011	0.629	19.012
30945	61928	2011	0.6417	15.995
30053	61928	2011	0.7027	18.010
47758	48591	2011	0.6902	1.003
30945	32845	2011	0.7292	-3.017
27510	83309	2011	0.5914	-1.984
30053	87108	2011	0.7741	-0.981
18363	18387	2011	0.6294	-49.634
30624	30945	2011	0.6862	1.002
29500	30624	2011	0.5533	3.019
80345	84595	2011	0.7504	2.016
30945	48591	2011	0.6361	-46.041
80345	87108	2011	0.9154	-0.000
30053	30945	2011	0.7729	2.016
83309	84595	2011	0.7736	1.004
18363	30624	2011	0.5556	113.431
30624	32845	2011	0.7079	-2.016
80345	84987	2011	0.7786	-1.001
30053	80345	2011	0.7202	-0.981
18100	18387	2011	0.6773	1.003
27510	32845	2011	0.6398	-3.017
84987	87108	2011	0.7947	1.001
92659	92720	2012	0.7612	1.003
17714	24441	2013	0.53	85.055
23966	96977	2013	0.5345	-183.281
23966	24441	2013	0.574	63.049
10711	41301	2017	0.6959	-200.083
10711	53401	2017	0.7021	-196.053
21459	37148	2018	0.6001	5.955
3047	21459	2018	0.6309	-79.859
21459	34333	2018	0.5519	-76.925
20195	37148	2018	0.626	13.027
3047	37148	2018	0.5724	-73.903
31704	65419	2019	0.643	-164.918
85733	86513	2021	0.5756	1.005
70830	74452	2022	0.7031	131.148
18486	34037	2022	0.7163	-360.035
4725	74452	2022	0.701	-256.998
5269	70830	2022	0.7102	-344.120
19154	74452	2022	0.7063	-199.886
5269	74452	2022	0.7191	-212.971
16267	74452	2022	0.6808	-238.030
34037	70830	2022	0.6809	-45.142
18486	19154	2022	0.7034	-74.142
70460	78475	2023	0.7337	-46.735
70460	82814	2023	0.7193	-49.163
39285	94710	2025	0.6833	-166.239
36215	82253	2025	0.7824	180.119
30866	94710	2025	0.6875	-207.244
39285	82253	2025	0.7834	-115.033
3990	39285	2025	0.6804	-75.120
55890	57506	2028	0.5263	-43.521
77229	88893	2029	0.8615	-29.165
69513	78655	2037	0.754	-0.000
59450	103707	2041	0.5707	-179.432
36470	49226	2043	0.7745	-0.000
36470	53037	2043	0.7841	-0.000
36470	64002	2043	0.8399	-0.000
16114	16964	2048	0.67	-28.031
16114	16914	2048	0.5612	-29.034
16914	16964	2048	0.6965	1.003
22221	28678	2054	0.7245	-0.001
28678	50181	2054	0.6157	0.000
28678	52552	2054	0.7285	-0.000
28678	33781	2054	0.6681	-13.977
30051	30853	2057	0.5321	0.987
28606	32898	2057	0.6067	-0.985
28606	30051	2057	0.6614	-0.985
30853	31758	2057	0.6155	0.996
28606	28957	2057	0.8081	-1.991
28606	28966	2057	0.7578	0.997
28957	30853	2057	0.6243	1.992
28957	32898	2057	0.6316	1.006
28957	30051	2057	0.705	1.005
28966	30051	2057	0.5321	-1.983
30051	32898	2057	0.7343	0.000
28606	31758	2057	0.7512	0.998
28966	31758	2057	0.8582	0.001
28966	30853	2057	0.6156	-0.996
28606	30853	2057	0.7292	0.002
71772	74229	2064	0.8905	-0.000
35965	90668	2065	0.7222	-262.269
70856	82582	2068	0.6739	-165.123
35020	35195	2072	0.5317	-1.998
9324	86505	2076	0.6631	-179.241
54313	58555	2084	0.5756	-50.026
50580	58555	2084	0.6149	-136.063
46185	67209	2085	0.6864	-155.135
46185	75913	2085	0.6977	-212.237
35675	75913	2085	0.6745	-63.284
11151	30285	2085	0.7268	-64.142
30285	35675	2085	0.6818	-141.011
25447	52969	2088	0.5662	2.959
25447	60778	2088	0.5202	-126.163
19454	102768	2091	0.6557	-166.174
19161	102768	2091	0.6597	-178.171
38137	64285	2092	0.5592	-0.041
17549	23852	2092	0.6028	0.042
23852	38137	2092	0.5818	-0.064
63052	67468	2093	0.5478	0.000
22095	67468	2093	0.5021	-242.095
55706	55734	2094	0.6351	-1.997
22023	26858	2101	0.5466	101.007
34925	104393	2101	0.5028	-223.649
22023	104393	2101	0.508	-287.359
31186	34925	2101	0.5433	-231.767
25733	26858	2101	0.5736	-88.052
10379	35530	2104	0.6179	15.230
10379	14012	2104	0.5847	58.008
52188	56387	2107	0.5629	-42.517
52200	56387	2107	0.6086	-43.018
80737	101080	2111	0.6557	-129.087
80737	91868	2111	0.6425	36.904
39884	101080	2111	0.6506	-405.275
39884	80737	2111	0.7303	-276.188
26394	40529	2114	0.8389	0.001
57844	75696	2114	0.9521	-0.001
40529	75696	2114	0.8126	-51.037
50664	57844	2114	0.8132	-28.032
40529	50664	2114	0.8344	-23.004
50664	75696	2114	0.849	-28.033
31914	93987	2120	0.6892	-97.918
93987	94790	2120	0.6794	-25.008
21696	98693	2129	0.7564	-83.358
28593	98693	2129	0.7031	-261.274
14777	15283	2129	0.7024	-20.137
14777	28593	2129	0.7135	-18.157
13093	28593	2129	0.7151	9.874
41106	45074	2137	0.6569	-0.998
45074	58267	2137	0.5102	-30.970
31094	42686	2137	0.5766	-34.964
42686	46670	2137	0.6587	0.996
31094	45074	2137	0.5287	-36.959
45074	46670	2137	0.6432	2.991
41106	42686	2137	0.6878	0.997
46670	58267	2137	0.5079	-33.961
41106	58267	2137	0.5443	-31.967
31094	58267	2137	0.5498	-67.929
31094	41106	2137	0.5809	-35.961
42686	45074	2137	0.8135	-1.995
31094	46670	2137	0.5544	-33.968
41106	46670	2137	0.8703	1.993
39366	62011	2138	0.7009	-131.018
87282	99722	2139	0.6319	-0.472
83411	85546	2141	0.8583	-0.058
79452	85546	2141	0.5778	1.003
79452	83411	2141	0.6077	1.061
12487	57564	2142	0.6671	63.012
12487	63636	2142	0.642	52.070
61228	78172	2149	0.9266	-4.979
92484	93558	2149	0.9161	4.962
58498	74206	2149	0.9136	-28.031
92447	93558	2149	0.9186	3.958
88681	93558	2149	0.9148	60.988
42967	92484	2149	0.9632	-114.208
66690	89176	2149	0.9168	-53.088
92484	95518	2149	0.9301	-38.086
42967	93558	2149	0.9257	-109.246
91563	92831	2149	0.913	18.011
78172	106730	2149	0.935	-108.131
88681	97560	2149	0.9087	18.977
88030	94438	2149	0.9165	-80.099
78172	86456	2149	0.9659	-42.047
88030	106730	2149	0.9198	-52.068
82776	88139	2149	0.9122	-14.016
92447	93173	2149	0.9419	17.974
93173	93558	2149	0.9187	-14.016
91563	95172	2149	0.91	-51.956
42967	88030	2149	0.9206	-71.194
91563	97560	2149	0.9131	-52.031
93173	106730	2149	0.9348	-28.031
43735	88139	2149	0.9038	-54.084
59716	86456	2149	0.9083	-29.052
42967	90815	2149	0.9042	-213.294
91563	92447	2149	0.9161	-13.979
86456	106730	2149	0.9648	-66.084
43735	74206	2149	0.9173	-28.031
42967	91563	2149	0.9437	-99.225
92831	106730	2149	0.9058	-42.047
90815	91504	2149	0.928	113.102
86456	93558	2149	0.9441	-52.068
79701	85038	2149	0.9292	0.039
91504	91563	2149	0.9048	0.966
43735	82776	2149	0.9198	-40.068
88030	92484	2149	0.9105	-43.014
74206	89176	2149	0.9041	-94.151
86456	91563	2149	0.9173	-42.047
59716	95172	2149	0.9419	-123.055
88030	92447	2149	0.9282	-42.011
42967	109026	2149	0.9116	-123.262
74206	85038	2149	0.9049	-26.014
42967	97560	2149	0.9052	-151.257
79701	88139	2149	0.9544	-0.000
43735	89176	2149	0.9574	-122.182
93173	95207	2149	0.9047	29.052
86456	88030	2149	0.9318	-14.016
61228	106730	2149	0.9116	-113.110
86456	93173	2149	0.9479	-38.052
86456	92447	2149	0.9663	-56.026
91563	93558	2149	0.9278	-10.021
92447	94438	2149	0.9327	-38.089
91563	92484	2149	0.9405	-14.983
58498	89176	2149	0.9041	-122.182
88030	91563	2149	0.9247	-28.031
42967	92831	2149	0.9102	-81.215
93558	106730	2149	0.9157	-14.016
89176	93558	2149	0.9175	-2.016
89176	90751	2149	0.9257	-215.225
88030	88451	2149	0.9149	18.011
85038	88139	2149	0.9617	-0.039
43735	58498	2149	0.9106	0.000
86456	92831	2149	0.9167	-24.036
79701	87759	2149	0.907	-144.078
92447	92831	2149	0.9177	31.990
88139	99755	2149	0.929	-70.078
61228	86456	2149	0.9386	-47.026
88030	92831	2149	0.9331	-10.021
92447	106730	2149	0.9597	-10.057
88030	93558	2149	0.9205	-38.052
78172	92447	2149	0.9334	-98.073
78172	93173	2149	0.9168	-80.099
43735	66690	2149	0.9112	-69.094
92484	109026	2149	0.9136	-9.054
82980	87404	2152	0.9632	-42.011
18381	100811	2160	0.5036	-47.274
31423	100811	2160	0.5304	-301.337
15631	17840	2162	0.5978	-14.019
16924	17840	2162	0.639	1.007
10994	15631	2162	0.5478	-74.033
23180	59743	2163	0.6687	-204.150
27872	58438	2163	0.6823	-9.116
23180	58438	2163	0.6641	-133.090
47737	53153	2169	0.7126	99.003
57010	102019	2173	0.5751	-243.450
36776	57010	2173	0.569	209.003
72002	79696	2174	0.5941	14.974
74832	79696	2174	0.6053	30.012
69584	74832	2174	0.5946	14.975
72002	74832	2174	0.6493	-15.039
38775	72002	2174	0.7174	31.029
72002	76990	2174	0.566	14.973
38775	69584	2174	0.5967	1.015
69584	76990	2174	0.5436	44.988
69584	72002	2174	0.5801	30.014
38775	79696	2174	0.573	46.003
69584	79696	2174	0.5603	44.988
42507	44848	2177	0.6774	226.122
42507	100129	2177	0.678	-76.193
16473	58479	2182	0.6923	-87.105
10814	15449	2182	0.6644	-42.004
15449	16473	2182	0.6701	235.010
47673	56117	2191	0.6656	-13.978
14298	56117	2191	0.6204	-90.008
13385	56117	2191	0.6203	-200.081
13385	14298	2191	0.6209	-110.073
7967	64202	2192	0.5994	-79.223
41193	64202	2192	0.5207	13.855
50833	57957	2196	0.5592	-430.281
24108	24496	2198	0.6275	-0.022
4307	4331	2205	0.89	-0.035
3711	4315	2205	0.6789	-1.005
4307	4682	2205	0.9768	-0.035
4331	4682	2205	0.875	0.000
3711	4307	2205	0.9106	0.000
3711	4331	2205	0.8802	-0.035
4307	4315	2205	0.6408	-1.005
3711	4682	2205	0.899	-0.035
54887	103258	2212	0.6709	175.209
82252	103258	2212	0.6739	-101.944
25453	101063	2212	0.6837	-357.214
25453	103258	2212	0.7088	-130.994
56573	96029	2214	0.5603	-64.162
100663	101816	2222	0.7975	-1.003
101816	102548	2222	0.7601	74.094
49315	102548	2222	0.7914	-179.190
100663	102548	2222	0.8706	73.091
49315	100663	2222	0.7578	-252.281
100667	102548	2222	0.7333	-0.001
100663	100667	2222	0.7381	73.092
27984	34058	2224	0.6338	-0.000
33068	68167	2229	0.6236	-42.155
33068	40159	2229	0.6304	56.992
56592	66691	2230	0.5196	-183.185
12630	56592	2230	0.5433	-215.059
66097	82958	2232	0.8239	77.916
16290	50583	2235	0.7255	-399.263
4049	16290	2235	0.7078	-10.064
87013	90252	2237	0.8773	-3.019
12617	90001	2249	0.6326	-445.283
66143	90001	2249	0.6505	-260.096
44779	83364	2251	0.5635	-372.282
50369	89998	2252	0.6636	33.211
81702	89248	2254	0.8941	-2.996
34379	35051	2261	0.7299	-0.993
22776	39773	2261	0.6777	39.024
34379	43489	2261	0.7894	-13.943
34303	34379	2261	0.7721	0.109
22776	43489	2261	0.7598	60.089
34439	35051	2261	0.72	2.004
34328	34379	2261	0.8518	1.994
23110	34328	2261	0.7055	74.038
34379	39773	2261	0.7662	-35.009
39773	43489	2261	0.7409	21.066
22776	34379	2261	0.715	74.032
42788	86497	2273	0.6423	-85.350
57150	86497	2273	0.6512	-43.264
39077	51775	2277	0.6361	-125.070
42455	51775	2277	0.6575	-87.150
39077	93148	2277	0.6456	-173.128
11134	51744	2279	0.7744	0.000
51744	84462	2279	0.8674	0.000
14559	55833	2281	0.5069	-152.990
39027	56285	2281	0.6464	18.010
55833	56285	2281	0.8702	2.005
55833	56725	2281	0.845	0.998
14559	39027	2281	0.764	-168.995
56285	56725	2281	0.7582	-1.007
14559	56285	2281	0.5875	-150.985
39027	55833	2281	0.5317	16.005
14559	56725	2281	0.5669	-151.992
56106	84933	2286	0.6155	-0.004
12884	60405	2289	0.6665	-102.084
37193	84080	2289	0.6781	291.997
26018	96722	2289	0.6845	-303.326
12884	84080	2289	0.6717	-98.219
47036	84080	2289	0.7039	-1.085
12884	73611	2289	0.6705	-339.264
12884	26018	2289	0.6701	12.853
3866	7571	2295	0.9151	13.032
70012	88418	2296	0.6822	-359.301
50697	84625	2296	0.7081	-111.134
84625	97487	2296	0.6991	-219.368
8465	16354	2296	0.7284	-244.109
8465	70012	2296	0.701	-145.205
8465	84625	2296	0.6956	-222.142
8071	68064	2296	0.6812	-255.272
16354	92890	2296	0.723	-188.286
68064	92890	2296	0.6803	-200.141
64371	92512	2302	0.5572	-104.103
15660	95804	2302	0.5858	-366.407
59462	78194	2302	0.5669	-188.469
10511	59462	2302	0.5574	-183.996
15660	80029	2302	0.5831	-305.521
59462	92512	2302	0.541	-288.381
92512	95804	2302	0.6278	-5.035
80029	95804	2302	0.5793	-60.887
13376	54225	2305	0.5922	25.866
15975	72650	2307	0.5228	-166.100
40645	43221	2310	0.9161	0.073
82299	84578	2314	0.7299	2.021
72489	82299	2314	0.7465	-0.003
17422	26065	2317	0.7289	-287.223
17571	37021	2317	0.7723	21.015
24434	26065	2317	0.7224	-286.163
14972	17571	2317	0.7078	155.948
24434	32988	2317	0.7106	-87.885
17571	26065	2317	0.7243	-284.126
14972	29463	2317	0.7325	67.918
41285	88849	2318	0.6514	-350.113
43203	44121	2326	0.6434	319.341
43203	67677	2326	0.6727	163.086
40759	50491	2328	0.6242	24.041
19094	63131	2329	0.6945	-267.287
63131	97170	2329	0.6938	8.001
6949	14892	2333	0.7259	0.083
1965	14892	2333	0.7252	-0.037
41514	106206	2335	0.5763	-158.363
59570	60468	2340	0.8164	-14.013
59224	59570	2340	0.8235	17.028
13212	100153	2343	0.7044	-272.450
87359	87479	2346	0.8816	42.951
80276	87479	2346	0.9366	-40.010
34385	56709	2348	0.6687	118.990
24757	25436	2349	0.8111	-1.001
25436	29349	2349	0.5012	1.000
24757	25257	2349	0.6349	-1.981
25436	25527	2349	0.6588	-0.996
29349	32228	2349	0.6376	-0.001
24757	26038	2349	0.9144	0.001
25436	26038	2349	0.7905	1.001
26023	44175	2349	0.556	-90.998
26038	44175	2349	0.5805	-106.994
24757	44175	2349	0.5665	-106.993
25257	25527	2349	0.6573	-0.015
24757	25527	2349	0.884	-1.996
25257	44175	2349	0.5538	-105.012
25436	44175	2349	0.5334	-105.992
25257	26038	2349	0.6515	1.982
25527	26038	2349	0.8494	1.997
13609	36530	2353	0.67	-114.011
13609	46226	2353	0.6953	-31.947
13609	46227	2353	0.6847	-33.946
46226	46227	2353	0.9692	-1.999
12921	13609	2353	0.67	0.996
64726	65150	2355	0.7224	-113.124
65150	65158	2355	0.6118	-17.026
65107	65158	2355	0.6314	-1.000
65107	65146	2355	0.8447	17.026
65145	65146	2355	0.8999	-56.066
65145	65157	2355	0.6104	-1.001
65107	65157	2355	0.6394	72.091
64726	65107	2355	0.772	-129.150
64726	65145	2355	0.8237	-56.059
65146	65150	2355	0.7638	-1.000
64726	65158	2355	0.6136	-130.150
65145	65158	2355	0.6474	-74.091
65145	65150	2355	0.7224	-57.065
65107	65145	2355	0.8116	73.091
64726	65146	2355	0.8449	-112.125
65146	65157	2355	0.6823	55.065
65146	65158	2355	0.6402	-18.026
65150	65157	2355	0.6749	56.065
65107	65150	2355	0.7265	16.026
64726	65157	2355	0.659	-57.060
10613	65663	2360	0.8069	-63.997
24656	61213	2361	0.643	-122.041
24656	63595	2361	0.6572	-147.185
13963	68415	2361	0.7933	-144.129
63595	68415	2361	0.661	120.059
63595	70150	2361	0.6458	67.117
24656	58528	2361	0.7046	-22.142
13963	15653	2361	0.7081	-151.843
80714	101651	2362	0.6602	91.975
12109	12119	2365	0.5109	18.004
68482	68483	2366	0.8352	-1.997
68482	68484	2366	0.5507	-25.977
68483	68498	2366	0.5474	-19.985
68483	68484	2366	0.7418	-23.980
84829	88093	2369	0.6882	-1.999
84829	84853	2369	0.664	214.006
16248	44189	2370	0.5527	-165.925
34608	44189	2370	0.5519	-130.865
20627	20650	2372	0.7136	0.993
20311	20627	2372	0.6716	-1.802
20627	20631	2372	0.7428	1.996
20311	20650	2372	0.7003	-0.809
20311	20631	2372	0.7803	0.194
20631	20650	2372	0.695	-1.003
16055	19102	2373	0.7351	-12.002
16055	100215	2373	0.751	-353.345
27485	100215	2373	0.7518	-263.292
19102	26864	2373	0.6805	28.937
18049	53649	2377	0.5972	-154.171
41240	41803	2396	0.7114	140.084
9150	96414	2399	0.708	-211.311
24220	97525	2399	0.623	-241.417
96414	103351	2399	0.6401	119.031
24220	25940	2399	0.6165	-53.163
20919	96414	2399	0.6161	-362.320
20919	103351	2399	0.6324	-243.290
20919	70612	2399	0.6392	-35.070
20919	22590	2399	0.6115	-41.010
24220	28564	2399	0.646	116.928
97525	103351	2399	0.6052	132.042
22590	70612	2399	0.6101	5.939
22590	103351	2399	0.6588	-202.280
69432	69657	2400	0.6776	-0.015
28803	76343	2401	0.8833	-187.925
71326	82438	2403	0.7222	74.866
67576	82438	2403	0.7224	-129.010
69659	71326	2403	0.7287	42.012
48828	82438	2403	0.7135	-235.249
16007	21626	2407	0.5264	23.023
7230	8308	2409	0.7416	15.995
7213	7230	2409	0.8911	1.006
7214	8308	2409	0.6681	17.996
7214	7230	2409	0.8496	2.000
77353	93835	2410	0.5275	-16.028
14241	14346	2412	0.6224	-32.026
27544	35228	2421	0.5499	-46.114
8324	35789	2424	0.7314	-70.098
21909	81729	2426	0.609	-26.888
21909	38628	2426	0.6138	173.388
10105	37314	2427	0.6451	-60.059
38512	94835	2430	0.6088	-146.279
40114	42973	2440	0.7384	0.240
9950	11149	2442	0.6163	-15.979
59000	60988	2444	0.7723	1.166
53699	60423	2444	0.7233	-0.021
51158	58554	2444	0.726	-30.038
58943	59000	2444	0.8362	-1.003
53699	59000	2444	0.8317	-0.152
60988	74688	2444	0.7475	-70.217
53699	58554	2444	0.7869	-1.155
58943	73724	2444	0.7224	-126.141
53699	58943	2444	0.7442	0.852
58943	60988	2444	0.864	0.162
58554	59000	2444	0.7893	1.003
51158	60988	2444	0.7266	-27.869
51158	59000	2444	0.7818	-29.035
71041	73724	2444	0.7789	-0.197
53699	60988	2444	0.7562	1.014
45957	51025	2446	0.5648	1.979
61496	92084	2448	0.8675	-54.206
41631	61853	2451	0.5863	112.025
41631	72012	2451	0.6283	-251.139
41631	94308	2451	0.5873	-143.855
72012	75650	2451	0.5801	226.190
72812	77864	2452	0.7418	-14.013
37818	40726	2457	0.6445	264.231
40726	93547	2457	0.6539	-226.393
74069	93547	2457	0.6141	36.819
60155	60184	2458	0.5738	-84.934
60184	60253	2458	0.772	1.998
60216	60253	2458	0.5724	-1.997
60155	60253	2458	0.5623	-82.937
86762	90213	2459	0.7153	-0.034
51719	68459	2461	0.6123	-209.132
30481	68459	2461	0.5919	-36.031
51658	56856	2467	0.7056	0.002
96467	100666	2470	0.5902	-205.239
28664	41571	2473	0.6929	-193.192
77783	84774	2475	0.8473	-28.031
84774	85479	2475	0.8426	0.148
11363	13322	2478	0.5661	-0.037
25969	27690	2487	0.8318	-0.032
24750	25969	2487	0.5834	1.034
24750	27690	2487	0.6386	1.002
24750	25039	2487	0.5878	-1.002
6007	6046	2488	0.7219	-27.995
6046	6065	2488	0.7457	-1.003
7270	7284	2488	0.7601	14.016
6046	7270	2488	0.7177	27.995
6272	7270	2488	0.7494	10.980
22529	91143	2492	0.5507	-276.307
42112	46296	2493	0.6701	58.040
14788	92879	2496	0.5304	-270.466
78593	89306	2500	0.9191	205.199
41880	60356	2501	0.675	-19.049
60356	70182	2501	0.6441	-286.214
31155	31811	2505	0.5451	-120.057
89162	99091	2507	0.8528	30.948
87125	89162	2507	0.8372	1.078
87125	99091	2507	0.9012	32.026
53504	53505	2510	0.6383	-1.000
25888	53504	2510	0.6831	-112.129
32484	32803	2511	0.6276	11.999
19387	21681	2524	0.577	3.032
21283	24741	2524	0.6952	-2.018
21283	22245	2524	0.601	-20.028
21283	21681	2524	0.6297	-1.004
22245	24741	2524	0.5883	18.010
21681	24741	2524	0.5842	-1.014
8005	19606	2529	0.6384	5.023
69055	74412	2534	0.6466	0.000
58519	69055	2534	0.5874	-206.058
59443	64366	2534	0.6613	206.056
58519	59443	2534	0.7082	21.982
59443	62054	2534	0.6659	206.056
59442	62054	2534	0.839	-0.000
59443	69055	2534	0.5908	-228.041
58519	62054	2534	0.6123	228.039
62054	64366	2534	0.8775	-0.000
59442	64366	2534	0.8214	-0.000
58519	64366	2534	0.6083	228.038
59442	59443	2534	0.5888	-206.056
31466	104310	2536	0.5332	100.722
42313	43506	2540	0.8119	-146.657
17001	42313	2540	0.7111	-1.134
43506	76538	2540	0.7086	-152.494
42313	49898	2540	0.701	-367.194
17001	17795	2540	0.7103	-65.053
42313	76538	2540	0.714	-299.150
17001	43506	2540	0.7044	-147.791
44931	57739	2546	0.7701	-113.068
15668	44304	2548	0.6522	-165.918
32544	75729	2557	0.7816	89.994
11691	16563	2559	0.7102	0.000
107631	107809	2560	0.9723	0.050
7348	29786	2563	0.8295	-310.217
38597	39095	2563	0.8404	-0.129
29786	39095	2563	0.8284	390.990
51917	96355	2569	0.697	-467.382
21403	96355	2569	0.7118	-371.517
46101	54199	2572	0.5503	-53.029
20630	54199	2572	0.5457	-195.185
72363	80972	2572	0.5704	67.008
20630	80972	2572	0.5495	-258.255
51937	61322	2573	0.6605	-17.007
23329	51937	2573	0.6622	-37.057
31735	68402	2574	0.6375	186.867
26180	71434	2594	0.6698	-289.086
80009	82786	2595	0.8196	-0.018
9047	24858	2597	0.5303	-79.984
23917	24451	2599	0.6867	18.003
49478	85731	2603	0.6042	-312.158
49478	90566	2603	0.6081	-214.945
24019	27283	2605	0.5481	-13.981
81120	98391	2606	0.7551	-222.057
47732	63533	2610	0.5768	-40.032
23524	72369	2612	0.6239	-274.088
80860	91915	2614	0.7133	4.092
29031	80860	2614	0.6698	-83.241
13285	13407	2618	0.6641	1.998
13407	14938	2618	0.6469	-108.012
13286	13556	2618	0.5882	-2.991
13285	13292	2618	0.7136	-62.996
17527	25385	2618	0.6053	89.995
13292	13616	2618	0.793	1.003
13292	14938	2618	0.6709	-43.018
3767	13285	2618	0.6058	0.126
13286	13407	2618	0.6693	62.996
13292	13556	2618	0.7671	-0.994
13292	13621	2618	0.7534	3.001
3666	13287	2618	0.568	-65.989
3767	27815	2618	0.5809	-44.057
13556	13621	2618	0.6827	3.994
3666	13621	2618	0.6579	-59.995
3767	14938	2618	0.6341	-105.888
13285	13616	2618	0.7458	-61.992
3672	13616	2618	0.6439	-63.990
13287	13556	2618	0.703	2.000
13287	13292	2618	0.6618	2.993
27815	28486	2618	0.6316	21.982
3672	14938	2618	0.5699	-108.011
13285	14938	2618	0.7239	-106.014
13556	14938	2618	0.6735	-42.025
3666	13292	2618	0.667	-62.996
3666	13556	2618	0.6664	-63.990
13285	13621	2618	0.7568	-59.995
3672	13621	2618	0.6982	-61.992
13407	13616	2618	0.7044	-63.990
27815	65712	2618	0.5287	-169.117
13000	13621	2618	0.6022	-123.988
3666	13616	2618	0.6558	-61.993
17527	36182	2618	0.5066	46.005
3666	13407	2618	0.6014	1.997
3672	13407	2618	0.6815	0.000
3666	3672	2618	0.6087	1.997
13285	13556	2618	0.7471	-63.989
3666	13285	2618	0.6917	-0.000
13287	13616	2618	0.6208	3.997
13616	14938	2618	0.682	-44.022
13556	13616	2618	0.7204	1.997
13407	13621	2618	0.7983	-61.993
3666	14938	2618	0.6555	-106.014
13616	13621	2618	0.8147	1.997
13286	13621	2618	0.7455	1.004
3672	13292	2618	0.6312	-64.993
3672	13286	2618	0.6229	-62.996
13286	13292	2618	0.7428	-1.997
13407	13556	2618	0.6044	-65.987
13000	13407	2618	0.5832	-61.995
13286	14938	2618	0.6033	-45.015
13621	14938	2618	0.6148	-46.019
13286	13616	2618	0.7938	-0.994
13292	13407	2618	0.6752	64.993
25385	27815	2618	0.6092	46.988
3767	13556	2618	0.5622	-63.863
52627	52885	2629	0.8566	-1.997
40099	58540	2630	0.5474	-388.267
4463	5506	2633	0.6689	-16.032
36860	43113	2639	0.8305	-14.006
11198	82034	2642	0.6608	-466.257
50797	63543	2642	0.6896	-156.115
45396	50797	2642	0.6979	274.521
63543	78493	2642	0.6698	-91.050
45434	51853	2642	0.684	68.975
41574	63543	2642	0.7255	-64.068
26826	78493	2642	0.7118	-157.263
64670	70098	2642	0.6718	-43.023
65206	71142	2642	0.6961	-270.360
44261	63543	2642	0.6788	137.964
64670	76288	2642	0.748	-39.996
11198	35193	2642	0.6781	-292.220
11198	70098	2642	0.695	-326.298
70098	76288	2642	0.7393	3.028
71142	76288	2642	0.8001	168.097
65629	71142	2642	0.6605	-430.312
51853	62139	2642	0.6639	-212.140
62139	71142	2642	0.8514	-151.090
44261	76288	2642	0.7299	30.919
11198	62139	2642	0.7379	-340.277
62139	70098	2642	0.7919	13.979
76288	77070	2642	0.6823	-19.023
68405	91155	2643	0.5387	-25.041
12155	68405	2643	0.5341	-450.390
16427	25795	2645	0.7438	150.922
18929	20744	2645	0.7318	-35.822
29063	59143	2645	0.7282	176.849
20744	25795	2645	0.7079	148.672
27193	35527	2645	0.7788	135.060
20744	55338	2645	0.7194	152.724
25795	39609	2645	0.72	147.191
7904	16313	2645	0.7486	37.979
16048	25795	2645	0.7091	244.865
24973	25795	2645	0.7293	29.338
16427	26544	2645	0.7055	182.102
25795	57772	2645	0.7005	-137.995
7904	25418	2645	0.7203	-183.034
7904	18929	2645	0.731	-117.012
7904	29063	2645	0.7215	-47.836
7904	20744	2645	0.7872	-152.834
18929	63089	2645	0.7507	99.925
25795	59143	2645	0.7398	133.175
7904	25795	2645	0.8588	-4.161
56792	59143	2645	0.7014	282.226
29063	35527	2645	0.7374	123.907
25795	29063	2645	0.7306	-43.675
7904	24973	2645	0.7999	-33.499
7904	25062	2645	0.7302	-71.986
13181	48042	2646	0.6992	-120.094
7952	17105	2653	0.6537	-14.013
41495	90505	2657	0.6635	-158.267
61891	64614	2658	0.5552	0.000
52103	61891	2658	0.5713	0.000
52103	64614	2658	0.5334	0.000
69185	101792	2660	0.6647	-1.128
37956	86079	2660	0.6611	95.877
37956	101792	2660	0.6608	78.842
69240	72294	2661	0.5445	-95.003
16863	26931	2664	0.7279	-28.031
26931	26953	2664	0.6705	1.999
16863	16879	2664	0.6888	2.006
16879	26953	2664	0.6932	-28.038
55377	75566	2668	0.772	402.543
1564	2126	2676	0.6979	-0.011
21625	32350	2677	0.7069	-425.261
26444	81174	2685	0.9515	-0.000
26444	40606	2685	0.944	0.000
40606	81174	2685	0.9656	-0.000
24996	36968	2689	0.6006	13.973
80495	80674	2690	0.7632	-4.002
80533	81096	2690	0.7381	-4.000
80533	81013	2690	0.7913	-1.002
80560	80614	2690	0.6695	-2.001
80614	80674	2690	0.6634	61.984
79306	80560	2690	0.7238	-67.989
80674	81013	2690	0.7261	5.000
80495	81013	2690	0.781	0.999
80674	80929	2690	0.7864	7.004
80495	80929	2690	0.7464	3.003
79306	81096	2690	0.7041	-6.004
79306	80674	2690	0.7424	-8.006
81095	81096	2690	0.7673	-0.999
80537	80560	2690	0.6757	4.001
80495	80537	2690	0.7188	-67.986
79306	80533	2690	0.8427	-2.003
80614	81013	2690	0.7102	66.984
80929	81095	2690	0.8132	-4.004
80537	81095	2690	0.6815	66.985
80495	81095	2690	0.6902	-1.001
79306	81013	2690	0.7736	-3.005
80929	81013	2690	0.7793	-2.004
79306	80929	2690	0.7232	-1.001
80614	81100	2690	0.6749	0.997
80533	80614	2690	0.7654	-67.986
80495	81096	2690	0.7264	-2.000
79306	80495	2690	0.8422	-4.004
80495	80533	2690	0.84	2.001
80537	80614	2690	0.7775	2.000
80929	81100	2690	0.6609	-67.991
80929	81096	2690	0.8073	-5.002
80674	81096	2690	0.7627	2.002
80533	80929	2690	0.7604	1.002
80533	80674	2690	0.7669	-6.002
81013	81096	2690	0.7446	-2.998
81013	81095	2690	0.7718	-2.000
20824	50635	2691	0.5455	-94.812
57489	96952	2696	0.6415	-28.265
57489	99790	2696	0.6694	17.741
96940	99790	2696	0.6515	-14.053
42877	57489	2696	0.6457	34.004
47778	47827	2699	0.9228	-17.034
93657	93821	2699	0.8407	161.145
15186	79535	2699	0.7825	240.235
48436	93821	2699	0.807	-296.269
52650	93821	2699	0.7704	-139.236
47778	93821	2699	0.7674	-130.171
52650	79535	2699	0.7974	137.967
51596	54444	2699	0.7934	-47.994
47778	51856	2699	0.8336	0.000
47827	51856	2699	0.8104	17.034
61050	93821	2699	0.7706	-126.233
51596	93821	2699	0.7855	-140.243
44899	85480	2700	0.7152	-190.347
14700	44899	2700	0.6736	-9.062
28514	32916	2700	0.6832	-50.974
14700	32916	2700	0.6889	-53.044
32916	44899	2700	0.6785	43.982
15518	44899	2700	0.6659	-96.143
32916	66722	2700	0.6612	42.875
5334	15816	2705	0.7197	-7.967
19876	82646	2705	0.6883	33.594
19699	20295	2705	0.7247	65.087
10627	20295	2705	0.7571	90.070
15816	20295	2705	0.735	-75.995
19699	104658	2705	0.6815	-321.436
3839	5334	2705	0.6812	-23.999
4843	10627	2705	0.6845	-156.039
15816	82646	2705	0.7362	-474.570
55950	90477	2708	0.7058	-53.998
46798	58559	2710	0.5744	19.759
16152	17570	2726	0.6914	36.142
52733	83020	2735	0.6642	-108.120
30682	102085	2747	0.7167	-323.358
15452	102085	2747	0.6748	-265.301
15452	30682	2747	0.724	58.057
15387	15452	2747	0.6811	-7.086
63178	88013	2749	0.68	-57.123
10899	59080	2751	0.5858	-392.239
17306	45432	2752	0.637	-125.116
41374	98428	2760	0.696	-385.285
42349	42370	2761	0.7445	-1.997
27071	42370	2761	0.6882	-33.957
32356	42370	2761	0.6726	-65.969
18305	32356	2761	0.6811	-3.950
27071	42349	2761	0.6996	-31.960
18305	42370	2761	0.6375	-69.919
26724	42349	2761	0.7318	-33.961
42370	47660	2761	0.5988	32.008
26724	27071	2761	0.7874	-2.001
18305	26724	2761	0.8147	-33.961
17507	18305	2761	0.6417	0.114
32356	47660	2761	0.5994	-33.961
18305	47660	2761	0.5155	-37.911
18305	42349	2761	0.6579	-67.922
26724	42370	2761	0.7085	-35.958
26724	32356	2761	0.7102	30.011
27071	32356	2761	0.6846	32.011
26724	47660	2761	0.5924	-3.950
18305	27071	2761	0.7422	-35.962
27071	47660	2761	0.5672	-1.950
42349	47660	2761	0.6637	30.011
32356	42349	2761	0.6334	-63.972
26687	104189	2764	0.6921	-68.323
11057	26687	2764	0.6379	-65.989
22537	23294	2765	0.6983	-0.993
22537	23786	2765	0.8147	-1.986
8838	22537	2765	0.6394	-101.068
23294	23786	2765	0.7291	-0.993
41025	98863	2767	0.6487	-19.096
13674	15744	2768	0.5653	-105.121
24355	35613	2771	0.5428	-33.968
24343	24355	2771	0.6496	-1.998
24327	24355	2771	0.5466	2.000
16527	43035	2773	0.6879	-79.964
11512	105830	2776	0.7239	-250.319
11512	12654	2776	0.7065	-176.009
24170	105830	2776	0.7392	-48.345
11512	17129	2776	0.7009	-37.998
33139	41767	2781	0.6175	-2.146
16459	24601	2786	0.5611	13.979
59952	65892	2787	0.5614	56.082
83223	89134	2795	0.619	-56.064
81165	82273	2800	0.8099	14.104
78237	81165	2800	0.7983	-16.053
81165	97188	2800	0.8003	45.967
69462	78237	2800	0.8326	12.058
64741	69462	2800	0.7668	-2.053
96949	97188	2800	0.844	1.003
69462	93998	2800	0.7609	1.937
66117	80152	2800	0.7644	-80.084
66117	69462	2800	0.7685	-34.079
42976	68048	2802	0.6242	127.391
54091	60182	2805	0.8445	-9.062
55344	59927	2805	0.7212	-124.050
59927	60182	2805	0.7641	4.954
56092	59927	2805	0.8243	-2.014
54091	59927	2805	0.7683	-14.016
54100	56092	2805	0.7266	1.005
59869	60182	2805	0.76	-119.096
54091	59869	2805	0.742	110.033
59869	59927	2805	0.8352	-124.050
55344	59869	2805	0.734	-0.001
61025	67491	2809	0.8765	-2.004
67491	68421	2809	0.8473	0.992
66983	67491	2809	0.9107	-2.003
61025	68421	2809	0.7524	-1.012
61025	66983	2809	0.8323	-0.001
66983	68421	2809	0.7274	-1.011
48223	49110	2810	0.8262	-1.002
15021	98227	2816	0.7233	-86.292
15021	94332	2816	0.6805	-57.248
10316	98227	2816	0.6856	-263.309
15021	15043	2816	0.6888	72.043
51671	51740	2817	0.5295	-86.036
51740	52027	2817	0.5413	42.051
51671	52027	2817	0.7962	-43.984
51982	52027	2817	0.5832	-42.982
51671	51982	2817	0.5619	-1.002
76423	77036	2831	0.7228	14.013
14533	24259	2833	0.6743	-51.994
24259	69814	2833	0.6807	-39.033
5101	24259	2833	0.7226	-81.144
60983	87665	2852	0.6356	110.940
92946	96078	2852	0.6497	-155.027
84851	89697	2852	0.9019	-56.063
89834	92934	2852	0.7064	17.083
88156	91043	2852	0.8035	0.103
66358	92946	2852	0.6869	160.002
91043	95370	2852	0.6411	-137.547
66358	87665	2852	0.6227	141.916
5793	92946	2852	0.6641	-295.285
5793	91043	2852	0.6208	-312.264
64744	66358	2852	0.7647	-14.016
88156	95370	2852	0.6496	-137.444
64744	88156	2852	0.7396	128.904
66358	91043	2852	0.683	143.022
92934	95370	2852	0.6836	-126.495
64766	66358	2852	0.676	-13.009
88156	92946	2852	0.7617	17.083
87665	89834	2852	0.7209	-27.028
60983	88156	2852	0.693	111.943
91043	92934	2852	0.6681	-11.052
92946	95370	2852	0.8539	-154.527
64744	91043	2852	0.6514	129.007
60983	92934	2852	0.661	100.995
87665	92946	2852	0.6276	18.087
66358	88156	2852	0.7245	142.919
92934	92946	2852	0.7811	28.032
64744	89834	2852	0.6781	100.872
66358	95370	2852	0.6103	5.475
89834	91043	2852	0.7265	28.135
88156	89834	2852	0.7964	-28.031
88156	92934	2852	0.7322	-10.949
66358	92934	2852	0.6264	131.970
89834	92946	2852	0.636	45.114
64744	87665	2852	0.6676	127.900
91043	92946	2852	0.7029	16.980
95370	96078	2852	0.6971	-0.500
84851	87788	2852	0.8897	-28.031
66358	89834	2852	0.6353	114.888
64744	92946	2852	0.7072	145.987
60983	64744	2852	0.664	-16.960
87665	91043	2852	0.6918	1.107
64744	95370	2852	0.6154	-8.540
60983	89834	2852	0.6823	83.912
64744	96078	2852	0.6017	-9.040
92934	96078	2852	0.7244	-126.995
87788	89697	2852	0.9031	-28.032
88156	89697	2852	0.8567	-14.016
87665	92934	2852	0.6674	-9.945
87665	88156	2852	0.8062	1.004
60983	91043	2852	0.6424	112.047
5793	95370	2852	0.6228	-449.812
64744	92934	2852	0.727	117.955
16943	31401	2854	0.9962	0.000
16943	60147	2854	0.9992	0.000
31401	60147	2854	0.9979	0.000
16943	62325	2854	0.8749	-2.016
28020	60147	2854	0.9336	0.000
11583	60147	2854	0.8732	0.000
11583	16943	2854	0.861	0.000
9156	31401	2854	0.8831	0.000
31401	36578	2854	0.8845	-2.016
16943	36578	2854	0.8663	-2.016
28020	31401	2854	0.9353	0.000
9156	60147	2854	0.8798	0.000
11583	31401	2854	0.8804	0.000
9156	16943	2854	0.8681	0.000
36578	62325	2854	0.9986	0.000
36578	60147	2854	0.8689	2.016
60147	62325	2854	0.8775	-2.016
31401	62325	2854	0.8933	-2.016
16943	28020	2854	0.9297	0.000
77893	77911	2855	0.5579	-1.997
33979	104934	2859	0.8011	-305.448
24872	33979	2859	0.69	205.793
43400	63930	2860	0.602	-76.938
12521	51195	2861	0.6725	-22.990
43350	67126	2868	0.5886	-129.104
30863	59669	2871	0.721	-0.010
7553	59669	2871	0.6813	0.037
53957	59669	2871	0.6631	-0.000
47527	101886	2872	0.5219	-360.470
80355	104180	2877	0.6734	-44.254
40955	104180	2877	0.5883	39.671
83265	83329	2878	0.6404	-82.001
25347	27609	2879	0.5351	21.983
19726	39282	2880	0.6682	19.041
39282	73460	2880	0.6635	34.898
19726	60641	2880	0.6781	-2.101
19726	44915	2880	0.7782	-20.099
67305	86945	2884	0.7079	143.037
15034	49390	2884	0.6731	-112.259
44645	67305	2884	0.7329	-374.370
44645	64414	2884	0.6656	-26.841
34428	82886	2884	0.7256	-61.182
15034	67305	2884	0.7091	-298.513
67305	82886	2884	0.7204	295.187
86945	92819	2884	0.7012	-13.012
34428	67305	2884	0.711	-356.369
15034	34428	2884	0.724	57.856
23090	67305	2884	0.6721	-377.333
74371	92819	2884	0.6781	35.927
64414	67305	2884	0.766	-347.529
42242	80749	2890	0.5837	-246.267
10607	13200	2895	0.5993	-14.021
10607	46631	2895	0.608	-2.015
13200	17311	2895	0.5753	-33.960
5565	53745	2896	0.5304	-54.128
30875	50348	2900	0.595	-24.087
13866	30211	2904	0.666	30.011
30211	63721	2904	0.717	4.175
55156	62304	2904	0.6958	325.331
7318	56841	2904	0.8302	-101.238
13866	56841	2904	0.6657	-99.149
7318	30211	2904	0.6591	27.921
55829	56841	2904	0.6849	74.976
55156	56841	2904	0.7051	217.053
7318	13866	2904	0.7508	-2.089
56841	62304	2904	0.6767	108.278
70062	71033	2906	0.576	1.003
77258	88053	2907	0.6588	-148.148
77258	83725	2907	0.6502	-116.120
11042	77258	2907	0.647	-82.246
32603	40975	2909	0.5279	132.039
63917	78043	2912	0.9022	-55.996
63917	72853	2912	0.8862	-55.996
72853	78043	2912	0.8911	0.000
76912	78043	2912	0.8868	-126.038
5894	6306	2914	0.9057	-0.075
4968	13754	2914	0.7431	-2.051
50371	50437	2914	0.7484	0.999
13754	50371	2914	0.7524	-113.124
9530	50437	2914	0.733	-140.156
5894	7954	2914	0.7463	-0.036
9530	13754	2914	0.755	-28.031
44707	50437	2914	0.7511	0.976
13215	50371	2914	0.7684	-113.198
13754	50437	2914	0.793	-112.125
50437	71492	2914	0.6635	6.103
13215	50437	2914	0.8533	-112.199
13215	13754	2914	0.8802	-0.074
4968	6306	2914	0.7357	-14.015
4968	13215	2914	0.7385	-1.978
7277	9530	2914	0.835	0.981
9530	13215	2914	0.8217	-27.957
4968	50437	2914	0.6918	-114.177
6306	7954	2914	0.7545	0.038
57260	57270	2919	0.7107	-0.995
57260	70428	2919	0.7098	-50.021
13253	20365	2921	0.6737	66.963
13253	22073	2921	0.7386	168.079
13173	13253	2921	0.6369	133.984
22073	80799	2921	0.6901	-47.038
20365	22073	2921	0.6851	101.116
84704	85495	2924	0.6995	-2.016
85495	90157	2924	0.7101	0.075
32176	98923	2927	0.6391	160.996
95427	97822	2927	0.6783	1.004
97822	98923	2927	0.6271	205.285
62480	69807	2930	0.5919	-68.862
69807	95913	2930	0.5826	119.089
63754	63821	2939	0.6279	-14.016
63821	86836	2939	0.6315	-33.067
63821	76228	2939	0.6451	-2.016
62149	65608	2943	0.5392	369.541
62133	62149	2943	0.6463	-1.002
61383	62133	2943	0.6796	-368.243
61383	62098	2943	0.747	-1.000
62133	65608	2943	0.5919	368.539
62098	62133	2943	0.5197	-367.243
61383	65608	2943	0.5301	0.296
62098	62149	2943	0.5471	-368.246
66269	88196	2945	0.7701	-42.083
31458	82449	2950	0.6951	-155.216
9177	9797	2957	0.7381	-0.000
41068	42557	2959	0.6018	-8.027
54452	59093	2963	0.5235	167.181
9285	50742	2965	0.6534	-126.011
11671	59422	2967	0.5487	-146.116
11671	86993	2967	0.5492	20.884
24210	25231	2969	0.661	-14.015
53970	60655	2973	0.6801	-38.165
11967	27939	2977	0.7264	-154.858
10246	27939	2977	0.8025	-200.769
11967	42667	2977	0.7007	-94.215
27939	83480	2977	0.7009	2.571
42667	42777	2977	0.6899	122.115
12178	27939	2977	0.7005	-162.752
11967	83480	2977	0.7095	-152.287
9272	83480	2977	0.7188	-219.237
12178	25634	2977	0.6863	-22.917
2166	86981	2979	0.6765	-270.311
38188	48227	2983	0.6225	-142.160
6560	48227	2983	0.5645	-217.107
29363	61850	2990	0.6058	-78.970
61850	82092	2990	0.585	-130.335
5222	5233	2996	0.8075	-56.063
108535	108570	2997	0.8458	15.019
89512	108535	2997	0.8585	1.979
32601	43356	2998	0.9389	0.000
37522	43356	2998	0.9638	0.000
2412	29073	2998	0.8629	0.065
29073	37522	2998	0.963	0.000
29073	32601	2998	0.9372	0.000
32601	37522	2998	0.9401	0.000
2412	37522	2998	0.863	0.065
29073	43356	2998	0.9594	0.000
99267	100970	3001	0.9248	-18.011
17776	20336	3002	0.6467	-2.017
20119	34558	3002	0.6851	-45.025
20336	34558	3002	0.6308	-47.043
20119	20336	3002	0.6927	2.019
19621	20119	3002	0.6652	-1.016
19621	34558	3002	0.7221	-46.041
15638	67036	3003	0.7182	31.860
57080	61342	3004	0.7068	-14.015
25690	27600	3004	0.6887	0.000
24795	61342	3004	0.5227	11.965
24795	25690	3004	0.6085	0.000
16386	24795	3004	0.5303	-98.077
24795	27600	3004	0.5925	0.000
16386	61342	3004	0.6001	-86.112
16386	57080	3004	0.5782	-72.097
50738	52273	3010	0.8339	-43.987
51411	51475	3010	0.5807	0.999
51445	51475	3010	0.5598	-13.005
51475	52273	3010	0.6239	-86.035
50738	51475	3010	0.5491	42.047
6567	34909	3015	0.5898	-162.176
14055	14242	3019	0.752	1.002
14056	14215	3019	0.7211	1.005
14055	16705	3019	0.6432	0.904
9247	14215	3019	0.6488	44.002
14242	16705	3019	0.714	-0.098
9247	9255	3019	0.7039	1.997
9255	14242	3019	0.734	43.999
14055	14215	3019	0.8588	-0.992
14215	14242	3019	0.7318	1.994
1975	2493	3024	0.5464	34.031
96643	103747	3025	0.9184	-104.076
80531	81610	3025	0.9114	31.883
80531	103747	3025	0.9024	-127.281
88424	103747	3025	0.9042	38.995
102979	106589	3031	0.6474	28.031
16646	39946	3032	0.7659	63.100
8948	39946	3032	0.8114	-18.999
27774	51953	3034	0.7422	-268.142
24792	27774	3034	0.6913	251.205
85856	91100	3041	0.5318	17.993
26152	75871	3043	0.6989	-86.219
9445	75871	3043	0.6824	-218.313
9445	16162	3043	0.7207	8.860
55536	57412	3044	0.654	-17.222
4708	28772	3047	0.5481	-188.047
7983	17192	3049	0.8824	25.943
4377	7983	3049	0.8822	-136.943
7484	13088	3049	0.8853	-63.944
16561	17192	3049	0.8881	-1.988
7484	17192	3049	0.8823	-6.029
7983	7992	3049	0.8984	-1.996
7483	7484	3049	0.8798	1.996
7992	13088	3049	0.8647	-29.976
7484	16561	3049	0.9257	-4.041
7992	16561	3049	0.8723	29.927
7484	7983	3049	0.9666	-31.972
7395	7484	3049	0.8663	-0.017
4377	7484	3049	0.8881	-104.971
7983	16561	3049	0.9189	27.931
7395	7983	3049	0.866	-31.988
7484	7992	3049	0.8966	-33.968
7483	7983	3049	0.8956	-29.976
13088	16561	3049	0.8608	59.903
7983	13088	3049	0.8937	-31.972
7483	7992	3049	0.8847	-31.972
85456	87294	3056	0.8139	0.998
47889	86099	3057	0.7437	-70.104
41699	47889	3057	0.7122	-49.141
92901	103983	3058	0.6448	-53.135
2467	2707	3059	0.8361	17.993
21101	67928	3060	0.5416	27.881
45989	49152	3061	0.6531	72.057
39062	60205	3063	0.6948	-199.946
39062	60211	3063	0.6071	-201.944
60205	60211	3063	0.7134	-1.998
1163	1273	3065	0.6953	-14.016
1163	3118	3065	0.6525	-69.058
82056	86969	3067	0.6654	14.992
86770	87490	3067	0.7683	-1.005
77556	86968	3067	0.677	31.989
86770	86969	3067	0.6499	-3.019
82056	83615	3067	0.7096	18.010
86969	87490	3067	0.6963	2.014
77556	86969	3067	0.6668	30.986
10494	76504	3067	0.6652	-375.209
86968	87628	3067	0.7199	-2.015
87490	87628	3067	0.6844	-3.025
76504	76716	3067	0.7449	-1.002
82056	86968	3067	0.6887	15.995
76504	86968	3067	0.7106	-2.014
86969	87628	3067	0.9016	-1.012
83615	87490	3067	0.7874	-1.005
82056	87628	3067	0.6418	13.980
82056	86770	3067	0.7168	18.011
82056	87490	3067	0.7386	17.005
86968	86969	3067	0.8134	-1.003
83615	86770	3067	0.9201	0.000
20455	59371	3071	0.6881	-42.954
3050	13506	3072	0.586	-50.100
87730	87799	3080	0.9023	1.004
87730	93995	3080	0.8421	31.051
78748	93995	3080	0.7178	-0.000
105656	106352	3080	0.7201	16.023
87799	105656	3080	0.7297	11.004
105656	106711	3080	0.7153	17.027
93995	106711	3080	0.8051	-2.016
106352	106711	3080	0.8727	1.003
87799	93995	3080	0.8008	30.047
87799	106352	3080	0.9079	27.028
87799	106711	3080	0.9171	28.031
87730	105656	3080	0.6514	12.008
93995	106352	3080	0.7658	-3.019
78748	106711	3080	0.6302	-2.016
87730	106711	3080	0.8724	29.035
87730	106352	3080	0.8435	28.032
93995	105656	3080	0.6378	-19.042
64999	73077	3083	0.5315	-148.161
16254	16262	3084	0.7334	109.973
23829	39692	3087	0.6218	-0.738
54219	84676	3088	0.6502	-244.034
25725	31460	3094	0.8792	-14.014
31460	72739	3094	0.9046	-14.021
42842	80138	3094	0.7608	14.017
25725	92555	3094	0.88	0.002
41818	42842	3094	0.7239	14.014
23741	68017	3094	0.7199	14.985
23741	31460	3094	0.7914	14.989
23741	42842	3094	0.7415	14.989
45888	92555	3094	0.769	29.039
31460	80138	3094	0.896	14.017
41818	72739	3094	0.9546	-0.006
72739	92555	3094	0.8706	28.038
35940	80138	3094	0.7794	15.010
25725	42842	3094	0.7962	-14.015
31460	92555	3094	0.8351	14.017
45888	72739	3094	0.8802	1.001
25725	80138	3094	0.9176	0.002
36449	45888	3094	0.8773	-14.014
72739	80138	3094	0.9208	28.038
68017	92555	3094	0.7542	14.022
36449	42842	3094	0.6689	1.008
36449	80138	3094	0.7648	15.025
31460	35940	3094	0.7873	-0.993
68017	72739	3094	0.7752	-14.017
42842	45888	3094	0.6905	-15.022
35940	92555	3094	0.7453	15.010
36449	68017	3094	0.7001	1.004
35940	41818	3094	0.7823	-13.022
31460	41818	3094	0.8648	-14.015
45888	80138	3094	0.8369	29.039
41818	92555	3094	0.8239	28.032
80138	92555	3094	0.8506	0.000
36449	41818	3094	0.7677	-13.007
41818	45888	3094	0.8692	-1.007
42842	68017	3094	0.7571	-0.004
31460	45888	3094	0.8422	-15.022
35940	36449	3094	0.9192	-0.015
25725	36449	3094	0.7334	-15.023
41818	68017	3094	0.7304	14.010
36449	72739	3094	0.8043	-13.013
45888	68017	3094	0.6938	15.018
25725	41818	3094	0.8451	-28.030
25725	72739	3094	0.8795	-28.036
25725	45888	3094	0.7956	-29.037
36449	92555	3094	0.7512	15.025
42842	72739	3094	0.7681	-14.021
31460	68017	3094	0.8191	-0.005
25725	68017	3094	0.782	-14.019
42842	92555	3094	0.7764	14.018
41818	80138	3094	0.91	28.032
68017	80138	3094	0.7648	14.021
31460	36449	3094	0.8331	-1.008
12507	13204	3096	0.7564	-0.986
13026	13364	3096	0.563	-2.991
13007	13225	3096	0.6114	-67.084
12506	14327	3096	0.6992	-0.113
12507	13382	3096	0.6846	-3.994
12506	13007	3096	0.6046	67.008
13019	13225	3096	0.6446	-1.069
13225	13382	3096	0.7673	-1.922
12506	13019	3096	0.7275	0.994
13136	13225	3096	0.594	-0.184
13026	13225	3096	0.6942	0.928
12506	13136	3096	0.593	0.109
13026	13081	3096	0.5624	66.010
12506	13225	3096	0.7144	-0.075
12506	13026	3096	0.6417	-1.003
12507	13019	3096	0.7673	-1.003
13364	13382	3096	0.618	1.997
13026	13382	3096	0.7374	-0.994
13019	13382	3096	0.606	-2.991
13019	13026	3096	0.7364	-1.997
12506	13382	3096	0.6265	-1.997
13007	13382	3096	0.5621	-69.005
13019	13204	3096	0.7888	0.017
13007	13026	3096	0.6116	-68.012
13204	13225	3096	0.663	-1.086
12506	13204	3096	0.5787	1.011
12507	13225	3096	0.7138	-2.072
13318	14327	3096	0.6196	25.002
13007	13019	3096	0.6939	-66.015
12507	13007	3096	0.7491	65.011
13007	13204	3096	0.676	-65.997
12506	12507	3096	0.6991	1.997
13026	13136	3096	0.5661	1.113
13026	13204	3096	0.7592	2.014
13204	13382	3096	0.6133	-3.008
12507	13026	3096	0.6699	-3.000
58475	77181	3099	0.5292	-217.359
33039	77181	3099	0.6881	-110.182
33039	58475	3099	0.542	107.177
60588	60774	3100	0.6729	2.016
50907	51197	3102	0.5814	-1.002
26489	34624	3104	0.5069	-28.026
8390	34720	3120	0.6596	-471.128
14280	26821	3120	0.6454	-479.082
8390	14280	3120	0.6569	59.946
37144	77944	3121	0.5603	-350.430
30340	77944	3121	0.6205	114.625
30340	106271	3121	0.5651	186.503
30638	37144	3121	0.5629	9.408
18617	37144	3121	0.5707	-82.750
30340	94138	3121	0.5637	339.578
41560	43799	3123	0.6237	109.874
37606	64770	3124	0.5025	-20.383
62226	65294	3133	0.6044	0.065
59262	62226	3133	0.6093	-0.065
61341	65294	3133	0.7206	14.017
61341	70223	3133	0.5645	-0.003
59262	65294	3133	0.7235	-0.000
59262	61341	3133	0.813	-14.018
12607	17721	3142	0.5865	98.812
17879	18684	3145	0.8122	0.166
69567	72140	3149	0.8229	-67.072
14904	95038	3150	0.7066	-140.309
958	1422	3151	0.6267	23.007
1370	1377	3151	0.6546	-169.955
1364	1370	3151	0.6271	6.016
1377	1393	3151	0.6231	248.916
958	1364	3151	0.702	84.979
1344	1367	3151	0.6417	84.978
958	1370	3151	0.6529	90.995
1364	1367	3151	0.6458	-169.955
958	1393	3151	0.6315	169.956
1364	1393	3151	0.6494	84.977
958	1377	3151	0.6666	-78.960
958	1367	3151	0.6465	-84.976
1364	1422	3151	0.6412	-61.971
14238	34629	3156	0.7054	-41.046
46779	68550	3160	0.5894	-159.334
10534	63212	3166	0.6281	-80.134
303	108178	3177	0.7724	-30.984
80837	82215	3178	0.9535	43.951
82215	82541	3178	0.9615	-41.956
80964	82541	3178	0.9538	-43.953
80837	80964	3178	0.9337	45.948
80837	82541	3178	0.9551	1.995
80080	80964	3178	0.894	-2.011
80964	82215	3178	0.9643	-1.997
6847	14030	3181	0.646	0.021
4244	4794	3181	0.6075	-0.000
4244	6847	3181	0.6013	-0.035
60563	61503	3183	0.5672	-1.001
57609	62235	3184	0.5771	-43.018
19667	19987	3188	0.7027	-17.031
34789	42499	3192	0.506	-14.022
455	545	3198	0.8821	-0.034
38712	64592	3200	0.6033	-239.234
38712	66813	3200	0.6223	-219.094
38712	95141	3200	0.7541	-74.056
32983	95141	3200	0.6278	-45.094
66813	85383	3200	0.6003	-158.040
12760	28773	3205	0.7286	-128.111
11678	12760	3205	0.7246	9.063
9537	28773	3205	0.689	-202.020
90313	95404	3205	0.6997	-135.412
12760	95404	3205	0.7834	-398.772
28773	95404	3205	0.7262	-270.662
11678	95404	3205	0.716	-389.710
11331	26143	3208	0.5157	43.989
11331	18022	3208	0.5898	0.002
11331	39343	3208	0.6552	0.002
9968	17010	3215	0.5516	-116.027
86382	90769	3216	0.523	-12.000
38716	90769	3216	0.5003	31.953
60992	83214	3217	0.6616	50.816
7943	30747	3217	0.6626	-213.042
30747	83972	3217	0.6506	-256.340
46009	83214	3217	0.7339	-136.183
76387	83972	3217	0.698	-95.180
60992	83972	3217	0.6707	47.797
42580	83972	3217	0.6898	76.507
83660	87231	3218	0.7534	12.994
56617	66208	3220	0.6301	-21.965
6808	48146	3222	0.7503	-81.127
45015	100119	3222	0.6821	46.887
23451	41058	3222	0.7089	-315.250
41058	100119	3222	0.6853	149.834
37382	41058	3222	0.6841	-209.025
51735	100585	3222	0.7196	-269.226
41058	48146	3222	0.795	268.044
45015	48146	3222	0.6925	165.097
41058	51735	3222	0.7857	290.192
48146	100119	3222	0.7126	-118.209
33681	48146	3222	0.7165	87.027
23451	63802	3222	0.7314	-78.138
95160	97593	3232	0.6057	-13.013
66170	94352	3237	0.575	-173.374
10470	66170	3237	0.6178	-1.973
20618	96329	3240	0.6743	-121.363
31974	54983	3243	0.6396	58.890
2298	12660	3252	0.5229	50.672
16033	45779	3255	0.5671	-35.997
87460	89946	3258	0.6404	-58.874
31791	38404	3261	0.709	-88.047
1184	38404	3261	0.7089	183.751
38140	41917	3261	0.7106	8.060
38404	38687	3261	0.7005	98.047
38140	81407	3261	0.6825	-388.080
32456	38404	3261	0.7162	-100.084
38404	81407	3261	0.7488	-277.064
38687	81407	3261	0.7464	-375.111
38687	41917	3261	0.7979	21.028
38531	90763	3261	0.7362	4.940
2413	38404	3261	0.7098	178.758
36236	38404	3261	0.7355	-16.984
32456	81407	3261	0.6865	-377.149
36236	43186	3261	0.6953	-13.013
32456	90763	3261	0.683	-79.083
12267	78145	3264	0.5283	-438.473
19898	97707	3265	0.6801	-85.124
95667	97707	3265	0.7123	137.244
82289	83814	3272	0.9361	-14.015
75782	83814	3272	0.9344	-28.031
75782	82289	3272	0.9416	-14.016
57846	96260	3275	0.6564	42.870
57846	105294	3275	0.6581	137.026
96260	105294	3275	0.5112	94.156
54874	101530	3282	0.6701	-376.337
11126	28521	3290	0.6601	45.985
79705	88801	3291	0.5597	122.252
76966	79682	3295	0.711	136.121
32530	33190	3295	0.7323	-14.015
33190	64603	3295	0.8052	-0.010
68718	76966	3295	0.7054	-136.121
33190	68718	3295	0.8364	-0.005
68718	79682	3295	0.8334	-0.001
64603	79682	3295	0.7674	0.005
64603	68718	3295	0.7748	0.006
32530	52003	3295	0.6968	-0.002
55008	68718	3295	0.7331	-0.001
64603	76966	3295	0.6817	-136.116
55008	79682	3295	0.6868	-0.002
33190	55008	3295	0.7658	-0.004
31274	32530	3295	0.7085	-0.199
32530	68718	3295	0.6819	-14.019
33190	79682	3295	0.7967	-0.005
17144	19033	3298	0.6581	42.010
20091	76147	3299	0.593	-277.132
39144	84751	3300	0.5284	98.777
37668	71633	3302	0.6077	-81.221
37668	85559	3302	0.6151	-187.304
83132	97492	3305	0.8201	-220.332
79005	94474	3305	0.8365	31.990
85395	97492	3305	0.9455	-206.088
83132	100743	3305	0.8472	-194.375
83132	97085	3305	0.8315	-57.304
79005	83132	3305	0.843	72.267
97492	104277	3305	0.8274	65.914
97085	100743	3305	0.8343	-137.072
82920	97085	3305	0.802	81.136
83132	94474	3305	0.815	-40.277
78017	86239	3309	0.7676	-60.260
67624	67903	3316	0.6565	1.004
29671	93958	3319	0.6098	-219.275
33060	65898	3320	0.7061	249.122
32642	49647	3320	0.6261	179.099
35081	65898	3320	0.6207	458.200
10569	49647	3320	0.6312	-43.085
32642	65062	3320	0.6271	147.124
33060	65062	3320	0.6211	265.115
54855	65898	3320	0.623	284.175
65898	87402	3320	0.654	-11.034
9558	11754	3321	0.5485	-211.920
11082	28159	3322	0.5456	-131.097
16974	96494	3324	0.6415	-133.337
14108	20418	3324	0.7042	-51.889
11194	28009	3324	0.606	-149.129
16974	20418	3324	0.6339	23.089
96494	106914	3324	0.6454	-81.064
16974	94223	3324	0.6062	-256.411
16974	28009	3324	0.6621	-21.079
94223	96494	3324	0.7486	123.074
32378	64227	3325	0.5528	-2.020
56994	74436	3326	0.6426	-0.003
107898	108169	3337	0.8844	-0.030
4089	108169	3337	0.7071	-97.899
106084	107925	3349	0.8462	-0.000
54594	54595	3351	0.6784	-0.506
22997	31489	3354	0.6468	-55.034
22997	28128	3354	0.6183	-0.997
21001	36567	3356	0.5735	-0.142
9048	68897	3357	0.5369	-230.093
57869	68897	3357	0.5496	179.984
37887	84898	3363	0.7219	-282.421
16588	40296	3366	0.6466	-54.185
69231	73398	3368	0.7031	-0.027
84985	89149	3372	0.5436	-1.017
17638	19051	3375	0.6326	91.023
19051	44943	3375	0.6558	-111.065
19051	37138	3375	0.6738	-378.185
41295	44943	3375	0.6235	-135.051
76859	79040	3377	0.8716	-26.950
79040	84277	3377	0.8673	-15.098
49910	86317	3382	0.6635	-39.055
64723	92121	3382	0.6602	-52.180
49910	64723	3382	0.6818	-7.875
61186	92121	3382	0.6774	-52.246
66018	92121	3382	0.6729	-81.992
61186	86925	3382	0.7133	-191.294
61186	66018	3382	0.6866	29.746
84157	92121	3382	0.7131	-69.039
64695	65964	3391	0.5901	-14.015
67618	71112	3391	0.6216	-1.004
67639	69141	3391	0.6253	-28.031
65964	69728	3391	0.5827	1.003
67618	67639	3391	0.5866	56.062
69141	71910	3391	0.7526	-14.016
69273	71112	3391	0.7337	-14.016
66194	71910	3391	0.5686	-56.062
64695	67639	3391	0.5743	1.003
67618	71910	3391	0.6912	14.016
66194	67618	3391	0.5821	-70.078
67618	69273	3391	0.6274	13.012
69141	71112	3391	0.5625	-29.035
66194	67639	3391	0.7305	-14.016
64695	66194	3391	0.6948	15.019
67639	71910	3391	0.6248	-42.047
65964	67639	3391	0.5858	15.019
71112	71910	3391	0.6597	15.019
67639	69728	3391	0.7559	-14.016
67618	69141	3391	0.7044	28.031
69273	71910	3391	0.6522	1.004
69141	69273	3391	0.7153	-15.019
19405	93346	3396	0.5765	-52.227
9974	21576	3403	0.7511	-5.982
17473	21576	3403	0.7493	-6.040
86476	90362	3405	0.8174	-28.029
86476	90959	3405	0.5149	-28.806
90362	90959	3405	0.5146	-0.776
30728	31558	3408	0.7169	-120.064
79112	79413	3409	0.7093	-1.004
76165	76402	3410	0.7393	-0.999
42798	81238	3410	0.5212	-125.143
76165	81238	3410	0.5696	60.006
76402	81238	3410	0.5902	61.005
37548	39588	3424	0.7413	0.088
39588	51611	3424	0.5718	-84.057
52183	52250	3426	0.7392	-1.998
2236	34484	3429	0.5586	27.884
9245	87859	3433	0.6725	75.907
61807	78126	3438	0.5305	336.098
61807	78598	3438	0.514	44.794
59967	94477	3449	0.5838	-108.265
2681	14669	3450	0.6625	-123.111
2681	21483	3450	0.6664	11.909
63823	90339	3454	0.5284	-214.157
19751	19976	3455	0.608	-17.026
51417	51457	3458	0.7744	19.979
51348	51417	3458	0.6211	-4.797
50857	51457	3458	0.6026	20.980
51348	51457	3458	0.6002	15.182
20958	21019	3459	0.609	-136.052
46228	47108	3466	0.5239	1.990
46228	46253	3466	0.5651	2.001
78502	80777	3471	0.8212	-291.259
35001	95032	3475	0.6625	-182.265
10880	35001	3475	0.5423	45.955
10880	95032	3475	0.5636	-136.310
12270	27847	3476	0.7085	-88.052
12270	64381	3476	0.7344	-239.981
27847	64381	3476	0.6434	-151.929
58891	65667	3478	0.6493	-14.017
57207	58891	3478	0.6291	1.009
15347	26005	3486	0.5763	-88.149
1288	15347	3486	0.5764	128.748
26005	38031	3486	0.6022	-107.946
26005	42618	3486	0.661	-92.962
32211	45439	3487	0.7254	-100.089
32211	54689	3487	0.6207	-206.167
22315	95515	3491	0.5122	24.829
11559	31612	3492	0.7027	-215.279
21953	37283	3494	0.7589	-16.979
37283	41633	3494	0.7398	15.997
23572	24239	3494	0.7346	0.057
35426	37283	3494	0.8227	1.003
24239	37283	3494	0.7344	-24.000
41633	51677	3494	0.734	-55.974
60914	61325	3502	0.8614	1.008
72408	84421	3508	0.5792	143.501
53086	53315	3511	0.55	-0.094
52281	53086	3511	0.6333	30.011
50957	74460	3515	0.5675	90.053
100727	105655	3517	0.5781	78.987
50997	82729	3521	0.6059	-112.126
49145	50997	3521	0.6689	0.117
43737	51817	3523	0.5976	49.026
40585	43760	3523	0.5849	12.000
40585	42281	3523	0.581	-1.003
43760	51817	3523	0.6481	48.022
44096	51817	3523	0.5663	-42.750
40585	51817	3523	0.669	60.022
43738	51817	3523	0.7094	50.019
43738	43760	3523	0.6544	1.996
40585	40612	3523	0.627	-2.000
51817	53950	3523	0.5759	-14.018
43737	43738	3523	0.5871	-0.993
43738	44096	3523	0.5661	92.769
73258	73662	3529	0.7805	1.014
22714	23528	3531	0.5622	1.995
21096	22714	3531	0.6399	-1.001
47371	49236	3534	0.6611	-107.081
49236	72457	3534	0.7027	7.220
13788	15206	3538	0.6769	-0.037
54964	81819	3539	0.6783	-66.047
64049	80566	3539	0.6257	-14.015
45953	54964	3539	0.6731	0.000
35641	58190	3539	0.6443	0.000
64049	81819	3539	0.6912	18.011
9244	58190	3539	0.6371	63.978
48584	54964	3539	0.6463	0.000
35641	48584	3539	0.6209	0.000
80592	81819	3539	0.7006	-14.016
45953	48584	3539	0.6567	0.000
34443	35187	3540	0.7875	-0.015
69005	69006	3541	0.8547	-1.005
69005	69561	3541	0.6967	-2.008
69006	69561	3541	0.7571	-1.002
38074	63954	3542	0.7951	-0.059
68419	68453	3543	0.641	-44.026
48048	68453	3543	0.6466	-184.307
94912	95829	3545	0.5238	24.000
52248	99034	3548	0.5183	187.599
91532	101298	3548	0.5426	-111.293
101298	103786	3548	0.5309	236.092
91532	99034	3548	0.5379	86.847
97126	99034	3548	0.5402	-67.072
85718	90168	3549	0.7466	-28.030
22809	22823	3553	0.5459	1.002
32153	32325	3564	0.8466	0.149
32153	35680	3564	0.8326	-167.096
38036	40037	3565	0.6397	-11.000
24967	31857	3567	0.7122	-93.112
24967	73356	3567	0.7133	54.887
31857	88957	3567	0.854	-104.209
24967	84205	3567	0.7085	-40.286
24967	88957	3567	0.7134	-197.321
9133	31857	3567	0.7175	-196.073
9133	24967	3567	0.712	-102.961
43858	84205	3567	0.703	-5.164
11716	43858	3567	0.7215	-104.135
19471	43858	3567	0.7938	-92.133
11771	102886	3575	0.552	-75.383
37855	39669	3579	0.8493	0.221
30693	33399	3583	0.7248	-0.070
39719	40789	3586	0.5659	-1.995
61429	74828	3588	0.6572	15.995
48850	53351	3597	0.8235	-3.013
75278	85938	3604	0.7832	44.972
57257	62219	3611	0.8116	-14.015
52505	57257	3611	0.7522	-14.022
57257	63560	3611	0.773	-15.011
62219	63560	3611	0.7799	-0.997
22054	62219	3611	0.7824	-90.046
47920	56549	3613	0.6235	0.001
63156	64608	3616	0.6677	-0.194
31263	63156	3616	0.6083	-33.957
37534	38756	3620	0.6632	-0.003
37534	46580	3620	0.6878	0.090
38756	38943	3620	0.6419	-1.003
37534	48090	3620	0.6874	-0.002
46580	48090	3620	0.7658	-0.092
38756	48090	3620	0.6747	0.000
11704	22066	3626	0.6377	-35.972
22818	61453	3629	0.6874	-123.243
81973	86556	3637	0.5748	-1.003
47533	86799	3639	0.5877	-329.996
4858	35683	3643	0.6614	-265.113
32752	46174	3649	0.5049	23.927
62470	71868	3649	0.5827	300.225
46174	71868	3649	0.5405	131.971
13762	20447	3654	0.5865	-14.015
20095	108845	3656	0.6656	364.375
83669	89547	3657	0.6242	-30.035
83669	89571	3657	0.9112	-29.037
89058	89547	3657	0.8614	-2.003
89547	89571	3657	0.6406	0.998
89058	89571	3657	0.8248	-1.006
83669	89058	3657	0.843	-28.031
23268	69946	3658	0.6002	-62.961
74823	74912	3662	0.7894	0.998
13940	69593	3668	0.7423	12.000
23617	69593	3668	0.7407	-2.016
3329	19596	3674	0.7236	-150.254
82595	88403	3677	0.5161	-0.037
8413	25258	3679	0.7232	-270.163
41771	44159	3687	0.8223	-3.995
31333	31618	3687	0.933	1.996
31618	44159	3687	0.7773	-37.957
31333	41771	3687	0.8649	-31.966
31618	32267	3687	0.8752	-0.996
31333	42005	3687	0.8659	-33.962
31333	44159	3687	0.7768	-35.961
31176	31618	3687	0.8188	3.007
42005	44159	3687	0.8214	-2.000
31618	41771	3687	0.8245	-33.962
41771	42005	3687	0.9266	-1.996
31618	42005	3687	0.8408	-35.958
31176	31333	3687	0.8038	1.011
64453	81431	3691	0.9004	0.000
64453	86300	3691	0.9112	0.000
86300	98802	3691	0.9218	-272.252
89561	99403	3691	0.881	116.041
81431	86300	3691	0.9106	0.000
86300	99403	3691	0.8871	-166.136
42726	49150	3700	0.6204	-0.909
48077	49150	3700	0.7689	0.092
48077	49716	3700	0.6743	1.001
49150	49716	3700	0.6941	0.909
42726	49716	3700	0.5936	0.000
48943	49716	3700	0.7347	-0.094
42726	48077	3700	0.55	-1.000
42726	48943	3700	0.7513	0.094
48943	49150	3700	0.6774	-1.003
48077	48943	3700	0.6096	1.095
29483	37476	3703	0.6627	-49.111
5315	45371	3703	0.675	-116.893
22167	37267	3703	0.7364	-71.042
22167	74827	3703	0.6806	-83.115
37267	44064	3703	0.7278	6.073
5315	37267	3703	0.7272	-138.143
22167	98675	3703	0.6788	-313.306
3952	44064	3703	0.6677	-43.103
37267	37476	3703	0.6626	73.020
37267	98675	3703	0.7324	-242.265
3952	37267	3703	0.7251	-49.176
22167	44064	3703	0.742	-64.969
44064	98675	3703	0.6627	-248.338
83218	83935	3705	0.7693	-1.001
12055	88523	3708	0.6886	0.073
66949	81947	3711	0.5287	-64.032
20492	28660	3717	0.5441	-15.070
62071	67851	3719	0.555	-176.016
8211	67022	3729	0.5847	-90.130
8211	54319	3729	0.5903	-92.062
70035	100812	3730	0.5937	51.018
9649	75767	3732	0.6837	-43.270
85878	87197	3737	0.861	39.957
13176	29157	3738	0.6209	-50.015
18055	36075	3748	0.6586	-133.932
18055	30168	3748	0.6452	-4.068
9195	36075	3748	0.6482	-149.868
19522	36075	3748	0.673	-101.909
38082	45616	3750	0.8247	15.991
41460	69354	3751	0.6344	-97.212
61697	71506	3752	0.6914	-28.030
14848	35577	3753	0.6203	15.995
7674	17464	3754	0.6688	-12.036
72573	96394	3762	0.5823	194.331
12582	18088	3771	0.6692	-15.975
18026	18088	3771	0.6089	0.130
15961	16796	3776	0.6453	-299.030
10390	16796	3776	0.7145	-188.105
88500	92003	3780	0.5744	2.016
88688	92003	3780	0.6147	0.037
63969	74456	3781	0.5691	97.056
91218	95424	3787	0.8665	-148.059
62536	62638	3795	0.5304	1.003
55914	57996	3796	0.7978	0.069
57996	58486	3796	0.8624	1.998
37431	73963	3797	0.5703	-464.255
42864	72244	3804	0.6366	-118.034
3007	42864	3804	0.603	-65.998
49520	100500	3805	0.6331	31.787
24890	26365	3811	0.7531	1.004
7668	7884	3813	0.93	0.039
6717	7884	3813	0.955	0.039
6717	7668	3813	0.9286	-0.000
33392	53918	3814	0.6454	109.033
15275	33392	3814	0.5992	-51.997
53918	80786	3814	0.8306	0.001
8075	33392	3814	0.6403	-96.026
15275	30511	3814	0.606	27.010
47484	80786	3814	0.5837	-14.014
8075	15275	3814	0.59	-44.029
30511	75298	3814	0.606	-45.001
47484	76246	3814	0.7766	0.000
14960	15640	3816	0.7179	154.062
81911	108634	3817	0.7611	54.976
81911	86203	3817	0.7538	87.077
47350	59191	3820	0.6418	-12.832
57779	59191	3820	0.6437	-77.699
20826	37357	3823	0.6579	-163.043
65113	77540	3833	0.6181	232.155
33602	38101	3837	0.8265	0.000
26655	64014	3837	0.7734	-43.879
63697	64014	3837	0.8198	-0.150
26655	38101	3837	0.7794	-112.006
26655	33602	3837	0.741	-112.006
89488	107009	3847	0.8878	-18.044
19341	50290	3849	0.7054	-125.982
3485	3615	3850	0.7758	0.001
69804	73268	3855	0.8707	-1.001
69214	69804	3855	0.8824	1.996
69214	73268	3855	0.83	0.995
36168	73399	3858	0.5842	-158.107
13942	47375	3863	0.7025	-207.113
13942	68909	3863	0.7748	-394.214
46821	46828	3864	0.6869	-1.998
7312	7313	3866	0.7553	0.998
37620	57405	3867	0.6445	38.030
37620	45092	3867	0.6619	77.121
37620	67062	3867	0.659	-66.866
52120	60451	3869	0.6878	-0.000
7955	8011	3874	1.0	0.009
49847	64098	3879	0.7229	-43.117
73625	92827	3881	0.5169	-131.254
6430	34119	3883	0.6921	-169.152
6430	34967	3883	0.7268	-103.025
32763	59166	3893	0.6834	-0.107
53237	59166	3893	0.664	0.096
17015	59166	3893	0.6482	-0.021
32763	81667	3893	0.6762	-96.260
22067	23383	3895	0.5356	26.040
64152	66636	3898	0.602	-0.179
67603	72977	3898	0.5723	-2.010
66636	89808	3898	0.6264	-196.224
66636	67603	3898	0.5651	-26.023
82747	82748	3901	0.6354	-0.505
82728	82747	3901	0.8103	-0.498
82728	82748	3901	0.6387	-1.003
9546	9682	3903	0.9753	0.118
38143	47384	3906	0.7038	130.024
47886	67861	3906	0.7061	4.880
38143	43386	3906	0.7254	54.184
8720	47886	3906	0.7367	64.013
47886	52968	3906	0.7205	27.887
31116	47886	3906	0.7024	296.055
22701	52968	3906	0.7093	-82.185
64072	67861	3906	0.7046	-87.039
8720	47384	3906	0.714	-186.037
22701	64072	3906	0.7227	-18.152
33970	47886	3906	0.7463	-55.994
26241	47886	3906	0.7024	-82.043
33970	55258	3906	0.7155	-31.970
55258	64072	3906	0.716	67.896
10730	29447	3906	0.7002	-22.943
29447	52968	3906	0.7717	-37.131
29447	64072	3906	0.7342	26.902
38143	65768	3906	0.7261	273.832
35593	47886	3906	0.7405	186.049
20760	21022	3907	0.6563	0.037
21022	40743	3907	0.678	0.054
21022	82313	3907	0.579	63.972
15088	61578	3924	0.6811	53.974
13567	15088	3924	0.7513	-0.000
100145	106590	3927	0.5191	-109.020
15241	36009	3930	0.5565	-0.992
46870	72202	3932	0.8962	-14.224
35749	72202	3932	0.8841	-136.087
91374	92505	3935	0.921	-27.028
33658	92505	3935	0.859	-228.282
6944	18825	3937	0.9034	0.000
13071	75711	3939	0.5429	-127.172
62785	67053	3944	0.5609	256.153
47473	62288	3954	0.6065	-47.153
22745	92766	3957	0.6929	-80.297
24932	43066	3963	0.6707	-148.016
18294	42585	3969	0.6849	-357.786
42585	53971	3969	0.6609	459.910
18294	32892	3969	0.6778	66.009
42579	42585	3969	0.7028	-84.935
18294	42579	3969	0.6663	-272.850
96439	98374	3976	0.6147	-72.021
98374	98426	3976	0.6295	-1.998
96710	98374	3976	0.7445	-74.019
96439	98379	3976	0.7003	-73.022
91170	98379	3976	0.6795	34.036
94809	96439	3976	0.6955	-75.010
94809	94830	3976	0.7442	1.005
94809	98379	3976	0.6686	-148.032
96351	98379	3976	0.7543	-74.019
94830	96351	3976	0.7705	-75.018
96351	98374	3976	0.7521	-73.018
94809	96710	3976	0.6799	-73.013
94809	98374	3976	0.6488	-147.032
94830	96439	3976	0.6943	-76.015
88840	98426	3976	0.6081	-39.980
96351	96439	3976	0.7866	-0.997
96351	96710	3976	0.7772	1.001
94830	98374	3976	0.6946	-148.036
94830	96710	3976	0.7965	-74.017
81711	96710	3976	0.6744	-113.001
94809	96351	3976	0.752	-74.013
96710	98379	3976	0.6965	-75.020
7264	13078	3984	0.6111	-14.017
70323	71239	3985	0.5758	-0.056
87571	89385	3989	0.7293	-166.097
33443	37579	3993	0.6925	-31.042
28337	32501	3999	0.671	109.027
40399	96563	4001	0.5785	-296.156
68456	100871	4011	0.5882	80.011
87627	100871	4011	0.6539	260.163
87627	97388	4011	0.5808	173.066
31802	102251	4015	0.6626	-291.389
93326	102251	4015	0.6303	114.638
19558	62890	4017	0.753	-124.124
19855	28129	4020	0.5794	-18.011
79501	85393	4024	0.6226	-4.094
85393	105032	4024	0.6281	-62.120
79501	97725	4024	0.5898	52.923
68431	103287	4026	0.6899	-250.343
30773	59761	4028	0.9217	-68.063
59761	67512	4028	0.8981	-103.060
10600	11619	4029	0.7563	0.000
43333	43491	4039	0.7892	-5.989
43664	43674	4039	0.8976	-1.997
43333	43664	4039	0.8515	-1.995
43333	43674	4039	0.8421	-3.992
43491	43664	4039	0.8489	3.994
43491	43674	4039	0.8718	1.997
4165	26422	4040	0.5978	-4.994
90698	90707	4044	0.8129	-1.004
17366	68481	4048	0.6691	45.996
85640	86848	4058	0.785	14.015
36669	98538	4059	0.5337	-207.410
7364	20884	4062	0.8397	0.000
59255	69366	4062	0.8572	0.000
7364	25805	4062	0.8396	0.000
20884	84551	4062	0.8657	0.000
25805	74801	4062	0.839	0.000
59255	84551	4062	0.8619	0.000
11164	43096	4062	0.9156	0.000
43096	52676	4062	0.9749	0.000
11164	11628	4062	0.8482	-0.073
7364	30390	4062	0.8398	0.000
52676	74801	4062	0.9646	0.000
20884	74801	4062	0.8613	0.000
25805	84551	4062	0.8462	0.000
20884	52676	4062	0.8556	0.000
52676	84551	4062	0.9957	0.000
43096	84551	4062	0.9795	0.000
20884	69366	4062	0.8557	0.000
30390	52676	4062	0.8502	0.000
43096	59255	4062	0.8542	0.000
7364	52676	4062	0.9597	0.000
20884	43096	4062	0.8531	0.000
11164	30390	4062	0.8283	0.000
11164	20884	4062	0.8345	0.000
11164	84551	4062	0.9218	0.000
30390	43096	4062	0.8505	0.000
25805	52676	4062	0.8406	0.000
30390	74801	4062	0.8536	0.000
74801	84551	4062	0.9697	0.000
11164	69366	4062	0.9366	0.000
7364	43096	4062	0.9592	0.000
20884	30390	4062	0.981	0.000
69366	84551	4062	0.9699	-0.000
43096	69366	4062	0.9681	0.000
7364	84551	4062	0.9635	0.000
25805	43096	4062	0.8443	0.000
11164	25805	4062	0.8193	0.000
25805	69366	4062	0.8394	0.000
52676	69366	4062	0.9664	0.000
30390	84551	4062	0.8564	0.000
11164	74801	4062	0.9099	0.000
69366	74801	4062	0.9668	-0.000
7364	59255	4062	0.8496	0.000
52676	59255	4062	0.8818	0.000
7364	11164	4062	0.895	0.000
7364	69366	4062	0.96	0.000
59255	74801	4062	0.8564	0.000
43096	74801	4062	0.9645	0.000
30390	69366	4062	0.8512	0.000
11164	52676	4062	0.913	0.000
7364	74801	4062	0.9598	0.000
4956	6163	4066	0.6292	-15.992
38216	38471	4068	0.5788	1.004
54643	78969	4069	0.6097	-105.117
25458	88452	4069	0.6591	-59.192
40453	54643	4069	0.6268	-101.068
54643	88452	4069	0.6128	84.873
39613	42170	4079	0.5321	138.185
79212	89757	4081	0.6282	-94.994
80909	89757	4081	0.6606	-254.241
5485	71947	4082	0.6066	-305.005
12261	66603	4086	0.6758	-359.195
4832	5125	4096	0.6623	-0.045
30307	45583	4098	0.5593	282.605
5242	8434	4104	0.6752	6.023
61857	71207	4114	0.7862	-1.004
43036	51938	4116	0.7695	-1.003
19221	70865	4117	0.6903	-353.617
10303	64704	4119	0.9155	0.000
69345	74184	4123	0.8854	0.001
56135	69345	4123	0.8888	-0.017
83832	86915	4128	0.8455	-14.053
25712	30642	4130	0.7924	-0.003
25712	88179	4130	0.7994	-50.259
1005	104126	4131	0.705	0.001
1005	61483	4131	0.6644	-210.326
3399	12111	4150	0.7392	80.801
82237	82607	4155	0.7433	1.011
76133	76991	4160	0.9314	0.142
13216	82239	4162	0.5096	-104.161
46288	48449	4165	0.5041	-0.136
6267	75041	4183	0.688	-280.192
7985	12950	4184	0.7004	-15.977
11440	11456	4184	0.7019	-0.993
11456	12950	4184	0.6945	-15.995
38332	39614	4190	0.6076	-126.034
37971	41747	4194	0.6375	-78.895
41229	45051	4195	0.625	-277.193
37552	37553	4196	0.6267	-1.005
33376	76568	4197	0.5587	50.008
12601	33376	4197	0.5852	167.003
46494	48858	4207	0.75	1.997
46479	48858	4207	0.6262	387.098
25309	35037	4209	0.5243	-138.065
25309	72969	4209	0.5689	-39.882
72969	78404	4209	0.6	-33.961
69022	87123	4215	0.5044	-210.161
4785	47202	4218	0.6981	-80.029
11278	49845	4227	0.7086	86.980
91444	93330	4228	0.5841	1.004
92625	93330	4228	0.5805	-15.995
89089	95728	4228	0.5698	-56.062
89089	93330	4228	0.629	-28.031
93330	95728	4228	0.6004	-28.031
24913	79841	4231	0.5241	-140.154
8522	8965	4232	0.7155	0.874
28362	32513	4239	0.7367	-212.082
18894	25625	4250	0.6435	0.082
11733	20305	4255	0.6269	54.939
20305	64687	4255	0.6017	-47.023
78361	81853	4260	0.659	-155.039
32608	81853	4260	0.5641	-84.353
52427	53932	4264	0.6043	-2.001
52400	52737	4264	0.6095	57.069
52427	52737	4264	0.7876	56.068
52400	52427	4264	0.7764	1.001
52400	53932	4264	0.7338	-1.000
39035	65735	4268	0.658	119.039
17048	20075	4269	0.6851	-139.193
41776	56339	4274	0.5409	190.975
29744	73956	4277	0.5387	-67.028
78390	78423	4279	0.9114	-1.003
72042	78224	4281	0.8709	64.015
67432	72042	4281	0.898	-92.046
67432	78224	4281	0.9069	-28.031
19131	54109	4282	0.7701	466.100
79695	86149	4289	0.91	-28.031
29934	101859	4292	0.5639	-413.424
57287	57422	4296	0.5184	18.990
13908	60424	4312	0.7485	-0.000
71455	81347	4312	0.7902	-28.032
60424	71217	4312	0.8377	-28.031
47856	69944	4312	0.7525	0.000
59957	60424	4312	0.7527	12.000
43963	59957	4312	0.7744	0.000
60424	69944	4312	0.7491	-14.016
69944	71217	4312	0.8444	-14.016
71455	81808	4312	0.8056	-14.016
47856	71455	4312	0.7907	-28.031
81347	81808	4312	0.7874	14.016
40413	60424	4312	0.8086	0.000
40413	71217	4312	0.752	-28.031
77745	81347	4312	0.7831	-16.031
71217	71455	4312	0.7831	-14.015
47856	60424	4312	0.7676	14.016
69944	71455	4312	0.7858	-28.031
80617	96314	4315	0.5115	-64.887
36384	80617	4315	0.5139	-7.085
11652	36384	4315	0.5378	-392.059
58244	80617	4315	0.5001	-326.043
8568	21248	4318	0.6709	19.952
43936	44746	4328	0.7045	-76.701
24372	77894	4332	0.5205	-109.212
24372	103727	4332	0.5555	24.456
59759	90865	4333	0.7383	-107.832
48924	84767	4336	0.6906	-114.085
26937	100136	4338	0.6617	-291.320
45412	96776	4342	0.6412	-150.384
8621	45412	4342	0.6271	-84.891
34398	70018	4343	0.6947	19.916
48505	76982	4344	0.5636	-118.139
69616	95837	4346	0.6058	195.149
69616	102770	4346	0.6256	85.955
38442	38494	4347	0.569	3.996
38417	38421	4347	0.7833	1.998
38487	38494	4347	0.6385	1.998
38413	38487	4347	0.5943	-3.001
38417	38442	4347	0.6117	-1.004
38413	38421	4347	0.811	-1.997
38421	38494	4347	0.6033	0.994
38413	38442	4347	0.5391	-4.999
38442	38487	4347	0.6567	1.998
38417	38494	4347	0.5658	2.992
38417	38487	4347	0.6321	0.994
38421	38442	4347	0.5204	-3.002
38421	38487	4347	0.5779	-1.004
38413	38417	4347	0.8159	-3.996
38413	38494	4347	0.5726	-1.003
80984	93188	4351	0.6307	-135.474
45836	74187	4355	0.7251	-278.462
13790	46397	4355	0.7148	174.079
9163	13790	4355	0.7059	-31.026
51097	74187	4355	0.7517	-280.169
74187	79082	4355	0.7912	150.927
13790	78251	4355	0.6945	-24.167
51097	80091	4355	0.683	-17.106
9350	13790	4355	0.6922	-110.922
22169	51097	4355	0.7341	-37.094
46397	51097	4355	0.6975	-204.183
24046	70192	4356	0.6696	-439.282
9251	24046	4356	0.7318	63.078
70192	96899	4356	0.7291	339.250
9251	24626	4356	0.7081	21.150
26041	72501	4356	0.7142	-41.159
26041	96899	4356	0.7296	-24.068
3152	48840	4358	0.6789	-99.009
34714	34774	4360	0.8131	-103.058
33963	34714	4360	0.7626	0.996
55185	89416	4364	0.6807	-138.235
7083	10748	4369	0.5392	-86.037
26856	38464	4371	0.9385	0.000
29936	38464	4371	0.9741	0.000
33890	38464	4371	0.9194	0.000
6774	26856	4371	0.8198	0.122
26856	29936	4371	0.9214	0.000
29936	33890	4371	0.9431	0.000
26856	33890	4371	0.9079	0.000
31494	31551	4374	0.7778	-18.010
33390	60082	4375	0.5711	21.989
27652	41732	4376	0.6808	-43.101
19372	19703	4379	0.8689	-0.060
85445	85455	4380	0.6442	1.997
85435	85445	4380	0.6983	1.997
24564	41099	4385	0.58	-30.032
5799	5906	4388	0.5173	30.007
36350	37036	4406	0.7247	0.311
24328	36988	4408	0.5629	-35.962
17137	23143	4414	0.6707	-14.016
16121	48127	4415	0.7255	-8.005
16121	46623	4415	0.6943	-244.145
9788	9826	4416	0.6096	0.066
62923	65547	4418	0.6827	-149.144
68716	68787	4420	0.6785	-1.007
18575	94212	4425	0.6941	-251.335
18575	44713	4425	0.6691	63.005
21962	24093	4433	0.7857	18.014
31642	100829	4440	0.6006	-166.230
93921	97204	4441	0.634	-73.070
93921	95791	4441	0.6097	-229.222
1580	19896	4445	0.6891	96.818
7177	33082	4446	0.6325	-136.996
41553	45637	4447	0.6447	71.136
16620	19379	4454	0.7742	-149.995
10733	19349	4463	0.556	-54.170
10733	69697	4463	0.5569	-208.249
63518	71325	4464	0.6926	0.000
63518	69250	4464	0.6088	0.000
67588	69250	4464	0.5508	1.003
19742	54732	4472	0.55	-280.073
49244	49373	4476	0.6494	1.997
49244	49445	4476	0.669	-1.997
36612	36623	4477	0.6358	-1.996
19992	35540	4478	0.5538	-135.732
14171	19992	4478	0.5709	-165.041
87313	89341	4479	0.8826	-15.017
84012	88654	4479	0.9186	-0.002
87313	88654	4479	0.8748	-14.016
55653	62915	4480	0.5536	-28.026
83901	84258	4482	0.798	1.999
37937	84714	4482	0.7715	-53.846
84258	84714	4482	0.8126	-45.949
85671	88493	4484	0.6724	1.002
7882	85671	4484	0.5955	-441.274
7882	88493	4484	0.5411	-440.272
31242	33064	4487	0.5883	-35.057
57760	58297	4493	0.7016	-115.905
450	2138	4503	0.5172	28.004
39	2138	4503	0.548	-1.988
52	450	4503	0.6329	-0.036
52	2138	4503	0.5456	27.968
76871	99154	4504	0.7411	-96.147
80321	93714	4504	0.7103	282.145
92433	93714	4504	0.7121	352.260
68141	93714	4504	0.7211	158.035
40421	93714	4504	0.7048	81.094
92433	99154	4504	0.8466	114.068
77560	92433	4504	0.7029	-176.178
11765	11767	4506	0.5175	-1.992
11765	11766	4506	0.5347	-0.997
23416	36124	4508	0.6398	-139.057
23416	61169	4508	0.5426	-127.084
22933	61166	4508	0.5364	43.010
23452	61166	4508	0.6033	1.005
61124	61145	4508	0.5875	-1.001
36124	61124	4508	0.643	13.967
23441	61166	4508	0.7353	1.998
25091	61169	4508	0.532	-82.073
61145	61169	4508	0.6126	-0.994
23416	61145	4508	0.5383	-126.090
61124	61169	4508	0.8845	-1.995
23416	61124	4508	0.7197	-125.089
36124	61145	4508	0.53	12.966
23416	61166	4508	0.7798	-0.001
22933	25091	4508	0.5026	-2.000
23416	23441	4508	0.7897	-1.999
22933	23416	4508	0.5841	43.011
22933	61124	4508	0.7078	-82.078
36124	61166	4508	0.6078	139.056
23441	25091	4508	0.5503	-43.012
23416	23452	4508	0.5717	-1.006
61124	61166	4508	0.5898	125.088
22933	23441	4508	0.5219	41.013
23441	61169	4508	0.709	-125.086
14602	107403	4509	0.5091	8.190
14602	38051	4509	0.5028	-403.031
3634	107841	4519	0.6753	32.006
14015	14377	4521	0.7396	1.999
13639	14015	4521	0.5894	-0.998
48473	50914	4523	0.6927	-0.077
50914	54177	4523	0.8979	-14.015
48473	54177	4523	0.6776	-14.092
6967	35355	4529	0.5285	-111.022
32160	39048	4529	0.5021	370.096
6967	32160	4529	0.5026	-363.142
25313	101901	4533	0.6755	-302.355
55732	78855	4537	0.8648	68.027
90092	90409	4546	0.6967	101.953
90149	90409	4546	0.722	-17.050
6113	6773	4548	0.7418	-0.001
6906	29954	4557	0.6467	-24.057
92092	95844	4560	0.6036	-0.031
92092	93530	4560	0.797	-28.029
92059	93720	4560	0.6137	0.976
93720	95844	4560	0.6274	0.000
92059	95844	4560	0.6446	0.976
92059	92092	4560	0.906	1.008
92092	93720	4560	0.6153	-0.031
93530	94531	4560	0.8065	-1.005
92059	93530	4560	0.7683	-27.022
45996	46148	4565	0.8171	0.997
30144	42122	4569	0.5554	14.992
30777	82924	4571	0.7372	-385.188
12904	13028	4575	0.803	-57.022
13028	13097	4575	0.71	-0.998
49658	49734	4576	0.7603	1.998
74360	83368	4581	0.7211	0.021
47589	83368	4581	0.7181	-114.102
54178	108846	4586	0.7208	46.928
11815	40389	4592	0.5176	-198.032
21956	89038	4596	0.7356	-139.927
88645	89038	4596	0.864	-33.703
8450	8861	4599	0.6454	15.995
98192	99657	4602	0.5436	-49.979
76339	99657	4602	0.551	-24.078
46825	94961	4605	0.5092	254.720
60533	77978	4606	0.8439	26.992
81949	82322	4607	0.5717	1.002
82314	82379	4607	0.5827	1.004
82322	82379	4607	0.6317	-4.955
82314	82322	4607	0.5149	5.958
4548	41517	4610	0.5207	33.958
4548	4555	4610	0.6793	-1.993
61416	100403	4612	0.6516	-141.261
56215	56216	4621	0.8352	-1.996
56215	56472	4621	0.5199	-37.025
56470	56471	4621	0.6328	-0.991
56470	56472	4621	0.5433	-1.995
56469	56470	4621	0.6339	-1.006
56216	56469	4621	0.8079	-32.029
56216	56471	4621	0.7854	-34.026
56215	56471	4621	0.819	-36.022
56469	56471	4621	0.8347	-1.997
56215	56470	4621	0.6041	-35.030
56216	56470	4621	0.6867	-33.035
56215	56469	4621	0.8821	-34.025
58314	84876	4631	0.5187	-154.781
68038	84876	4631	0.5505	-177.839
25018	58314	4631	0.5394	-174.146
77501	84876	4631	0.5801	-133.850
67445	67448	4638	0.5621	-1.003
23722	24520	4639	0.8049	0.022
3098	103016	4640	0.6253	-341.445
65845	84051	4646	0.8305	-0.003
66964	68153	4646	0.7041	-0.149
66964	84051	4646	0.7289	-0.097
65845	66964	4646	0.68	0.093
83964	95090	4648	0.902	-182.126
87582	89421	4650	0.5669	-14.016
13034	18157	4656	0.5444	13.979
75239	95348	4658	0.6369	158.153
34849	36378	4659	0.5204	-67.982
34849	39210	4659	0.5313	22.081
11018	24999	4665	0.6442	-101.189
76277	96137	4670	0.6228	-127.961
3562	3984	4671	0.5005	-0.000
83000	89366	4681	0.6245	22.043
53027	60230	4684	0.5048	-68.827
9171	15625	4689	0.7048	51.849
6395	42341	4694	0.666	3.886
83953	88052	4700	0.8064	-28.031
73572	73908	4706	0.6635	-1.007
73908	76750	4706	0.6072	-0.991
77451	77781	4706	0.5342	-137.052
73908	77781	4706	0.7482	0.006
73572	77451	4706	0.5688	136.051
73908	77859	4706	0.5912	1.008
73572	77859	4706	0.8353	0.001
73228	73908	4706	0.5758	-136.075
73228	76750	4706	0.5738	-137.066
73228	77781	4706	0.5644	-136.069
73572	77781	4706	0.701	-1.001
77781	77859	4706	0.786	1.002
77451	77859	4706	0.6137	-136.050
73908	77451	4706	0.502	137.058
17562	17664	4707	0.6483	1.994
17664	28003	4707	0.6643	-14.017
14727	17664	4707	0.5694	0.991
102693	104867	4723	0.8815	0.000
99844	102693	4723	0.9231	0.000
48898	74027	4743	0.6965	-57.140
1241	14032	4747	0.6994	-133.972
14032	100026	4747	0.6883	-91.371
55704	63544	4751	0.5876	-23.192
72950	77962	4757	0.8425	-2.016
77962	83406	4757	0.8933	-2.015
83406	91652	4757	0.8054	-12.036
72950	77957	4757	0.8704	-3.019
72932	72950	4757	0.8624	1.003
77937	83406	4757	0.8803	-28.031
72932	77957	4757	0.8627	-2.016
77957	77962	4757	0.8916	1.003
72950	77937	4757	0.8077	24.000
22020	86291	4758	0.5816	-497.489
53248	53280	4763	0.5604	1.998
5240	101475	4767	0.642	-236.359
59284	65083	4768	0.7624	30.011
59284	61274	4768	0.6417	-1.977
57774	61274	4768	0.729	-0.037
5975	42015	4778	0.7041	-155.299
42015	77480	4778	0.6819	-313.982
42015	81820	4778	0.6797	-124.066
18441	57108	4783	0.6936	87.144
104725	105815	4788	0.7234	-363.574
4752	4762	4790	0.6239	1.997
91002	97138	4792	0.7732	-14.052
34307	35170	4795	0.835	-1.993
18744	35170	4795	0.6091	-72.967
3040	67380	4797	0.5473	256.754
55681	60807	4799	0.8117	74.035
55681	60127	4799	0.8103	74.038
60807	60930	4799	0.7641	0.151
60127	60930	4799	0.8151	0.149
60127	60807	4799	0.8412	-0.002
60127	60292	4799	0.6765	-1.003
58141	60292	4799	0.6857	-0.045
55681	60930	4799	0.7213	74.186
60292	60807	4799	0.748	1.001
5967	56110	4801	0.724	-42.084
5967	22366	4801	0.683	-247.163
29124	76055	4812	0.7375	-0.094
78723	79275	4815	0.666	1.041
1963	51591	4817	0.5528	-3.006
52079	79628	4825	0.8562	58.078
51102	52079	4825	0.8871	1.003
94753	104567	4834	0.6998	92.135
35805	94753	4834	0.69	-306.531
14714	94753	4834	0.7046	-371.479
11136	61617	4843	0.7004	-180.224
15476	15941	4846	0.6553	0.035
18833	64126	4848	0.6048	-210.292
64126	85478	4848	0.5801	-15.643
17368	57172	4853	0.6668	-362.103
17368	22994	4853	0.6703	49.003
12128	39566	4854	0.6332	-23.129
61177	68301	4855	0.7036	29.899
6540	29262	4857	0.6965	-252.819
55237	82330	4868	0.7449	15.994
71461	73343	4870	0.5324	2.015
11734	23367	4879	0.725	-10.939
11734	16579	4879	0.7705	36.090
42259	67044	4882	0.5611	-249.146
90839	104135	4884	0.6025	-167.163
76870	104135	4884	0.619	-273.278
41334	42810	4885	0.679	0.002
41334	44870	4885	0.6653	0.002
36281	41334	4885	0.5399	-155.103
42810	44870	4885	0.803	0.000
36281	42810	4885	0.5368	-155.102
4925	5450	4886	0.6534	13.979
13046	78708	4890	0.6435	-361.211
68344	70053	4891	0.9119	-0.057
68689	70053	4891	0.9101	-0.036
59453	59454	4897	0.6161	-1.995
97178	104022	4902	0.7868	-42.010
26389	28480	4904	0.6825	-218.021
31118	75280	4904	0.6663	265.002
31118	95965	4904	0.7118	-28.120
26389	75280	4904	0.681	2.955
75280	95965	4904	0.6646	-293.122
26389	41024	4904	0.6794	36.021
28480	41323	4904	0.7	186.983
60959	63463	4907	0.7092	-0.164
18915	42474	4913	0.5434	-372.885
6050	79295	4923	0.6392	-408.417
16762	18063	4939	0.5343	16.101
44996	62848	4942	0.8114	-130.135
50887	52240	4945	0.6759	-412.910
52218	52240	4945	0.7703	-1.998
50887	70308	4945	0.6734	81.022
10972	34087	4953	0.5734	-69.023
41878	67812	4958	0.505	-137.032
45517	47188	4960	0.5614	44.025
79971	108490	4961	0.8652	14.016
91332	94628	4964	0.7543	-27.035
83438	94628	4964	0.6095	-73.034
91332	91336	4964	0.766	0.997
91336	94628	4964	0.9529	-28.032
78810	87141	4972	0.8674	0.000
78810	86015	4972	0.8615	18.010
29163	44660	4976	0.7027	-310.111
44660	106024	4976	0.6404	127.959
29163	106024	4976	0.6584	-182.152
43339	47768	4979	0.731	0.004
12131	62869	4986	0.6022	33.874
25562	62869	4986	0.6601	-5.060
49158	68104	4994	0.5872	-10.057
38489	50552	4999	0.7249	78.526
10252	13246	5014	0.5894	-0.002
60528	74393	5021	0.5938	-51.018
28327	57923	5029	0.6115	28.114
28327	84397	5029	0.5619	-163.156
32884	43761	5030	0.7111	-70.094
37067	66524	5030	0.693	-427.250
32884	37067	5030	0.7179	131.953
24769	66524	5030	0.6688	-346.165
37067	43761	5030	0.7214	-202.047
71110	75471	5044	0.7826	-120.082
22663	24568	5050	0.6848	57.006
13108	24568	5050	0.6935	97.082
22663	73779	5050	0.7032	-208.298
22663	37152	5050	0.7935	-21.763
10545	12888	5050	0.6809	32.944
10545	22663	5050	0.7355	-27.925
12888	22663	5050	0.6962	-60.870
33855	71812	5054	0.6691	-252.122
71812	85608	5054	0.5715	-62.961
44737	75485	5056	0.5815	-130.937
57261	75485	5056	0.5921	-287.015
23192	45416	5064	0.6755	-164.083
45416	99276	5064	0.6954	-180.356
58215	61474	5071	0.7794	18.009
59598	61474	5071	0.7395	1.002
58379	61474	5071	0.7736	0.018
21535	21542	5072	0.5703	180.929
9621	21535	5072	0.604	-129.826
40146	45209	5078	0.7549	0.000
17107	103383	5093	0.5536	-393.433
47582	81016	5103	0.6659	-60.968
12125	88359	5105	0.5138	-14.236
64668	66778	5106	0.672	-16.029
13391	22781	5107	0.6687	-19.932
45593	53285	5116	0.6195	-216.096
32026	53285	5116	0.539	-48.141
42463	99371	5117	0.6237	-241.332
56597	56606	5122	0.5027	1.002
28315	30068	5127	0.5399	-26.016
56368	60702	5133	0.7373	-14.017
51420	56368	5133	0.7081	-1.002
63502	65064	5133	0.878	0.051
60276	63502	5133	0.8613	0.035
51420	63502	5133	0.7949	-14.015
60276	65064	5133	0.8615	0.086
51420	60276	5133	0.7088	-14.050
17463	34065	5142	0.6841	-98.126
17924	93043	5143	0.6969	-263.254
11159	28432	5144	0.6121	127.177
11159	15357	5144	0.6047	-2.015
54190	59511	5148	0.9144	16.027
18818	105869	5154	0.6714	-226.517
17459	18818	5154	0.6471	-69.874
27319	44540	5156	0.6419	-218.937
83836	95037	5158	0.9116	11.013
83836	92359	5158	0.9187	31.001
91706	95037	5158	0.9293	11.024
87605	92359	5158	0.9097	2.015
91706	92359	5158	0.9382	31.012
83836	91706	5158	0.9525	-0.010
49499	65080	5159	0.698	18.011
4848	11923	5169	0.6863	-22.018
31916	66665	5176	0.6821	157.678
23533	66665	5176	0.6437	-79.353
96138	99208	5185	0.7656	-28.030
88715	90996	5199	0.8807	-56.062
56397	88715	5199	0.8483	-112.125
84818	88715	5199	0.802	1.009
62992	89995	5200	0.5639	3.629
92159	95959	5205	0.8629	-0.338
88553	92159	5205	0.8472	0.303
13011	92159	5205	0.8345	0.156
35300	92159	5205	0.8553	0.111
87167	92159	5205	0.8796	0.337
87167	88553	5205	0.8581	0.034
46187	46747	5225	0.5244	-165.104
78757	85266	5232	0.7076	-28.036
83647	85266	5232	0.7962	-14.007
72796	78757	5232	0.7761	12.005
65325	65803	5239	0.6698	12.024
54103	65803	5239	0.5804	-16.009
5569	103058	5246	0.5551	-268.386
6164	96838	5254	0.5862	-243.114
16517	20145	5270	0.6021	37.120
60203	72508	5274	0.9731	0.000
60203	65571	5274	0.947	0.000
65571	72508	5274	0.959	0.000
24115	24119	5278	0.6138	0.992
24115	24128	5278	0.6099	1.996
4574	5288	5286	0.7574	0.001
5288	5599	5286	0.8066	28.000
4574	5174	5286	0.6933	-1.006
5174	5288	5286	0.6837	1.007
53852	61731	5287	0.5413	325.292
77282	78177	5288	0.5677	-236.186
77282	78533	5288	0.6149	-235.185
11012	53751	5290	0.5603	30.978
27482	63725	5296	0.6654	-398.250
627	1754	5301	0.8235	18.016
515	627	5301	0.8366	2.005
31825	79440	5310	0.8108	-117.047
56274	78232	5313	0.5534	-3.028
25829	78232	5313	0.5215	45.948
37482	43022	5324	0.9108	0.000
43022	105725	5324	0.7297	-0.076
37482	105725	5324	0.7326	-0.076
58495	61758	5325	0.6857	14.127
90163	93250	5327	0.8186	-14.016
21711	55013	5331	0.5193	-101.091
21711	55161	5331	0.5379	-100.088
55013	55161	5331	0.5888	1.003
15545	36296	5333	0.5966	-387.034
37618	64624	5335	0.8302	-29.972
87433	88245	5338	0.8387	-14.016
19492	27701	5347	0.7641	-15.026
21873	56968	5351	0.6797	211.949
17401	56968	5351	0.71	-114.231
5941	56968	5351	0.6836	160.685
17041	18948	5357	0.7206	31.013
2136	3015	5361	0.6834	-17.009
16027	76624	5362	0.7251	-57.972
16027	54562	5362	0.6974	-215.092
63493	103081	5363	0.6698	-264.374
89128	101667	5365	0.5556	129.123
89084	89128	5365	0.6045	-1.002
89084	101667	5365	0.6118	128.121
101667	101700	5365	0.6172	-1.003
46360	59464	5368	0.5481	-361.028
57050	59464	5368	0.5902	-46.983
46158	52784	5370	0.7239	-40.031
60151	95193	5385	0.6246	-0.109
60151	76921	5385	0.561	95.003
56653	61298	5387	0.9341	82.041
90879	90880	5389	0.8386	-178.098
83846	87305	5389	0.8181	-166.100
87305	90880	5389	0.8423	-13.003
34336	34365	5395	0.6258	-1.998
17188	23099	5396	0.6672	-0.000
23099	25715	5396	0.6178	0.000
17188	25715	5396	0.6768	-0.000
41029	88047	5408	0.6274	-71.137
77950	85887	5429	0.6015	-0.035
39861	57002	5437	0.5216	-56.952
38378	39861	5437	0.5129	4.961
74243	76392	5438	0.6631	-166.233
17814	102986	5443	0.7102	-45.298
77056	90090	5446	0.6779	-0.003
22028	56571	5462	0.8334	-100.088
22028	54146	5462	0.7778	-101.090
54146	56571	5462	0.7801	1.002
7328	11763	5468	0.5187	-55.006
57529	60672	5475	0.5862	0.000
6293	13975	5480	0.6151	-144.079
7901	20608	5488	0.7249	-82.041
72898	73116	5495	0.7338	-1.010
71969	72898	5495	0.8012	-241.269
71969	73116	5495	0.7675	-242.279
16107	35158	5498	0.5234	-18.080
35158	49036	5498	0.5681	215.116
25910	78451	5501	0.5385	-218.886
51562	82851	5505	0.605	-379.077
82851	92604	5505	0.5972	313.011
60980	61974	5507	0.6012	375.264
36672	36754	5508	0.5101	1.009
29931	36754	5508	0.5756	30.011
36511	39465	5516	0.6513	-39.052
15635	23826	5520	0.8207	0.000
15635	27642	5520	0.8834	0.000
15635	26657	5520	0.7737	-14.016
43734	56989	5528	0.7849	-250.214
37220	43734	5528	0.7255	-18.045
37517	37518	5535	0.6177	-1.994
31001	36048	5553	0.8023	0.000
30133	36048	5553	0.6934	0.996
31001	31002	5553	0.9059	-1.998
31002	36306	5553	0.6881	-0.002
31002	36048	5553	0.8401	1.998
36048	36306	5553	0.6568	-2.000
30990	36306	5553	0.6634	1.003
31001	36306	5553	0.7013	-2.000
30990	31002	5553	0.7662	1.005
30133	30990	5553	0.7562	-2.007
30133	31001	5553	0.7958	0.996
30133	31002	5553	0.5619	-1.002
9542	48562	5565	0.7035	-145.242
9542	69160	5565	0.683	-92.145
9542	13265	5565	0.7239	-2.139
60524	64095	5570	0.6762	-0.000
18159	39520	5575	0.536	-72.127
22382	23253	5576	0.6462	-165.230
18933	70766	5578	0.713	-118.666
11243	70766	5578	0.7095	-80.629
53099	70766	5578	0.6852	-386.688
11243	49198	5578	0.6865	78.017
38733	62099	5587	0.6631	-61.189
62099	71052	5587	0.6691	-3.960
10346	54569	5589	0.7072	-139.181
10346	12691	5589	0.789	-56.063
12276	61886	5609	0.5578	-402.221
16511	52609	5612	0.7175	-217.155
13092	14438	5618	0.7418	30.011
78071	80833	5625	0.6256	-59.197
33452	80833	5625	0.6684	-56.636
82879	86894	5625	0.6957	45.030
78071	86894	5625	0.6837	-19.942
48142	80833	5625	0.6351	-186.368
65656	78071	5625	0.6741	63.502
81404	81450	5628	0.8116	-2.001
27466	39139	5634	0.5911	-0.036
35113	39139	5634	0.6108	0.043
67939	71289	5640	0.7816	-26.014
42304	48832	5649	0.7446	70.042
1425	1844	5652	0.6658	-32.023
1425	3010	5652	0.7318	-18.010
1425	3330	5652	0.7212	-18.010
60403	86997	5656	0.6414	-261.178
21263	94949	5657	0.6576	-27.152
35979	94949	5657	0.7273	45.797
21263	33838	5657	0.6561	-228.654
42657	72882	5657	0.6998	147.972
18015	72882	5657	0.6918	-227.160
21263	42657	5657	0.6829	-218.101
4330	38261	5662	0.5751	-20.038
33977	33978	5676	0.5217	-1.004
65007	82749	5685	0.6452	-53.771
5386	5913	5688	0.6824	55.092
5386	82122	5688	0.6835	-402.272
54798	54806	5690	0.7861	-118.042
17482	45057	5691	0.6281	64.158
72349	79019	5693	0.8669	1.958
62012	79019	5693	0.8833	-14.016
60396	72349	5693	0.8666	-61.979
62012	72349	5693	0.8988	-15.974
60396	72234	5693	0.8452	-14.016
60396	62012	5693	0.8538	-46.005
60396	79019	5693	0.9124	-60.021
19988	20196	5700	0.6301	50.149
41478	100058	5700	0.6202	-15.397
93087	100058	5700	0.6765	50.791
33408	41478	5700	0.6223	-56.842
19988	100058	5700	0.6278	-208.254
80950	94112	5706	0.5018	-111.156
70559	72967	5712	0.69	1.003
17280	83790	5713	0.6132	-196.219
24635	74753	5722	0.587	-166.626
5930	36563	5724	0.5264	-62.015
5461	5930	5724	0.5297	-72.115
5461	36563	5724	0.6482	-134.130
7726	39737	5727	0.6942	-213.863
11196	78626	5731	0.7092	-248.177
42129	43613	5733	0.8007	-2.001
43584	43613	5733	0.8007	-1.006
43584	43607	5733	0.9039	1.996
42878	43607	5733	0.8287	3.993
42878	43613	5733	0.74	0.991
42129	43584	5733	0.8564	-0.995
42129	42878	5733	0.7384	-2.992
43607	43613	5733	0.7523	-3.002
42129	43607	5733	0.8162	1.001
42878	43584	5733	0.8506	1.998
74642	84605	5735	0.5276	-9.050
52888	53712	5737	0.736	0.498
4005	6237	5741	0.6454	-88.958
57300	71614	5742	0.5996	-94.164
36042	39317	5748	0.5786	-244.961
48585	48922	5753	0.7213	-2.008
48088	48585	5753	0.7884	1.007
48088	48922	5753	0.8236	-1.001
43511	55856	5759	0.6746	172.042
28336	79175	5763	0.7606	182.957
65132	83509	5769	0.5456	-103.217
19286	31308	5771	0.6875	-181.208
31157	31491	5782	0.6923	-1.000
31157	34306	5782	0.7094	-26.020
58722	59514	5784	0.7902	0.001
70352	71545	5792	0.7674	-0.040
830	2199	5797	0.5933	1.998
23171	34401	5804	0.6224	-109.070
29078	53406	5804	0.6207	168.171
23171	29078	5804	0.6388	-72.095
47833	50822	5805	0.7977	-0.068
18757	26253	5810	0.5193	-50.120
22356	26253	5810	0.598	-41.950
9050	9342	5817	0.7169	0.999
7526	9342	5817	0.6228	-30.009
65515	68183	5822	0.8555	31.949
24955	36372	5823	0.6463	67.034
36169	58482	5825	0.5071	-181.373
17059	36973	5846	0.6898	247.934
29750	30327	5866	0.5637	-0.281
29465	80739	5873	0.686	-126.193
18875	80739	5873	0.6958	-335.310
24748	36571	5873	0.6903	-223.134
24748	29465	5873	0.6823	-181.118
35468	56474	5874	0.5819	-48.215
79124	79156	5876	0.5852	1.996
45792	90206	5878	0.5875	24.963
55788	90206	5878	0.6226	-88.261
55788	55851	5878	0.9097	-0.137
55851	90206	5878	0.5969	-88.124
81577	90898	5882	0.6373	-14.018
34666	35287	5893	0.5971	1.987
35287	36066	5893	0.5031	-1.001
34666	36066	5893	0.5605	0.986
41207	77098	5894	0.5069	-195.808
9700	43365	5898	0.5931	-224.112
100257	100401	5906	0.6795	-70.139
4332	100257	5906	0.6727	-345.294
4850	100257	5906	0.6563	-264.296
58491	91091	5923	0.5314	-155.264
14161	102661	5924	0.6988	100.043
14161	94914	5924	0.6819	134.026
42839	76345	5941	0.6325	-102.078
10562	84491	5942	0.641	-2.016
36898	42357	5947	0.6244	-14.992
11227	61877	5957	0.5709	-40.066
11983	12525	5957	0.609	2.015
11227	12525	5957	0.5771	0.001
11227	11983	5957	0.5341	-2.014
78616	84409	5962	0.6711	-102.132
49104	51618	5967	0.7144	64.638
15313	15416	5985	0.9397	0.025
7026	44536	5986	0.7157	0.000
18638	36006	5986	0.7922	0.000
36006	44536	5986	0.8734	0.000
7026	36006	5986	0.827	0.000
63398	65827	6000	0.9257	-14.016
63398	67089	6000	0.921	-18.011
77592	78613	6002	0.5671	-195.326
42166	78613	6002	0.6183	-266.515
90437	91633	6005	0.6522	14.016
90437	95673	6005	0.6548	-28.029
107719	108930	6008	0.8259	0.005
108930	109044	6008	0.5853	0.001
59177	63049	6010	0.8256	-0.001
29953	59177	6010	0.8169	18.000
19291	52657	6012	0.6207	-58.189
15480	15592	6014	0.5158	44.983
93633	93866	6019	0.7477	1.004
38419	42245	6025	0.5905	-149.996
38963	39026	6025	0.5924	99.920
38419	39026	6025	0.5979	-157.042
16017	68894	6028	0.6688	-162.912
10861	16551	6029	0.6707	-4.985
15094	85891	6043	0.533	-248.250
72346	74961	6064	0.5119	-0.002
72346	72946	6064	0.5551	-0.998
29097	72946	6064	0.5246	-92.045
32908	38234	6066	0.6255	-0.001
73138	73139	6080	0.8257	-17.027
28806	61972	6081	0.7384	-43.881
28806	39227	6081	0.7208	-112.003
34338	39227	6081	0.7837	-0.002
28806	34338	6081	0.7525	-112.001
36295	94261	6087	0.5387	-136.303
25693	38366	6099	0.6851	-138.066
88449	102515	6104	0.535	29.006
88449	105087	6104	0.5117	156.030
28266	58055	6105	0.6327	-153.967
24111	58055	6105	0.6041	-167.960
14885	53017	6115	0.631	49.956
60220	61089	6117	0.5182	50.539
53414	60220	6117	0.5523	-78.493
61089	95521	6117	0.5019	-21.102
11974	15000	6124	0.6089	-0.120
84064	90369	6129	0.8362	-14.016
66829	68696	6130	0.593	-1.998
12210	12575	6133	0.725	-83.984
7485	12210	6133	0.7394	-25.014
34097	71401	6135	0.5962	0.845
61112	82305	6141	0.6006	40.911
56652	76989	6141	0.5955	98.208
76989	94754	6141	0.6059	98.882
94754	95964	6141	0.6349	31.990
29928	95964	6141	0.5905	-105.268
61112	74838	6141	0.6008	-29.047
74838	94754	6141	0.6322	145.927
38111	38303	6153	0.5806	400.096
27969	41386	6162	0.6204	215.958
41386	49798	6162	0.6467	-124.201
88874	90475	6164	0.6246	-1.001
66126	88874	6164	0.5738	-126.201
90475	95957	6164	0.5402	-69.075
88874	95957	6164	0.6713	-70.076
66047	66126	6164	0.6349	1.998
47232	62906	6182	0.7361	17.007
19006	34883	6183	0.6945	-94.853
34883	35827	6183	0.6996	37.023
91670	95675	6185	0.7106	212.065
3641	16968	6188	0.6255	-56.930
16968	68170	6188	0.6091	-58.114
55409	55545	6189	0.7321	1.011
32460	32596	6190	0.6511	14.016
37107	88318	6205	0.7116	24.668
80195	80234	6210	0.5916	1.997
80195	80225	6210	0.6412	0.994
80225	80234	6210	0.661	1.003
55307	58704	6215	0.6106	27.078
21513	61719	6216	0.5652	-196.954
30338	71780	6217	0.6761	-210.607
61450	61558	6233	0.8246	3.994
61559	61593	6233	0.6116	0.987
61558	61593	6233	0.6605	-1.009
60506	61450	6233	0.6478	-0.994
61558	61559	6233	0.8669	-1.996
61366	61450	6233	0.6088	1.997
61450	61559	6233	0.8394	1.997
60506	61593	6233	0.6758	1.990
60506	61559	6233	0.6788	1.003
9829	33957	6236	0.5251	15.956
9829	14868	6236	0.502	98.000
14868	33957	6236	0.5658	-82.044
67895	73246	6239	0.9633	-0.000
67895	70306	6239	0.7199	-0.997
66750	70306	6239	0.7458	1.017
70306	73246	6239	0.7153	0.997
67895	76783	6239	0.7165	-0.029
66750	67895	6239	0.6415	2.015
66750	73246	6239	0.652	2.014
73246	76783	6239	0.7399	-0.028
34200	42283	6244	0.8069	-14.016
42283	64406	6244	0.805	14.016
8852	42283	6244	0.8652	0.000
34200	64406	6244	0.9928	0.000
38637	60982	6256	0.7002	-23.185
64738	66907	6261	0.7034	-26.018
77214	79026	6275	0.6059	-2.009
64286	67341	6285	0.7664	1.003
63646	64286	6285	0.8376	-1.063
31280	58052	6290	0.6305	184.983
8875	31280	6290	0.6399	-344.118
92955	100573	6309	0.6984	-3.086
86508	89226	6315	0.9381	-52.008
58050	60104	6328	0.5112	-0.020
18626	39195	6331	0.6638	386.266
6555	34927	6332	0.7138	-0.002
65823	75456	6334	0.7387	-68.063
65823	69937	6334	0.7572	-68.063
75456	76425	6334	0.8003	-1.006
53755	94037	6345	0.5193	50.830
55823	68805	6346	0.5074	-22.236
82766	84164	6351	0.6435	-157.986
86773	86920	6368	0.7486	-1.005
86773	88746	6368	0.8975	-28.031
88630	88746	6368	0.8429	1.003
84839	86920	6368	0.7684	-28.032
84839	86773	6368	0.6919	-27.028
86920	88746	6368	0.7448	-27.027
84838	86773	6368	0.876	-28.031
86920	88630	6368	0.7454	-28.030
84838	86920	6368	0.7181	-29.035
86773	88630	6368	0.8455	-29.035
27306	48100	6381	0.6697	-348.154
10497	74305	6382	0.852	-76.141
33644	42011	6384	0.7993	-14.016
52806	66689	6389	0.8161	18.010
62153	69981	6394	0.7264	-18.008
69981	74856	6394	0.7582	-0.001
69880	74856	6394	0.5532	1.003
16916	17700	6403	0.5961	-1.996
13745	38679	6429	0.7324	-45.706
38679	82113	6429	0.693	-242.514
80	82113	6429	0.6813	-288.500
80	56179	6429	0.6935	-113.188
34688	90731	6439	0.7343	-158.191
14614	34688	6439	0.6964	-166.117
34688	73042	6439	0.7293	-2.055
15801	22477	6440	0.6002	37.040
86431	95732	6443	0.5177	88.857
4116	75534	6445	0.5314	-442.501
12800	52632	6446	0.5326	-155.198
33315	105333	6448	0.6991	38.667
10097	21707	6450	0.6583	-40.954
40391	93072	6453	0.5766	-55.312
28805	29517	6461	0.5679	234.161
7009	22567	6476	0.7114	-88.104
17615	17684	6485	0.6451	28.025
17605	17615	6485	0.6016	78.007
49881	91049	6495	0.6211	-282.386
12001	48357	6499	0.64	-39.005
12001	23025	6499	0.7604	3.067
8199	12001	6499	0.7407	-129.061
12001	40829	6499	0.6809	-88.003
12001	65838	6499	0.6654	28.067
30367	96794	6509	0.7135	-141.206
30367	104139	6509	0.6822	-327.368
44747	49229	6510	0.6243	179.725
71865	86806	6512	0.8148	35.964
30854	71865	6512	0.7914	13.849
30854	56903	6512	0.7749	117.912
56486	85294	6520	0.7844	-29.130
62356	79116	6523	0.7406	-14.015
31634	34072	6529	0.6661	-282.148
3045	70734	6529	0.5068	-217.239
31634	70734	6529	0.5859	-112.063
43790	43851	6535	0.554	1.011
39143	51875	6538	0.6702	-217.178
14355	17456	6542	0.8488	0.001
15329	95644	6544	0.5162	-192.303
16900	20790	6545	0.7115	-266.969
15512	16900	6545	0.6699	115.124
63369	83082	6550	0.7411	-42.068
95785	100579	6556	0.9393	-30.047
95785	99465	6556	0.95	-16.031
96967	99465	6556	0.9418	-14.016
96967	100579	6556	0.9834	-28.031
79191	85994	6558	0.8649	18.012
33667	36515	6559	0.5366	122.028
30083	69142	6560	0.8449	-114.144
69142	102252	6560	0.7235	-18.176
4737	11133	6566	0.7628	-42.047
56710	65343	6572	0.515	127.016
11508	104577	6589	0.8009	-320.417
104577	104928	6589	0.793	5.029
33365	97371	6595	0.6275	107.616
20904	44872	6598	0.5341	15.921
54158	54332	6599	0.768	-56.064
68192	71996	6601	0.5079	95.054
3744	3867	6602	0.7997	0.000
69124	79302	6604	0.6035	-272.161
79302	79357	6604	0.6241	-0.993
69124	79357	6604	0.5264	-273.155
45282	73686	6615	0.531	-195.345
31316	36154	6617	0.582	20.911
16658	17768	6625	0.6472	43.100
64429	73568	6633	0.6069	246.111
61586	64429	6633	0.6402	-126.032
11264	31264	6635	0.5597	-140.984
107873	107907	6636	0.6007	-1.997
10543	37034	6637	0.7237	-208.144
10543	10831	6637	0.7066	36.018
10543	13129	6637	0.7154	-25.978
29263	29479	6651	0.5436	-41.018
14759	64472	6662	0.6693	-117.106
49982	50000	6682	0.5754	1.003
33678	50000	6682	0.7106	0.001
3315	11117	6692	0.5126	-0.000
3315	3453	6692	0.5647	0.000
64334	103824	6703	0.5385	-18.179
64334	65168	6703	0.5267	-112.098
82058	86947	6707	0.9466	0.000
81528	90241	6708	0.6672	132.152
24863	57614	6709	0.706	-0.000
67813	70133	6713	0.6538	-0.093
67813	72747	6713	0.621	-0.058
2064	20006	6719	0.6384	-104.239
52498	52876	6725	0.5557	0.989
52864	52897	6725	0.6786	-2.007
52498	52864	6725	0.6938	1.994
52498	52897	6725	0.7029	-0.013
52876	52897	6725	0.6506	-1.002
52864	52876	6725	0.7245	-1.005
13921	14633	6733	0.5268	1.001
1504	56040	6742	0.5455	-244.584
1504	13456	6742	0.521	92.650
56040	66458	6742	0.6255	220.173
8674	34013	6746	0.9212	-0.003
33475	36255	6748	0.8311	-0.000
33475	75142	6748	0.8633	-45.909
5660	5809	6749	0.6722	-125.999
28672	28860	6753	0.6944	1.005
28759	28938	6753	0.7103	1.004
28873	28938	6753	0.6405	1.996
28672	28938	6753	0.6039	-0.992
28759	28873	6753	0.5328	-0.992
28860	28938	6753	0.7427	-1.997
28672	28759	6753	0.667	-1.996
28759	28860	6753	0.5397	3.001
30468	44794	6754	0.6402	-18.008
44794	59908	6754	0.687	-5.077
23938	30029	6760	0.6876	83.055
10957	30029	6760	0.7002	-77.054
33322	43913	6769	0.642	-194.770
11166	13362	6773	0.6723	-0.000
13362	17790	6773	0.6327	28.979
3469	23579	6775	0.7315	-11.954
79633	82708	6784	0.5625	-172.279
80231	82708	6784	0.6197	-174.276
79633	80179	6784	0.6242	0.993
79633	80231	6784	0.7635	1.996
43823	51567	6784	0.6241	107.993
43823	80231	6784	0.5753	25.980
51412	51567	6784	0.5749	1.003
80179	80231	6784	0.5403	1.004
80167	80231	6784	0.5629	196.021
80167	82708	6784	0.6007	21.746
51169	82708	6784	0.6034	-78.176
56238	70818	6784	0.57	-20.986
56238	79633	6784	0.5225	31.104
23740	25524	6793	0.607	83.020
46910	100536	6796	0.7188	-359.459
64140	67947	6797	0.815	63.012
3897	19157	6801	0.681	-107.062
28644	53963	6810	0.7446	125.110
75552	101384	6810	0.6054	-123.254
53963	75552	6810	0.625	-160.147
5718	10959	6811	0.5036	26.065
3693	5330	6832	0.6856	-0.000
30786	31257	6851	0.5233	54.950
77537	97053	6861	0.6953	-32.135
99291	106379	6867	0.6178	-67.987
11908	29214	6868	0.6409	-106.973
12683	33825	6871	0.5645	-300.371
12683	13779	6871	0.5438	95.829
18368	31046	6872	0.6025	-209.024
27477	40213	6872	0.6201	207.895
14344	27477	6872	0.5828	-142.981
18142	27477	6872	0.6103	-224.915
27477	31046	6872	0.597	-175.069
3757	98181	6875	0.5687	-239.476
84759	86100	6885	0.5675	74.201
84759	88306	6885	0.7734	0.130
84759	85677	6885	0.7371	-0.872
85677	88306	6885	0.6991	1.002
62485	62585	6891	0.912	-0.038
36379	37210	6899	0.6167	64.116
51845	55210	6903	0.6235	2.992
50257	51922	6906	0.6515	-259.008
50257	53413	6906	0.6163	-101.766
7974	7976	6909	0.6156	-0.993
33482	34698	6921	0.8973	-0.037
71368	71379	6925	0.6868	0.994
71379	71380	6925	0.5826	-1.997
71368	71369	6925	0.8055	1.997
71369	71379	6925	0.7742	-1.004
71368	71380	6925	0.5764	-1.003
17275	57731	6928	0.6961	12.848
91175	91654	6930	0.5403	93.012
29758	29806	6932	0.8174	1.997
29758	52640	6932	0.7957	118.898
52911	76994	6935	0.6027	-62.072
39411	45731	6937	0.593	-0.002
73145	88735	6939	0.528	89.969
16913	18149	6945	0.6652	-4.857
66542	81872	6948	0.6304	18.959
27610	77698	6960	0.6873	-223.154
56721	57737	6961	0.9139	-0.060
56362	56721	6961	0.8639	14.071
31406	44358	6962	0.5237	47.934
6252	22528	6966	0.6944	-82.003
41297	60670	6973	0.6671	136.101
16627	33340	6973	0.6987	212.029
16627	60670	6973	0.6936	108.006
28934	33340	6973	0.6904	167.005
35798	56151	6974	0.5482	-193.968
85747	87288	6985	0.5162	-1.003
52356	59638	6988	0.6057	-63.033
54056	59638	6988	0.5517	-20.016
52356	54056	6988	0.6815	-43.017
13829	93818	6996	0.6707	-243.207
56434	86755	7001	0.6278	65.790
57036	85669	7005	0.7401	58.108
17544	27797	7010	0.7884	-14.016
12007	51277	7014	0.6443	-238.613
82538	85007	7045	0.5138	194.805
63117	63566	7052	0.6298	-47.017
23468	74756	7053	0.5915	-338.104
97797	99362	7069	0.5574	28.971
52615	81677	7070	0.5133	-343.365
49602	67908	7074	0.5551	-23.829
86201	89273	7076	0.875	-28.031
69928	72180	7078	0.6668	154.025
21758	96871	7080	0.5966	-178.059
54968	68358	7088	0.5071	-479.403
18283	54994	7092	0.6111	12.904
15501	90421	7099	0.6337	-81.135
91053	93686	7104	0.6259	258.053
18267	91053	7104	0.6008	-473.395
43555	91053	7104	0.5876	-473.345
15641	16092	7116	0.8054	-0.071
66369	69861	7120	0.8807	-0.000
66369	80000	7120	0.8675	-28.031
69861	80000	7120	0.8476	-28.031
76099	80000	7120	0.8078	-15.020
10443	13658	7121	0.6848	1.979
13658	21246	7121	0.6829	-68.978
10443	53685	7121	0.7289	-133.096
45253	82087	7130	0.5974	31.122
12271	18606	7152	0.6625	-129.819
6787	7800	7157	0.5724	16.006
4170	6477	7160	0.6018	-46.040
7367	16217	7168	0.7739	-194.094
16217	26573	7168	0.7356	-367.096
6140	85827	7173	0.7616	-385.555
6140	86153	7173	0.8474	-384.551
6141	86153	7173	0.796	-382.559
6141	85827	7173	0.7157	-383.562
6141	82716	7173	0.6949	-412.570
82716	85827	7173	0.8245	29.008
82716	86153	7173	0.8579	30.011
6140	82716	7173	0.7358	-414.562
6140	6141	7173	0.8261	-1.993
85827	86153	7173	0.9239	1.004
17739	92257	7177	0.572	-150.237
10240	55297	7179	0.5627	-262.138
34039	99471	7180	0.7134	-160.255
27468	35312	7181	0.6895	-230.225
16315	16510	7199	0.6532	0.995
63857	89088	7201	0.7048	-34.043
98984	104063	7211	0.5114	-5.938
52534	67418	7225	0.5964	-16.040
14704	46939	7227	0.6442	16.007
14704	33265	7227	0.6256	-41.998
49604	55497	7244	0.8462	180.115
12837	92853	7253	0.7118	-476.503
52815	75331	7262	0.6733	-332.093
26748	82364	7263	0.6349	-302.259
43117	57930	7271	0.5354	78.198
38988	57132	7280	0.5514	-417.031
10563	24836	7292	0.5123	-22.914
11401	20716	7296	0.6651	-48.954
25080	52295	7305	0.6219	-69.066
51669	52295	7305	0.6621	-1.003
4313	8776	7317	0.85	0.015
10451	60342	7321	0.5521	-263.207
5908	6174	7323	0.5749	-2.000
26568	89506	7332	0.5421	-194.413
5402	16245	7339	0.6415	5.870
5402	105970	7339	0.562	-273.437
24600	28658	7342	0.7315	-0.001
22610	24600	7342	0.772	0.000
33182	41461	7352	0.6705	-0.058
63171	68722	7353	0.9327	-26.052
68722	81991	7353	0.937	-0.000
16667	101503	7366	0.5525	-81.307
54627	55739	7372	0.7391	-0.998
37851	54627	7372	0.6837	-2.016
50915	54627	7372	0.7822	-14.020
12464	54627	7372	0.6336	15.959
43402	54627	7372	0.7005	2.013
37851	55739	7372	0.6239	-3.014
43402	55739	7372	0.6366	1.014
27293	61713	7379	0.6084	68.030
46315	68156	7384	0.5221	0.004
32710	33549	7388	0.5811	-141.167
15832	49419	7391	0.5077	38.902
14568	27795	7399	0.6814	8.153
3561	63438	7399	0.6722	-369.197
14568	63438	7399	0.7155	-320.141
88778	92993	7403	0.8818	-28.031
65262	74880	7405	0.7795	-28.031
46080	47168	7417	0.8717	-0.113
42515	43456	7421	0.7019	20.536
4715	5899	7430	0.8197	-0.001
86510	96740	7435	0.9215	-57.047
83799	86510	7435	0.9151	-30.041
94624	102045	7436	0.5744	-84.236
26312	28629	7446	0.6224	-0.028
52681	65217	7453	0.6618	-91.037
19239	40672	7459	0.6381	-95.945
15525	40672	7459	0.652	182.093
19239	81549	7459	0.5693	-178.168
13454	80397	7462	0.5927	-333.383
5855	19788	7475	0.7352	113.108
50668	103693	7475	0.7159	-380.402
50668	52121	7475	0.7858	-194.002
19788	50668	7475	0.7944	-45.155
54132	103693	7475	0.7074	-402.463
4497	41425	7481	0.6836	-306.220
4497	4632	7481	0.699	-8.966
4497	44123	7481	0.7251	-296.177
4632	64400	7481	0.6819	-386.215
4638	31915	7489	0.6913	-335.962
31915	35760	7489	0.7398	212.826
70552	70553	7498	0.6967	-1.997
7837	30676	7504	0.6438	-376.137
51798	93489	7513	0.5714	-83.217
35443	52485	7514	0.6365	-0.000
52485	57387	7514	0.6009	0.000
35443	57387	7514	0.5537	0.000
66410	92362	7516	0.8994	-75.091
8123	18217	7524	0.6976	-97.838
13573	23679	7526	0.7298	32.028
19650	73187	7527	0.7163	119.727
38414	41054	7532	0.7736	56.074
82719	96663	7535	0.5896	-211.093
19932	22840	7536	0.573	202.959
82076	82452	7539	0.5614	30.011
5758	9844	7550	0.6634	41.007
10707	66270	7569	0.6346	-257.225
34485	59139	7570	0.6469	239.089
20889	37529	7579	0.6718	112.013
32437	37529	7579	0.6896	-76.029
30826	31515	7581	0.6605	12.875
71253	92871	7589	0.8888	17.955
66931	68234	7603	0.6822	-38.993
15563	22945	7603	0.7277	47.012
24570	95679	7603	0.7231	-340.246
5811	68234	7603	0.7184	-18.037
24570	68234	7603	0.732	-53.897
33496	68234	7603	0.7324	78.158
22945	24570	7603	0.7244	6.840
80729	83720	7604	0.7873	1.004
6075	18524	7605	0.8736	0.000
85721	86361	7611	0.7417	-15.999
33664	62251	7613	0.6667	87.924
73683	75889	7617	0.6582	-0.071
49016	50694	7619	0.7719	-44.024
49016	50608	7619	0.6548	-1.978
10176	10642	7625	0.543	0.054
19241	71283	7635	0.506	17.897
31527	78879	7638	0.6135	-70.208
56853	61818	7645	0.8431	13.979
10626	13208	7646	0.7677	-7.920
51103	69500	7652	0.6699	-101.819
31583	82885	7656	0.5717	-172.198
56937	59781	7666	0.6529	-2.019
16611	42107	7690	0.6257	14.148
28453	67635	7703	0.514	-173.127
55509	69916	7707	0.6264	16.931
31781	99501	7709	0.5774	-122.393
56630	99501	7709	0.529	-2.366
66505	99501	7709	0.5501	82.878
63094	69089	7715	0.5728	14.971
32337	32339	7724	0.516	-1.998
42412	42477	7725	0.8242	-1.992
42412	42431	7725	0.6074	-1.002
42431	42477	7725	0.5185	-0.991
10786	34529	7732	0.626	-454.165
18988	51525	7734	0.5726	263.129
10294	55717	7735	0.5433	-60.904
92747	93212	7741	0.6741	-90.831
85626	89249	7755	0.9072	-14.016
3306	8310	7758	0.6674	-11.946
29610	81878	7760	0.5138	-283.261
13817	39466	7769	0.53	-142.155
39526	59937	7780	0.5776	57.035
40605	80156	7783	0.7213	-216.171
26353	40605	7783	0.7471	104.939
15702	29370	7799	0.6868	14.051
600	2527	7809	0.7638	-18.049
600	3084	7809	0.6971	-18.010
2527	3084	7809	0.7849	0.038
37598	52532	7815	0.5141	-15.484
12203	52532	7815	0.603	-74.158
36949	40857	7820	0.9176	-0.001
36790	40857	7820	0.8022	1.002
36790	37342	7820	0.5715	-0.989
35706	36949	7820	0.5047	-56.062
36949	37826	7820	0.7175	-1.999
36710	36790	7820	0.6204	1.994
37826	40857	7820	0.6944	1.999
35706	40857	7820	0.564	-56.063
37342	37826	7820	0.7799	-0.007
36949	37342	7820	0.7411	-1.992
36790	36949	7820	0.7383	1.003
37342	40857	7820	0.7114	1.991
36790	37826	7820	0.6619	-0.997
34103	35453	7834	0.6465	-10.136
35453	39924	7834	0.6243	-90.069
30995	39924	7834	0.6372	-130.101
40747	45455	7836	0.7042	-150.105
66317	92009	7853	0.5289	-62.055
39423	39470	7856	0.8613	-0.996
39162	41939	7856	0.6678	-29.015
39423	40101	7856	0.8048	-0.110
39162	39423	7856	0.6839	1.108
39470	40101	7856	0.8498	0.886
52626	63495	7867	0.7019	0.034
15533	15633	7874	0.8069	0.098
46914	56833	7875	0.7224	187.007
41360	46914	7875	0.6431	-289.077
31009	59335	7890	0.577	-14.022
15425	81298	7908	0.6823	-418.457
77632	81298	7908	0.6638	-416.331
88193	88448	7917	0.8727	0.033
64664	71282	7919	0.6308	0.023
43016	45738	7923	0.5796	301.134
60891	95563	7927	0.6291	-62.182
7308	32681	7935	0.5045	6.091
63554	63896	7938	0.5744	56.057
62799	63554	7938	0.689	1.008
100796	104374	7952	0.6137	105.728
79652	86598	7962	0.8376	-29.034
79652	85700	7962	0.8309	-28.032
12785	64222	7977	0.8085	-70.076
14213	55824	7979	0.6914	-214.940
17229	66754	7985	0.663	-40.106
99415	103943	7986	0.6277	133.107
14461	108204	7990	0.6852	-487.611
51828	61170	8016	0.5472	-9.954
50811	51828	8016	0.5666	191.170
51828	65120	8016	0.5548	-33.963
1527	65120	8016	0.569	-183.034
60780	91133	8019	0.5899	-46.006
49421	59642	8025	0.7327	14.013
34268	76443	8040	0.5738	-20.175
45312	101945	8052	0.7254	-36.130
11702	67334	8053	0.7333	139.936
834	104333	8062	0.6886	-194.007
29825	105527	8064	0.5363	-126.390
27211	99178	8065	0.5306	-45.149
92653	93740	8093	0.7034	-3.018
67798	92653	8093	0.7464	78.051
86357	92653	8093	0.7004	0.019
92653	95626	8093	0.707	-5.034
73111	81296	8096	0.6608	16.997
1666	4095	8100	0.5634	3.962
21582	31085	8112	0.5307	223.078
66383	68954	8114	0.7501	15.018
34361	73992	8117	0.5292	202.873
35895	46558	8119	0.5779	-86.964
24731	46558	8119	0.5689	58.297
25074	56418	8121	0.5034	-204.966
36832	77310	8128	0.5085	189.893
22476	97558	8140	0.7093	-270.328
50457	86735	8142	0.5014	-124.110
80607	86735	8142	0.5177	-0.021
44115	79003	8145	0.632	69.260
6914	11565	8157	0.804	-28.031
6914	7062	8157	0.6846	0.017
18024	19453	8159	0.6496	-0.102
27993	41609	8164	0.5691	303.150
29930	30112	8165	0.6768	9.985
14266	16940	8167	0.6723	1.942
9549	12143	8178	0.7484	-33.983
12036	12143	8178	0.6633	1.005
71900	75655	8179	0.829	1.992
37661	62771	8180	0.6603	-90.122
41504	62771	8180	0.6935	-97.136
38083	62771	8180	0.7204	-55.020
61687	61827	8201	0.7881	1.001
24879	61901	8202	0.5457	-47.105
26117	51465	8226	0.7499	-52.069
26117	47558	8226	0.7459	-28.069
12110	12120	8233	0.5707	-1.000
58526	62870	8250	0.8669	197.969
58071	62870	8250	0.8209	187.978
3636	3637	8256	0.6813	-3.994
3633	3636	8256	0.6618	1.998
72222	84415	8260	0.8939	-16.031
83826	84415	8260	0.8507	18.011
85331	85772	8262	0.5942	-2.040
42905	104812	8272	0.5706	-97.474
43533	56927	8291	0.5868	-2.014
53610	56927	8291	0.5942	-18.009
19191	33560	8296	0.5304	-167.126
52831	53669	8304	0.7804	0.499
52831	52832	8304	0.7564	-0.501
52832	53669	8304	0.7101	0.999
14698	38903	8316	0.5858	-30.141
63373	71623	8317	0.5396	-71.961
3668	13231	8337	0.629	-139.880
3657	13231	8337	0.6589	-139.971
13210	13231	8337	0.6308	0.993
3657	3668	8337	0.6417	-0.092
50116	50157	8340	0.7517	-1.998
27771	27907	8346	0.9035	0.073
88092	97821	8348	0.5934	28.998
91325	96247	8353	0.8686	16.054
69977	79561	8366	0.774	132.095
42564	44031	8376	0.6592	68.021
39798	44031	8376	0.6155	65.911
91697	96197	8401	0.6924	16.997
9825	38191	8421	0.7499	-106.250
9825	69235	8421	0.7382	-13.278
43179	97128	8450	0.5923	-250.708
12205	82615	8452	0.5494	-226.361
12834	28373	8466	0.647	-0.159
12807	12834	8466	0.6957	0.992
12834	13069	8466	0.6729	-64.949
16252	17892	8476	0.6024	44.930
16252	20978	8476	0.5707	-21.120
44333	92878	8477	0.7037	-265.301
11905	92878	8477	0.73	-324.264
68188	83009	8478	0.8254	-198.162
11947	12075	8490	0.6125	-134.071
54058	76180	8515	0.901	-15.056
16392	39412	8520	0.592	59.169
54011	55475	8521	0.8772	-0.037
18688	45268	8530	0.5033	44.048
1178	2348	8542	0.8255	0.048
3864	5520	8546	0.8319	-9.984
101692	104985	8560	0.5567	39.995
29828	30931	8561	0.7023	12.000
31697	55575	8568	0.5541	-40.068
75587	101329	8570	0.9297	-16.031
12766	15735	8594	0.5958	-15.998
12659	16533	8601	0.5526	29.819
65126	77016	8603	0.5657	-312.320
62301	65416	8605	0.665	-14.014
62301	62302	8605	0.6451	-1.997
68074	87515	8607	0.5202	291.854
32597	50351	8622	0.6051	-111.901
32597	34094	8622	0.6051	-5.895
14479	34094	8622	0.6648	-96.945
75283	75670	8630	0.7073	88.053
26599	44751	8637	0.7354	180.090
26599	38540	8637	0.6804	264.892
71543	77452	8645	0.7241	-107.162
33485	33987	8646	0.6353	230.153
14043	57179	8661	0.5897	-175.132
35459	87874	8661	0.5729	-452.331
14043	87874	8661	0.5797	-407.473
19747	21741	8677	0.6179	71.012
74902	96270	8690	0.7104	-152.336
63789	92905	8701	0.8295	-196.214
55250	92584	8702	0.6743	-171.350
1219	2013	8715	0.5463	-15.990
24599	83982	8721	0.658	-186.104
24599	28553	8721	0.6685	-41.013
54057	67229	8727	0.7399	-0.002
16338	76404	8736	0.6311	-122.169
10931	12240	8738	0.637	135.979
53207	74018	8748	0.7595	-68.065
41303	41611	8749	0.605	-0.999
60749	60750	8751	0.7206	-73.091
60745	60750	8751	0.7704	0.998
88621	93154	8753	0.6785	17.974
22766	23472	8760	0.6079	1.990
83445	86731	8763	0.6212	-16.887
30003	83445	8763	0.6454	-108.365
79345	83445	8763	0.6105	-148.152
79296	79297	8766	0.7498	-1.007
52988	55129	8768	0.7546	-1.003
46759	80243	8773	0.7589	-28.031
31467	31475	8785	0.6459	1.997
6811	96589	8789	0.722	-385.703
21504	21525	8797	0.7293	0.993
57859	70439	8804	0.9039	0.001
47550	57859	8804	0.8708	72.058
66188	82780	8813	0.5733	319.241
53596	96418	8833	0.9275	-134.109
61079	69651	8834	0.581	-130.069
23690	81222	8835	0.6273	399.114
70099	71377	8844	0.5301	1.003
6257	102971	8869	0.6603	-231.232
14910	20606	8896	0.7287	-0.053
92534	106347	8925	0.8219	-152.251
1562	2395	8951	0.6269	-102.966
11217	92725	8957	0.6604	-391.353
19867	92562	8992	0.6222	-217.211
90212	91077	8993	0.7554	30.009
88753	88754	9004	0.5802	-1.007
5588	30261	9024	0.6659	-141.203
51712	86362	9025	0.5849	107.970
51712	86391	9025	0.6277	106.967
86362	86391	9025	0.6734	-1.003
83932	101307	9033	0.6522	-186.177
58284	60175	9035	0.6859	-1.995
43012	44158	9040	0.5581	-44.026
22578	25156	9061	0.648	0.122
33319	94178	9064	0.6743	6.641
4939	64470	9077	0.74	-168.167
5567	7464	9105	0.8282	0.000
6291	7464	9105	0.9326	0.000
5567	6291	9105	0.8093	0.000
24308	105160	9107	0.6989	-473.212
4299	105160	9107	0.6851	-468.349
64683	99361	9116	0.517	-134.209
14020	58797	9123	0.6117	-158.168
57482	58797	9123	0.5831	6.787
53455	58797	9123	0.6049	125.996
40433	53302	9126	0.6621	148.240
97461	101381	9128	0.723	-214.192
23603	27248	9155	0.6037	-224.143
15578	55849	9187	0.6848	0.001
15573	55849	9187	0.6669	1.997
15573	15578	9187	0.8198	1.996
5484	16513	9189	0.6851	-31.972
3768	3770	9192	0.6975	1.997
20329	91890	9199	0.5445	66.132
855	95862	9210	0.5419	122.753
53477	95862	9210	0.5521	212.059
35711	102452	9235	0.6283	-112.269
101838	105476	9239	0.5806	-72.057
9741	10186	9241	0.9581	0.013
14485	20763	9242	0.6504	-47.003
18286	28526	9304	0.7049	-0.000
9951	64433	9310	0.6836	-199.125
21763	98401	9312	0.6619	-161.273
83447	89785	9315	0.5055	157.832
12317	21399	9337	0.8134	0.000
30050	32952	9350	0.5363	109.129
69473	69774	9354	0.9148	1.005
65721	66963	9374	0.5876	258.640
24664	25302	9377	0.6464	7.963
73870	86018	9391	0.6924	73.868
44171	73870	9391	0.6642	-139.140
44171	86018	9391	0.702	-65.272
24501	95237	9436	0.6048	-103.209
6765	23470	9468	0.6809	-47.018
55353	56882	9476	0.7008	0.017
30140	63252	9481	0.551	-104.150
28733	30177	9485	0.6885	0.999
29151	30177	9485	0.7028	-1.000
28733	29151	9485	0.7932	1.999
46476	46501	9489	0.6583	1.997
40083	40922	9498	0.6603	56.064
30312	30329	9510	0.5252	-1.997
28961	48213	9511	0.7228	222.860
92618	96226	9517	0.68	23.052
19604	20649	9525	0.7012	87.103
57059	60700	9536	0.5984	-59.997
21840	25900	9541	0.7455	26.074
22859	24747	9550	0.7172	-159.943
71538	77926	9589	0.9172	-107.966
75976	77520	9593	0.6583	-20.086
42927	50589	9595	0.5463	0.998
42098	90884	9605	0.723	-15.007
42098	43527	9605	0.7816	-1.008
42098	52181	9605	0.7639	-0.994
75516	90884	9605	0.7264	75.038
69275	69921	9627	0.7781	-0.032
56901	64554	9635	0.6636	51.922
71457	78990	9658	0.5918	121.099
57630	88098	9663	0.7373	-280.451
13820	19275	9673	0.7078	-22.923
47867	51570	9684	0.6521	-0.001
13494	31904	9690	0.6111	-10.021
74956	94202	9692	0.6106	-79.099
50790	94202	9692	0.6048	-123.276
9467	78597	9706	0.5301	-491.451
37568	76261	9710	0.6608	-211.397
56420	72199	9715	0.6225	99.922
24864	25164	9756	0.6842	0.093
39251	41254	9760	0.5625	0.997
5074	7669	9769	0.7649	1.979
7669	7678	9769	0.8593	0.036
15097	16314	9781	0.5792	218.048
21078	40279	9801	0.6667	133.065
13111	38205	9807	0.6325	-4.920
12214	27626	9815	0.6593	-237.141
8138	82623	9820	0.7136	-337.924
88064	88068	9850	0.7369	1.003
4571	40526	9858	0.6955	-84.073
4571	24478	9858	0.6826	-66.914
59506	81817	9865	0.9021	-87.990
10919	20782	9876	0.6825	0.908
1354	7763	9894	0.6915	129.992
42280	62056	9901	0.7078	-258.043
1278	32230	9911	0.7308	35.483
14567	20909	9915	0.8614	0.000
60329	68486	9937	0.6432	43.022
18823	23827	9938	0.6627	-35.965
76861	83225	9952	0.8867	31.932
45118	80651	9964	0.6693	125.602
70243	94842	9974	0.6954	-46.099
21765	70243	9974	0.5688	-108.298
30565	30861	9984	0.6378	1.002
29123	89759	9988	0.6818	-176.156
69080	72859	9989	0.7235	-30.976
47337	58234	9999	0.6473	-315.208
58234	84096	9999	0.661	118.857
14571	49678	10004	0.6105	-37.955
14571	45435	10004	0.6196	-472.248
47327	48363	10023	0.6735	2.016
84471	88542	10024	0.8701	1.004
37438	46690	10027	0.6687	-31.013
2224	98891	10029	0.602	98.055
41150	71378	10039	0.5972	-209.005
65665	72549	10075	0.7689	-0.001
36193	69631	10088	0.645	4.041
15011	18589	10092	0.7783	-0.001
15104	56264	10177	0.5749	-238.101
30851	31345	10208	0.6106	458.091
21664	90286	10213	0.625	-242.223
37816	90476	10231	0.6968	-176.433
8301	85346	10257	0.7215	-215.213
20512	42949	10277	0.8201	1.995
3778	23068	10282	0.6408	-8.941
70994	93590	10304	0.6621	43.954
72184	81434	10332	0.5748	-139.187
57320	57761	10337	0.6828	-0.994
29518	39725	10341	0.636	-84.032
102730	106310	10362	0.6902	-182.070
106618	108885	10368	0.9627	0.000
27420	28627	10383	0.6349	0.109
22953	38948	10399	0.6463	46.844
22341	35138	10410	0.8927	-206.058
75260	78828	10417	0.8192	1.003
22625	48115	10423	0.7054	-192.042
22625	34436	10423	0.6855	-192.044
45915	47723	10442	0.5915	-1.003
17064	47723	10442	0.5644	-52.985
65869	68468	10473	0.8955	20.025
49073	68468	10473	0.8542	-0.001
32309	32444	10478	0.6855	50.888
43577	103114	10503	0.6626	-90.266
27596	73219	10524	0.6462	138.185
11040	34506	10525	0.6408	-51.092
39562	105819	10544	0.7145	-216.350
21805	24287	10556	0.6675	124.992
32117	34869	10557	0.5749	-102.105
53072	62778	10560	0.6462	-68.055
28231	78689	10566	0.5372	-120.131
10041	20230	10574	0.8286	-0.999
20230	46336	10574	0.8608	0.999
20267	46336	10574	0.9824	-0.000
20230	20267	10574	0.8769	0.999
10041	46336	10574	0.8491	-0.000
10041	20267	10574	0.8664	-0.000
17364	46988	10604	0.7123	-99.134
33649	59044	10610	0.5832	-162.207
75316	75497	10662	0.5104	18.011
102552	102679	10676	0.6914	1.004
16361	16929	10683	0.5676	-5.032
27105	95321	10702	0.5234	-399.348
47308	54464	10723	0.5449	-0.071
49655	54464	10723	0.6503	0.000
20206	23775	10727	0.7584	-132.044
9706	9902	10772	0.7972	-1.995
75135	81423	10781	0.884	0.000
31195	31454	10786	0.6613	1.995
19871	41777	10811	0.5184	-257.145
6412	96834	10836	0.6085	-432.467
46796	49274	10857	0.8985	1.998
9265	46262	10857	0.6132	-1.005
46262	49274	10857	0.5854	1.008
46262	46796	10857	0.5566	-0.990
9265	46796	10857	0.5073	-1.995
22835	23247	10878	0.6623	-39.841
16221	91455	10884	0.6887	-170.261
54576	57369	10923	0.6849	16.022
79073	84273	10930	0.6465	-28.034
56698	70214	10934	0.6414	-60.043
40231	42038	10943	0.5867	-1.007
65131	86720	10974	0.5511	-236.193
8038	15300	11023	0.5438	0.005
72340	92734	11042	0.6216	-317.669
34653	72340	11042	0.6111	6.929
8370	61738	11054	0.6885	-52.104
11486	38374	11071	0.64	-319.121
26484	29706	11076	0.5492	-61.023
26108	31975	11119	0.7762	-92.100
62879	87968	11138	0.6815	51.807
42623	69502	11158	0.6854	37.944
29913	42623	11158	0.6808	13.905
43598	50167	11161	0.6079	-14.014
73927	82617	11213	0.7083	-83.906
31180	62316	11242	0.5118	70.970
9222	25659	11249	0.637	-42.993
3965	4511	11278	0.7137	0.001
68093	69029	11302	0.6151	-1.002
44249	48457	11351	0.5288	0.000
70762	73822	11388	0.6122	1.012
89158	96767	11396	0.6238	-39.972
72442	81155	11408	0.8542	-168.048
66510	81155	11408	0.8432	31.970
42268	103634	11413	0.5858	-392.475
39790	65732	11430	0.5217	-136.091
77278	89765	11434	0.5726	-56.042
64852	76999	11440	0.7202	18.011
107822	108597	11455	0.8315	32.035
27095	29785	11461	0.6196	-5.046
23062	36400	11467	0.6189	-223.025
34836	88897	11469	0.7127	-258.067
11898	14604	11482	0.6318	258.146
21192	22778	11512	0.6804	-0.001
47256	83496	11547	0.9023	-32.024
83162	84596	11559	0.7278	1.003
33848	44602	11563	0.6894	309.838
62557	75582	11577	0.5468	61.981
13531	65921	11600	0.5617	-155.234
65930	66676	11628	0.6283	90.163
76632	77062	11656	0.742	0.996
77062	81580	11656	0.861	-14.015
15526	65371	11680	0.5834	-53.806
35645	44255	11728	0.606	-73.032
28710	95113	11740	0.5409	-330.393
30636	31918	11761	0.6858	-206.812
27956	31999	11763	0.6923	212.807
32357	54652	11790	0.5654	-27.005
2656	103617	11792	0.678	-258.426
55733	58885	11795	0.5902	-0.019
6969	6986	11815	0.686	-0.047
64117	65644	11819	0.6981	14.074
55246	64117	11819	0.7149	-6.086
10816	15601	11848	0.5401	-14.016
15601	16917	11848	0.5462	-72.021
10816	16917	11848	0.5144	-86.037
39331	43166	11857	0.6825	239.210
41167	43166	11857	0.6202	145.073
51498	71287	11884	0.6017	-42.996
40444	41907	11890	0.8129	-2.000
64083	103722	11918	0.6271	-48.894
69670	91723	11944	0.8864	-84.244
69670	84576	11944	0.8984	-159.284
84576	91723	11944	0.8887	75.040
8210	8682	11956	0.7754	-13.986
15174	62779	11970	0.7327	82.972
40670	79878	11972	0.7166	168.718
36813	50910	11999	0.832	18.010
90061	99370	12096	0.6828	29.934
77545	79940	12097	0.696	-26.016
75709	79940	12097	0.6759	-33.967
26808	64807	12111	0.7929	24.000
48059	79002	12141	0.5873	-315.875
13552	43966	12148	0.6299	127.974
107874	108194	12153	0.9492	-0.079
76571	89380	12165	0.884	0.000
32123	47115	12189	0.6777	0.002
32123	40448	12189	0.6484	-0.034
15441	57078	12233	0.5426	15.957
73876	77571	12235	0.5825	-0.001
30789	77571	12235	0.5177	-100.034
5679	30413	12291	0.5672	-115.918
81411	85854	12302	0.7797	1.941
21289	22210	12337	0.5359	1.009
68713	68866	12371	0.5507	1.003
58117	63259	12397	0.7222	188.985
31409	98888	12399	0.6312	267.817
49246	73369	12418	0.784	-147.644
51791	57038	12591	0.6015	41.054
8350	70372	12678	0.5314	-227.135
69264	97018	12736	0.5773	-113.239
46138	58916	12772	0.5422	-14.013
13547	33723	12774	0.6189	-13.009
9045	31626	12848	0.7241	-32.026
5169	24154	12853	0.6707	-82.950
45749	51793	12874	0.6532	-17.027
41383	61550	12876	0.8473	-1.001
67832	75622	12892	0.8346	-70.958
2510	2532	12922	0.8215	18.010
51175	95852	12948	0.6843	60.896
83569	104148	12980	0.6552	42.941
22841	56295	12981	0.8557	0.000
63535	73788	13149	0.7974	43.990
19523	100169	13260	0.5698	-59.398
90554	94836	13284	0.7307	-14.019
22743	48023	13302	0.9614	0.000
13673	46509	13461	0.5598	-0.000
64855	67192	13566	0.7306	-15.995
44258	70031	13621	0.6569	-187.006
6804	93543	13631	0.6979	-98.287
58532	81249	13676	0.6054	31.043
41719	63265	13762	0.5603	-110.037
80244	91883	13798	0.6825	-141.041
