uid,cluster index,Identifier,InChI,InChIKey,InChIKey1,Score,Score_Clean,MetFragScoreRaw,score_source,score_norm,BaseIdentifier,mNAP_score,mNAP_reachable,mNAP_score_norm,mNAP_rank,MetFrag_rank
88874_14637316,88874,14637316,"InChI=1S/C33H45O4P/c1-22-13-16-28(25(19-22)31(4,5)6)35-38(34,36-29-17-14-23(2)20-26(29)32(7,8)9)37-30-18-15-24(3)21-27(30)33(10,11)12/h13-21H,1-12H3",KNZMCZBALCXBTN-UHFFFAOYSA-N,KNZMCZBALCXBTN,0.209744957658192,0.209744957658192,0.209744957658192,Score column,0.209744957658192,0,0.006676843448415559,True,1.0,1.0,223.0
88874_141124854,88874,141124854,"InChI=1S/C33H45O4P/c1-22-19-25(31(4,5)6)13-16-28(22)35-38(34,36-29-17-14-26(20-23(29)2)32(7,8)9)37-30-18-15-27(21-24(30)3)33(10,11)12/h13-21H,1-12H3",NGASABBDYZJAFR-UHFFFAOYSA-N,NGASABBDYZJAFR,0.209744957658192,0.209744957658192,0.209744957658192,Score column,0.209744957658192,0,0.00556899825985793,True,0.8340765067929629,2.0,223.0
88874_53874862,88874,53874862,"InChI=1S/C31H44F3O2P/c1-18-21-14-19(27(2,3)4)16-23(29(8,9)10)25(21)35-37(31(32,33)34)36-26-22(18)15-20(28(5,6)7)17-24(26)30(11,12)13/h14-18H,1-13H3",HFRSMQAJROIRTK-UHFFFAOYSA-N,HFRSMQAJROIRTK,0.5710931552004871,0.5710931552004871,0.5710931552004871,Score column,0.5710931552004871,0,0.003139152307725773,True,0.4701551462121979,3.0,36.0
88874_19889110,88874,19889110,"InChI=1S/C31H44F3O2P/c1-27(2,3)21-15-19-13-14-20-16-22(28(4,5)6)18-24(30(10,11)12)26(20)36-37(31(32,33)34)35-25(19)23(17-21)29(7,8)9/h15-18H,13-14H2,1-12H3",VOBPBAWQJWVBST-UHFFFAOYSA-N,VOBPBAWQJWVBST,0.5005058313988365,0.5005058313988365,0.5005058313988365,Score column,0.5005058313988365,0,0.0030511392212162073,True,0.4569733055430938,4.0,41.0
88874_163207196,88874,163207196,"InChI=1S/C33H45O4P/c1-31(2,3)25-19-22(35-10)13-16-28(25)38(34,29-17-14-23(36-11)20-26(29)32(4,5)6)30-18-15-24(37-12)21-27(30)33(7,8)9/h13-21H,1-12H3",YJDFZNHEJGWEQK-UHFFFAOYSA-N,YJDFZNHEJGWEQK,0.209744957658192,0.209744957658192,0.209744957658192,Score column,0.209744957658192,0,0.002406744126427961,True,0.36046136846283117,5.0,223.0
88874_67162053,88874,67162053,"InChI=1S/C33H45O4P/c1-10-31(4,5)25-16-13-19-28(22-25)35-38(34,36-29-20-14-17-26(23-29)32(6,7)11-2)37-30-21-15-18-27(24-30)33(8,9)12-3/h13-24H,10-12H2,1-9H3",QMLVQVSFEUCAKE-UHFFFAOYSA-N,QMLVQVSFEUCAKE,0.2897870513106157,0.2897870513106157,0.2897870513106157,Score column,0.2897870513106157,0,0.0019433816210565394,True,0.2910629305705395,6.0,145.0
88874_26168933,88874,26168933,"InChI=1S/C35H40N2O3/c1-8-37(30-15-11-13-24-12-9-10-14-28(24)30)33(39)25-16-19-27(20-17-25)36-32(38)23-40-31-21-18-26(34(2,3)4)22-29(31)35(5,6)7/h9-22H,8,23H2,1-7H3,(H,36,38)",JWQWKXARRNUZJY-UHFFFAOYSA-N,JWQWKXARRNUZJY,0.2700154324413722,0.2700154324413722,0.2700154324413722,Score column,0.2700154324413722,0,0.0019222503323227387,True,0.28789806847708793,7.0,169.0
88874_20334727,88874,20334727,"InChI=1S/C33H45O4P/c1-10-31(4,5)25-13-19-28(20-14-25)35-38(34,36-29-21-15-26(16-22-29)32(6,7)11-2)37-30-23-17-27(18-24-30)33(8,9)12-3/h13-24H,10-12H2,1-9H3",SDMDPAOYXMFTAW-UHFFFAOYSA-N,SDMDPAOYXMFTAW,0.2897870513106157,0.2897870513106157,0.2897870513106157,Score column,0.2897870513106157,0,0.0017719852105017172,True,0.26539265510594173,8.0,145.0
88874_102496673,88874,102496673,"InChI=1S/C35H40N2O3/c1-33(2,3)24-15-19-26(20-16-24)39-29-13-11-14-30(40-27-21-17-25(18-22-27)34(4,5)6)31(29)35(7,8)37-32(38)28-12-9-10-23-36-28/h9-23H,1-8H3,(H,37,38)",SZGAYWSXDLUMFF-UHFFFAOYSA-N,SZGAYWSXDLUMFF,0.2320307688981661,0.2320307688981661,0.2320307688981661,Score column,0.2320307688981661,0,0.0017694183061339023,True,0.26500820631848004,9.0,210.0
88874_140023566,88874,140023566,"InChI=1S/C33H45O4P/c1-22-16-23(2)31(24(3)17-22)38(29-18-25(32(4,5)6)12-14-27(29)36-20-34-10)30-19-26(33(7,8)9)13-15-28(30)37-21-35-11/h12-19H,20-21H2,1-11H3",NVMRHBHRJPEOFY-UHFFFAOYSA-N,NVMRHBHRJPEOFY,0.209744957658192,0.209744957658192,0.209744957658192,Score column,0.209744957658192,0,0.0017404541644663557,True,0.26067020709904054,10.0,223.0
88874_139945099,88874,139945099,"InChI=1S/C32H44N2O3S/c1-29(2,3)20-13-18(14-21(25(20)35)30(4,5)6)24-17-38-28(33-24)34-27(37)19-15-22(31(7,8)9)26(36)23(16-19)32(10,11)12/h13-17,35-36H,1-12H3,(H,33,34,37)",WGQUEYFGWZCIDG-UHFFFAOYSA-N,WGQUEYFGWZCIDG,0.2639509494973818,0.2639509494973818,0.2639509494973818,Score column,0.2639509494973818,0,0.0016131915591163634,True,0.24160991216578248,11.0,176.0
88874_9621132,88874,9621132,"InChI=1S/C35H40N2O3/c1-34(2,3)29-20-24(21-30(33(29)39)35(4,5)6)18-19-32(38)37-36-22-26-13-8-10-17-31(26)40-23-27-15-11-14-25-12-7-9-16-28(25)27/h7-17,20-22,39H,18-19,23H2,1-6H3,(H,37,38)/b36-22+",MMRVSBHFAHNBFQ-HPNXWYHWSA-N,MMRVSBHFAHNBFQ,0.2340016049843106,0.2340016049843106,0.2340016049843106,Score column,0.2340016049843106,0,0.0014580100072419256,True,0.21836815832306464,12.0,208.0
88874_9937022,88874,9937022,"InChI=1S/C32H44N2O3S/c1-29(2,3)19-13-17(14-20(24(19)35)30(4,5)6)23(26-27(37)34-28(33)38-26)18-15-21(31(7,8)9)25(36)22(16-18)32(10,11)12/h13-16,35-36H,1-12H3,(H2,33,34,37)",NJPPCZHEWFBXMG-UHFFFAOYSA-N,NJPPCZHEWFBXMG,0.2312066210349753,0.2312066210349753,0.2312066210349753,Score column,0.2312066210349753,0,0.0014515799468918832,True,0.21740511936615028,13.0,212.0
88874_9620949,88874,9620949,"InChI=1S/C35H40N2O3/c1-34(2,3)29-20-25(21-30(33(29)39)35(4,5)6)16-19-32(38)37-36-22-28-27-15-11-10-14-26(27)17-18-31(28)40-23-24-12-8-7-9-13-24/h7-15,17-18,20-22,39H,16,19,23H2,1-6H3,(H,37,38)/b36-22+",RSJJVSLIFQZDDJ-HPNXWYHWSA-N,RSJJVSLIFQZDDJ,0.2295486142955565,0.2295486142955565,0.2295486142955565,Score column,0.2295486142955565,0,0.001445576960293429,True,0.21650604383070718,14.0,214.0
88874_10347119,88874,10347119,"InChI=1S/C35H40N2O3/c1-10-17-40-26-15-16-30-27(20-26)31(25-13-11-24(12-14-25)22(2)3)36-33(39)37(30)21-23-18-28(34(4,5)6)32(38)29(19-23)35(7,8)9/h1,11-16,18-20,22,38H,17,21H2,2-9H3",IGAUNRUWFHIZSB-UHFFFAOYSA-N,IGAUNRUWFHIZSB,0.3020061368727099,0.3020061368727099,0.3020061368727099,Score column,0.3020061368727099,0,0.0014229145159513,True,0.2131118584619448,15.0,131.0
88874_140023343,88874,140023343,"InChI=1S/C33H45O4P/c1-22-18-23(2)31(24(3)19-22)38(27-16-12-14-25(32(4,5)6)29(27)36-20-34-10)28-17-13-15-26(33(7,8)9)30(28)37-21-35-11/h12-19H,20-21H2,1-11H3",WJFRYRPWEWINSF-UHFFFAOYSA-N,WJFRYRPWEWINSF,0.209744957658192,0.209744957658192,0.209744957658192,Score column,0.209744957658192,0,0.001393142191350235,True,0.20865281657619708,16.0,223.0
88874_140023522,88874,140023522,"InChI=1S/C33H45O4P/c1-23-16-26(32(3,4)5)18-28(30(23)36-21-34-9)38(20-25-14-12-11-13-15-25)29-19-27(33(6,7)8)17-24(2)31(29)37-22-35-10/h11-19H,20-22H2,1-10H3",MUDDUXNDXZNLOP-UHFFFAOYSA-N,MUDDUXNDXZNLOP,0.209744957658192,0.209744957658192,0.209744957658192,Score column,0.209744957658192,0,0.001384560115565011,True,0.20736746731624695,17.0,223.0
88874_140023526,88874,140023526,"InChI=1S/C33H45O4P/c1-23-16-26(32(3,4)5)30(36-21-34-9)28(18-23)38(20-25-14-12-11-13-15-25)29-19-24(2)17-27(33(6,7)8)31(29)37-22-35-10/h11-19H,20-22H2,1-10H3",SBBOIRLQKGXDRN-UHFFFAOYSA-N,SBBOIRLQKGXDRN,0.209744957658192,0.209744957658192,0.209744957658192,Score column,0.209744957658192,0,0.001383002109674859,True,0.20713412263740447,18.0,223.0
88874_19859248,88874,19859248,"InChI=1S/C32H41FN2O4/c1-4-6-7-8-9-10-11-12-19-37-27-17-18-28(29(33)20-27)32(36)39-31-22-34-30(21-35-31)25-13-15-26(16-14-25)38-23-24(3)5-2/h13-18,20-22,24H,4-12,19,23H2,1-3H3",VJFKABLVEFXQOI-UHFFFAOYSA-N,VJFKABLVEFXQOI,0.9650711117662084,0.9650711117662084,0.9650711117662084,Score column,0.9650711117662084,0,0.0013585625068987962,True,0.2034737698127681,19.0,2.0
88874_101055796,88874,101055796,"InChI=1S/C35H40N2O3/c1-3-4-5-6-7-8-9-10-13-24-39-33-21-17-29(18-22-33)35(38)40-34-23-20-31(25-27(34)2)36-37-32-19-16-28-14-11-12-15-30(28)26-32/h11-12,14-23,25-26H,3-10,13,24H2,1-2H3",VMEGQNXMDPDLON-UHFFFAOYSA-N,VMEGQNXMDPDLON,0.6903680945252255,0.6903680945252255,0.6903680945252255,Score column,0.6903680945252255,0,0.001357112227101605,True,0.20325655941860568,20.0,29.0
88874_125770230,88874,125770230,"InChI=1S/C35H40N2O3/c1-34(2,3)30-20-25(21-31(33(30)39)35(4,5)6)16-19-32(38)37-36-22-24-14-17-28(18-15-24)40-23-27-12-9-11-26-10-7-8-13-29(26)27/h7-15,17-18,20-22,39H,16,19,23H2,1-6H3,(H,37,38)/b36-22-",KXMMKKMIBCBWBH-ICUTVXMZSA-N,KXMMKKMIBCBWBH,0.2340016049843106,0.2340016049843106,0.2340016049843106,Score column,0.2340016049843106,0,0.0013507758542620168,True,0.20230755216861662,21.0,208.0
88874_125764001,88874,125764001,"InChI=1S/C35H40N2O3/c1-34(2,3)30-20-24(21-31(33(30)39)35(4,5)6)17-18-32(38)37-36-22-25-11-9-15-28(19-25)40-23-27-14-10-13-26-12-7-8-16-29(26)27/h7-16,19-22,39H,17-18,23H2,1-6H3,(H,37,38)/b36-22-",YFBSPXWEJVKHDI-ICUTVXMZSA-N,YFBSPXWEJVKHDI,0.2340016049843106,0.2340016049843106,0.2340016049843106,Score column,0.2340016049843106,0,0.0013427702700080954,True,0.20110854483591944,22.0,208.0
88874_101055780,88874,101055780,"InChI=1S/C35H40N2O3/c1-3-4-5-6-7-8-9-10-13-24-39-32-20-17-29(18-21-32)35(38)40-33-22-23-34(27(2)25-33)37-36-31-19-16-28-14-11-12-15-30(28)26-31/h11-12,14-23,25-26H,3-10,13,24H2,1-2H3",ARCJBDFFEZRABG-UHFFFAOYSA-N,ARCJBDFFEZRABG,0.6903680945252255,0.6903680945252255,0.6903680945252255,Score column,0.6903680945252255,0,0.0012766870239331591,True,0.19121116644364666,23.0,29.0
88874_68665255,88874,68665255,"InChI=1S/C33H37FN6/c1-22-11-14-27(16-26(22)19-35)37-31-36-20-29(34)30(38-31)40(28-17-32(2,3)39(6)33(4,5)18-28)21-23-12-13-24-9-7-8-10-25(24)15-23/h7-16,20,28H,17-18,21H2,1-6H3,(H,36,37,38)",MGFRPZCZWFKUTB-UHFFFAOYSA-N,MGFRPZCZWFKUTB,0.6393621241036551,0.6393621241036551,0.6393621241036551,Score column,0.6393621241036551,0,0.0012721558762322925,True,0.1905325302383988,24.0,32.0
88874_158412227,88874,158412227,"InChI=1S/C35H40N2O3/c1-3-4-5-6-7-8-9-12-19-40-31-18-17-30(35(39)23-31)25-37-33-22-28-14-11-10-13-27(28)21-32(33)36-24-29-16-15-26(2)20-34(29)38/h10-11,13-18,20-25,38-39H,3-9,12,19H2,1-2H3",KULYESNDYRKKGC-UHFFFAOYSA-N,KULYESNDYRKKGC,0.7207602640454535,0.7207602640454535,0.7207602640454535,Score column,0.7207602640454535,0,0.001227015790667601,True,0.18377183771753353,25.0,25.0
88874_141261573,88874,141261573,"InChI=1S/C33H45O4P/c1-19(2)28-13-16-31(25(10)22(28)7)35-38(34,36-32-17-14-29(20(3)4)23(8)26(32)11)37-33-18-15-30(21(5)6)24(9)27(33)12/h13-21H,1-12H3",MSPVIAQWTRWYLZ-UHFFFAOYSA-N,MSPVIAQWTRWYLZ,0.1665541754360965,0.1665541754360965,0.1665541754360965,Score column,0.1665541754360965,0,0.0011533926390275922,True,0.17274519732843172,26.0,237.0
88874_172063959,88874,172063959,"InChI=1S/C38H38N3/c1-24(2)28-17-18-31-32-23-27(40-33-14-10-8-12-29(33)30-13-9-11-15-34(30)40)16-19-35(32)41(37(31)25(28)3)36-22-26(38(4,5)6)20-21-39(36)7/h8-24H,1-7H3/q+1",NPXYHALCOYYTJC-UHFFFAOYSA-N,NPXYHALCOYYTJC,0.2638012127995967,0.2638012127995967,0.2638012127995967,Score column,0.2638012127995967,0,0.0011200094421783804,True,0.16774535015407063,27.0,177.0
88874_87324834,88874,87324834,"InChI=1S/C32H41FN2O4/c1-20(2)19-35(3)14-15-39-28-13-10-21(17-26(28)33)16-25-24(18-29(37-4)32(38-5)31(25)34)30-23-9-7-6-8-22(23)11-12-27(30)36/h10-13,17-18,20,36H,6-9,14-16,19,34H2,1-5H3",LYXBZPHUJSXSFU-UHFFFAOYSA-N,LYXBZPHUJSXSFU,0.6031417965658951,0.6031417965658951,0.6031417965658951,Score column,0.6031417965658951,0,0.0010913613105613589,True,0.16345468019327952,28.0,34.0
88874_172063878,88874,172063878,"InChI=1S/C38H38N3/c1-24(2)28-18-19-32-31-17-16-27(40-33-14-10-8-12-29(33)30-13-9-11-15-34(30)40)23-35(31)41(37(32)25(28)3)36-22-26(38(4,5)6)20-21-39(36)7/h8-24H,1-7H3/q+1",ZNYCGLIXDNYLGF-UHFFFAOYSA-N,ZNYCGLIXDNYLGF,0.2638012127995967,0.2638012127995967,0.2638012127995967,Score column,0.2638012127995967,0,0.0010813431022726225,True,0.16195423939874304,29.0,177.0
88874_172063846,88874,172063846,"InChI=1S/C38H38N3/c1-24(2)30-23-34(40-31-17-11-8-14-27(31)28-15-9-12-18-32(28)40)36-29-16-10-13-19-33(29)41(37(36)25(30)3)35-22-26(38(4,5)6)20-21-39(35)7/h8-24H,1-7H3/q+1",JOOXXCPLSHUGEP-UHFFFAOYSA-N,JOOXXCPLSHUGEP,0.2625235578007036,0.2625235578007036,0.2625235578007036,Score column,0.2625235578007036,0,0.0010791830382102581,True,0.16163072364177603,30.0,179.0
88874_172063830,88874,172063830,"InChI=1S/C38H38N3/c1-24(2)36-25(3)37-30(23-34(36)40-31-17-11-8-14-27(31)28-15-9-12-18-32(28)40)29-16-10-13-19-33(29)41(37)35-22-26(38(4,5)6)20-21-39(35)7/h8-24H,1-7H3/q+1",QPYHXQAMLXPATO-UHFFFAOYSA-N,QPYHXQAMLXPATO,0.2625235578007036,0.2625235578007036,0.2625235578007036,Score column,0.2625235578007036,0,0.001078860288000003,True,0.16158238490016127,31.0,179.0
88874_59138133,88874,59138133,"InChI=1S/C32H41FN2O4/c1-5-7-11-28-34-32(18-9-8-10-19-32)31(37)35(28)21-23-12-14-24(15-13-23)26-20-25(16-17-27(26)33)39-29(22(3)4)30(36)38-6-2/h12-17,20,22,29H,5-11,18-19,21H2,1-4H3",YOQRKLJLEVGENF-UHFFFAOYSA-N,YOQRKLJLEVGENF,0.6776115863739545,0.6776115863739545,0.6776115863739545,Score column,0.6776115863739545,0,0.0010783043896362822,True,0.16149912723985885,32.0,30.0
88874_87324835,88874,87324835,"InChI=1S/C32H41FN2O4/c1-20(2)19-35(3)14-15-39-28-13-10-21(17-26(28)33)16-25-31(34)24(18-29(37-4)32(25)38-5)30-23-9-7-6-8-22(23)11-12-27(30)36/h10-13,17-18,20,36H,6-9,14-16,19,34H2,1-5H3",RUYPNGKMNGGUGV-UHFFFAOYSA-N,RUYPNGKMNGGUGV,0.6031417965658951,0.6031417965658951,0.6031417965658951,Score column,0.6031417965658951,0,0.0010600060418188364,True,0.15875855859259064,33.0,34.0
88874_70111408,88874,70111408,"InChI=1S/C33H42F2N2S/c1-3-5-7-9-10-12-13-17-25-21-22-29(32(35)31(25)34)27-19-15-16-20-28(27)30-24-37-23-26(38-33(37)36-30)18-14-11-8-6-4-2/h15-16,19-24H,3-14,17-18H2,1-2H3",DLVZKXBFTTWVQB-UHFFFAOYSA-N,DLVZKXBFTTWVQB,0.7842716868109305,0.7842716868109305,0.7842716868109305,Score column,0.7842716868109305,0,0.0010551535724659862,True,0.15803179760285951,34.0,10.0
88874_172063888,88874,172063888,"InChI=1S/C38H38N3/c1-24(2)27-19-20-30-36-33(40-31-15-10-8-13-28(31)29-14-9-11-16-32(29)40)17-12-18-34(36)41(37(30)25(27)3)35-23-26(38(4,5)6)21-22-39(35)7/h8-24H,1-7H3/q+1",OADZODINXRBWBU-UHFFFAOYSA-N,OADZODINXRBWBU,0.2638012127995967,0.2638012127995967,0.2638012127995967,Score column,0.2638012127995967,0,0.0010461639510221641,True,0.15668540967070643,35.0,177.0
88874_172063831,88874,172063831,"InChI=1S/C38H38N3/c1-24(2)27-19-20-31-30-15-12-18-34(40-32-16-10-8-13-28(32)29-14-9-11-17-33(29)40)37(30)41(36(31)25(27)3)35-23-26(38(4,5)6)21-22-39(35)7/h8-24H,1-7H3/q+1",YAZLSYYAIPKZJN-UHFFFAOYSA-N,YAZLSYYAIPKZJN,0.2638012127995967,0.2638012127995967,0.2638012127995967,Score column,0.2638012127995967,0,0.0010447338371936872,True,0.15647121956133425,36.0,177.0
88874_162351402,88874,162351402,"InChI=1S/C33H45O4P/c1-7-16-28-25(10-4)19-13-22-31(28)35-38(34,36-32-23-14-20-26(11-5)29(32)17-8-2)37-33-24-15-21-27(12-6)30(33)18-9-3/h13-15,19-24H,7-12,16-18H2,1-6H3",MCLYXVMECDAZER-UHFFFAOYSA-N,MCLYXVMECDAZER,0.1714525222692724,0.1714525222692724,0.1714525222692724,Score column,0.1714525222692724,0,0.0010381331471352618,True,0.15548262515899108,37.0,234.0
88874_89897854,88874,89897854,"InChI=1S/C30H41ClN6O/c1-30(14-6-4-7-15-30)33-19-21-10-12-24(31)25(17-21)34-29-35-26-18-22(11-13-27(26)37(29)3)28(38)32-20-23-9-5-8-16-36(23)2/h10-13,17-18,23,33H,4-9,14-16,19-20H2,1-3H3,(H,32,38)(H,34,35)",FXJHYLJISYVCQJ-UHFFFAOYSA-N,FXJHYLJISYVCQJ,0.8555446635899001,0.8555446635899001,0.8555446635899001,Score column,0.8555446635899001,0,0.0010377065625803172,True,0.1554187350051721,38.0,9.0
88874_21548419,88874,21548419,"InChI=1S/C35H40N2O3/c1-6-36(7-2)27-20-21-30-29(22-27)32-28(34(39)40-23-24-12-9-8-10-13-24)14-11-15-31(32)37(30)33(38)25-16-18-26(19-17-25)35(3,4)5/h8-10,12-13,16-22,28H,6-7,11,14-15,23H2,1-5H3",IZPIQTQXKLYUHP-UHFFFAOYSA-N,IZPIQTQXKLYUHP,0.2280864832135668,0.2280864832135668,0.2280864832135668,Score column,0.2280864832135668,0,0.0010313114049924875,True,0.15446092348282056,39.0,216.0
88874_172063883,88874,172063883,"InChI=1S/C38H38N3/c1-24(2)28-17-18-30-32-22-31-29-15-11-12-16-33(29)40(27-13-9-8-10-14-27)34(31)23-35(32)41(37(30)25(28)3)36-21-26(38(4,5)6)19-20-39(36)7/h8-24H,1-7H3/q+1",VGFRQNOXZIWJFF-UHFFFAOYSA-N,VGFRQNOXZIWJFF,0.2219097582997396,0.2219097582997396,0.2219097582997396,Score column,0.2219097582997396,0,0.001027956496096111,True,0.15395845417643408,40.0,219.0
88874_122194352,88874,122194352,"InChI=1S/C35H40N2O3/c1-24-30-20-19-29(34(39)40-35(2,3)4)22-32(30)37(33(38)31(36-24)21-25-11-7-5-8-12-25)23-26-15-17-28(18-16-26)27-13-9-6-10-14-27/h5,7-8,11-12,15-20,22,27,31H,6,9-10,13-14,21,23H2,1-4H3/t31-/m1/s1",ZMHQDQLYROTXBM-WJOKGBTCSA-N,ZMHQDQLYROTXBM,0.3320770602831792,0.3320770602831792,0.3320770602831792,Score column,0.3320770602831792,0,0.0010263653749799902,True,0.15372014978478352,41.0,85.0
88874_177897107,88874,177897107,"InChI=1S/C30H41BN2O6/c1-28(2,3)37-27(35)32-24-15-16-33(19-24)26(34)18-22-17-23(31-38-29(4,5)30(6,7)39-31)13-14-25(22)36-20-21-11-9-8-10-12-21/h8-14,17,24H,15-16,18-20H2,1-7H3,(H,32,35)/t24-/m1/s1",XONRVYUVPLFWFM-XMMPIXPASA-N,XONRVYUVPLFWFM,0.3307608338940239,0.3307608338940239,0.3307608338940239,Score column,0.3307608338940239,0,0.0010173649265034423,True,0.1523721402730907,42.0,86.0
88874_160893338,88874,160893338,"InChI=1S/C35H40N2O3/c1-7-8-16-36-34(39)26-15-14-25(17-23(26)2)27-19-29-28(18-24-12-10-9-11-13-24)30(32(38)21-35(3,4)5)22-37-31(29)20-33(27)40-6/h9-15,17,19-20,22H,7-8,16,18,21H2,1-6H3,(H,36,39)",IOAHNMRSGPKHQE-UHFFFAOYSA-N,IOAHNMRSGPKHQE,0.2668558994142965,0.2668558994142965,0.2668558994142965,Score column,0.2668558994142965,0,0.0010125824723851856,True,0.1516558655610647,43.0,172.0
88874_70109910,88874,70109910,"InChI=1S/C33H42F2N2S/c1-3-5-7-9-10-12-14-18-26-23-37-24-30(38-33(37)36-26)28-20-16-15-19-27(28)29-22-21-25(31(34)32(29)35)17-13-11-8-6-4-2/h15-16,19-24H,3-14,17-18H2,1-2H3",RKCLSLPWFBWGSF-UHFFFAOYSA-N,RKCLSLPWFBWGSF,0.7172694926362928,0.7172694926362928,0.7172694926362928,Score column,0.7172694926362928,0,0.0010057174445221877,True,0.15062768092321355,44.0,26.0
88874_70110876,88874,70110876,"InChI=1S/C33H42F2N2S/c1-3-5-7-9-10-12-13-15-25-17-19-26(20-18-25)30-24-37-23-29(36-33(37)38-30)28-22-21-27(31(34)32(28)35)16-14-11-8-6-4-2/h17-24H,3-16H2,1-2H3",FIOKNFBTPLPVPY-UHFFFAOYSA-N,FIOKNFBTPLPVPY,0.7662561049308997,0.7662561049308997,0.7662561049308997,Score column,0.7662561049308997,0,0.0010025380393653683,True,0.15015149705258918,45.0,13.0
88874_69164860,88874,69164860,"InChI=1S/C35H40N2O3/c1-6-28(7-2)29-15-17-33(18-16-29)37(25(3)4)23-27-9-8-10-31(19-27)30-13-11-26(12-14-30)24-40-34-20-32(21-36-22-34)35(38)39-5/h8-22,25,28H,6-7,23-24H2,1-5H3",XVKFTYPNSYVEOL-UHFFFAOYSA-N,XVKFTYPNSYVEOL,0.4080359743647113,0.4080359743647113,0.4080359743647113,Score column,0.4080359743647113,0,0.0010010810223002285,True,0.1499332776085665,46.0,52.0
88874_70110377,88874,70110377,"InChI=1S/C33H42F2N2S/c1-3-5-7-9-10-12-14-16-27-21-22-28(32(35)31(27)34)30-24-37-23-29(36-33(37)38-30)26-19-17-25(18-20-26)15-13-11-8-6-4-2/h17-24H,3-16H2,1-2H3",ROMSTRQGVCWOPI-UHFFFAOYSA-N,ROMSTRQGVCWOPI,0.7660627853981964,0.7660627853981964,0.7660627853981964,Score column,0.7660627853981964,0,0.0010007678939258102,True,0.14988637994250056,47.0,14.0
88874_140638922,88874,140638922,"InChI=1S/C33H45O4P/c1-10-25-16-19-31(28(13-4)22(25)7)35-38(34,36-32-20-17-26(11-2)23(8)29(32)14-5)37-33-21-18-27(12-3)24(9)30(33)15-6/h16-21H,10-15H2,1-9H3",NUVYNDOVRKUJHT-UHFFFAOYSA-N,NUVYNDOVRKUJHT,0.1665541754360965,0.1665541754360965,0.1665541754360965,Score column,0.1665541754360965,0,0.0009954870624360862,True,0.14909546256806713,48.0,237.0
88874_141597382,88874,141597382,"InChI=1S/C35H40N2O3/c1-3-5-7-9-12-22(13-10-8-6-4-2)37-34(38)28-18-16-25-23-14-11-15-27-30(36)21-20-24(31(23)27)26-17-19-29(35(39)40)33(28)32(25)26/h11,14-22H,3-10,12-13,36H2,1-2H3,(H,37,38)(H,39,40)",DELSWEYAUNSCEE-UHFFFAOYSA-N,DELSWEYAUNSCEE,0.6184190758438034,0.6184190758438034,0.6184190758438034,Score column,0.6184190758438034,0,0.0009874762919623366,True,0.1478956784881138,49.0,33.0
88874_172063867,88874,172063867,"InChI=1S/C38H38N3/c1-24(2)33-25(3)36-35(37-34(33)28-17-11-13-19-30(28)40(37)27-15-9-8-10-16-27)29-18-12-14-20-31(29)41(36)32-23-26(38(4,5)6)21-22-39(32)7/h8-24H,1-7H3/q+1",KCLNDEHFKKHKJV-UHFFFAOYSA-N,KCLNDEHFKKHKJV,0.231880666371453,0.231880666371453,0.231880666371453,Score column,0.231880666371453,0,0.0009856988115091985,True,0.14762946280298195,50.0,211.0
88874_172063854,88874,172063854,"InChI=1S/C38H38N3/c1-24(2)33-25(3)36-34(35-28-17-11-13-19-30(28)40(37(33)35)27-15-9-8-10-16-27)29-18-12-14-20-31(29)41(36)32-23-26(38(4,5)6)21-22-39(32)7/h8-24H,1-7H3/q+1",DPDABGWUXKFBBZ-UHFFFAOYSA-N,DPDABGWUXKFBBZ,0.231880666371453,0.231880666371453,0.231880666371453,Score column,0.231880666371453,0,0.0009841904792676982,True,0.14740355781462128,51.0,211.0
88874_67730842,88874,67730842,"InChI=1S/C35H40F4/c1-3-5-7-9-11-28-20-21-29(33(37)32(28)36)26-16-18-27(19-17-26)31-23-22-30(34(38)35(31)39)25-14-12-24(13-15-25)10-8-6-4-2/h4,6,16-25H,3,5,7-15H2,1-2H3/b6-4+",FBTZMHOHENESOZ-GQCTYLIASA-N,FBTZMHOHENESOZ,0.7380933240971291,0.7380933240971291,0.7380933240971291,Score column,0.7380933240971291,0,0.0009837201263063916,True,0.14733311240655675,52.0,21.0
88874_89898211,88874,89898211,"InChI=1S/C30H41ClN6O/c1-30(13-5-3-6-14-30)33-21-22-9-11-24(31)25(19-22)34-29-35-26-20-23(10-12-27(26)36(29)2)28(38)32-15-18-37-16-7-4-8-17-37/h9-12,19-20,33H,3-8,13-18,21H2,1-2H3,(H,32,38)(H,34,35)",YHJQGDTVKUFKQK-UHFFFAOYSA-N,YHJQGDTVKUFKQK,0.8564282993390121,0.8564282993390121,0.8564282993390121,Score column,0.8564282993390121,0,0.0009808493046493986,True,0.14690314550989778,53.0,8.0
88874_4320630,88874,4320630,"InChI=1S/C32H41FN2O4/c1-5-7-10-25(6-2)32(38)34(18-17-23(3)4)21-30(36)35(19-24-13-15-27(33)16-14-24)20-26-22-39-29-12-9-8-11-28(29)31(26)37/h8-9,11-16,22-23,25H,5-7,10,17-21H2,1-4H3",JUPWHGRYEQCYEJ-UHFFFAOYSA-N,JUPWHGRYEQCYEJ,0.4509884790363913,0.4509884790363913,0.4509884790363913,Score column,0.4509884790363913,0,0.0009658617755624202,True,0.1446584427244019,54.0,45.0
88874_59177356,88874,59177356,"InChI=1S/C35H40N2O3/c1-24-11-9-16-29(25(24)2)22-37(30-17-18-30)33(38)32-23-36(34(39)40-35(3,4)5)20-19-31(32)28-15-10-14-27(21-28)26-12-7-6-8-13-26/h6-16,21,30H,17-20,22-23H2,1-5H3",QGXJWARNPMJRHP-UHFFFAOYSA-N,QGXJWARNPMJRHP,0.274561909873404,0.274561909873404,0.274561909873404,Score column,0.274561909873404,0,0.0009644904531073901,True,0.14445305787965831,55.0,163.0
88874_131746796,88874,131746796,"InChI=1S/C30H41BN2O6/c1-11-25(28(3,4)5)33(32-26(35)22-13-12-14-24(37-10)19(22)2)27(36)20-15-16-21(18-34)23(17-20)31-38-29(6,7)30(8,9)39-31/h12-18,25H,11H2,1-10H3,(H,32,35)/t25-/m1/s1",QNKHIJCFVAQUFS-RUZDIDTESA-N,QNKHIJCFVAQUFS,0.3273827261254582,0.3273827261254582,0.3273827261254582,Score column,0.3273827261254582,0,0.0009630618454963052,True,0.1442390933585306,56.0,93.0
88874_140496639,88874,140496639,"InChI=1S/C27H44N4O5S/c1-6-8-10-12-18-31(19-13-11-9-7-2)25-24(29-37(34,35)30-25)28-23(26(33)36-27(3,4)5)20-21-14-16-22(32)17-15-21/h14-17,23,32H,6-13,18-20H2,1-5H3,(H,28,29)",JCRUKSQYHOLTSL-UHFFFAOYSA-N,JCRUKSQYHOLTSL,0.762059082540644,0.762059082540644,0.762059082540644,Score column,0.762059082540644,0,0.0009614161825073843,True,0.14399262015579115,57.0,16.0
88874_87324836,88874,87324836,"InChI=1S/C32H41FN2O4/c1-20(2)15-16-35-17-18-39-23-12-9-21(10-13-23)19-25-28(30(34)29(33)32(38-4)31(25)37-3)27-24-8-6-5-7-22(24)11-14-26(27)36/h9-14,20,35-36H,5-8,15-19,34H2,1-4H3",JFCXWVUAOKBDCS-UHFFFAOYSA-N,JFCXWVUAOKBDCS,0.584147478221385,0.584147478221385,0.584147478221385,Score column,0.584147478221385,0,0.0009589525641489064,True,0.14362364065559596,58.0,35.0
88874_67730759,88874,67730759,"InChI=1S/C35H40F4/c1-3-5-6-7-8-9-11-28-20-21-29(33(37)32(28)36)26-16-18-27(19-17-26)31-23-22-30(34(38)35(31)39)25-14-12-24(10-4-2)13-15-25/h4,10,16-25H,3,5-9,11-15H2,1-2H3/b10-4+",JTUISJWMRUQOCV-ONNFQVAWSA-N,JTUISJWMRUQOCV,0.7380933240971291,0.7380933240971291,0.7380933240971291,Score column,0.7380933240971291,0,0.0009588176710656582,True,0.1436034375335233,59.0,21.0
88874_140385968,88874,140385968,"InChI=1S/C32H44N2O3S/c1-6-8-9-13-31(35)37-34-24(5)32(25-16-18-33(19-17-25)22-23(3)4)29-21-28(14-15-30(29)34)38-27-12-10-11-26(20-27)36-7-2/h10-12,14-15,20-21,23,25H,6-9,13,16-19,22H2,1-5H3",GBCVZYRUYVMEFP-UHFFFAOYSA-N,GBCVZYRUYVMEFP,0.5304813914961424,0.5304813914961424,0.5304813914961424,Score column,0.5304813914961424,0,0.0009553359008061537,True,0.14308196802680145,60.0,40.0
88874_139393609,88874,139393609,"InChI=1S/C35H40N2O3/c1-24(2)40-35(38)31-14-16-32-30(21-31)18-19-36-34(32)37(22-26-8-6-5-7-9-26)23-27-10-12-28(13-11-27)29-15-17-33(39-4)25(3)20-29/h10-21,24,26H,5-9,22-23H2,1-4H3",SOYDCNJNYOLXHE-UHFFFAOYSA-N,SOYDCNJNYOLXHE,0.3745579919184688,0.3745579919184688,0.3745579919184688,Score column,0.3745579919184688,0,0.0009536665108566735,True,0.1428319412046395,61.0,62.0
88874_4586746,88874,4586746,"InChI=1S/C32H41FN2O4/c1-3-5-6-7-8-9-10-15-30(36)34(20-4-2)23-31(37)35(21-25-16-18-27(33)19-17-25)22-26-24-39-29-14-12-11-13-28(29)32(26)38/h11-14,16-19,24H,3-10,15,20-23H2,1-2H3",IZNDAMZBUGSZBS-UHFFFAOYSA-N,IZNDAMZBUGSZBS,0.4867044040577908,0.4867044040577908,0.4867044040577908,Score column,0.4867044040577908,0,0.0009503530341554082,True,0.1423356772549356,62.0,42.0
88874_19835468,88874,19835468,"InChI=1S/C33H45O4P/c1-5-7-9-14-22-36-28-18-20-32(30(24-28)34-3)38(26-27-16-12-11-13-17-27)33-21-19-29(25-31(33)35-4)37-23-15-10-8-6-2/h11-13,16-21,24-25H,5-10,14-15,22-23,26H2,1-4H3",FSKQMGOPIIKHPG-UHFFFAOYSA-N,FSKQMGOPIIKHPG,0.2912067473434515,0.2912067473434515,0.2912067473434515,Score column,0.2912067473434515,0,0.0009503146682792079,True,0.14232993114504147,63.0,144.0
88874_4029434,88874,4029434,"InChI=1S/C32H41FN2O4/c1-4-5-6-7-8-13-30(36)34(19-18-24(2)3)22-31(37)35(20-25-14-16-27(33)17-15-25)21-26-23-39-29-12-10-9-11-28(29)32(26)38/h9-12,14-17,23-24H,4-8,13,18-22H2,1-3H3",SOXNSNFNKOTOJG-UHFFFAOYSA-N,SOXNSNFNKOTOJG,0.4562102144480915,0.4562102144480915,0.4562102144480915,Score column,0.4562102144480915,0,0.0009483864924869625,True,0.14204114561230552,64.0,44.0
88874_143961128,88874,143961128,"InChI=1S/C35H40N2O3/c1-24-31(34(39)40-20-19-37(4)23-25-11-7-5-8-12-25)32(33-29(36-24)21-35(2,3)22-30(33)38)28-17-15-27(16-18-28)26-13-9-6-10-14-26/h6-7,9-18,32,36H,5,8,19-23H2,1-4H3",WUZPYDRLKPAGFE-UHFFFAOYSA-N,WUZPYDRLKPAGFE,0.387993259054711,0.387993259054711,0.387993259054711,Score column,0.387993259054711,0,0.0009408096072751626,True,0.14090634512307165,65.0,57.0
88874_140386789,88874,140386789,"InChI=1S/C27H44N4O5S/c1-10-35-25(33)21-12-11-13-28-23(21)37-31(26(34)36-27(7,8)9)20(6)24(32)30-16-14-29(15-17-30)22(18(2)3)19(4)5/h11-13,18-20,22H,10,14-17H2,1-9H3/t20-/m1/s1",PRPMVBOWHQIAJG-HXUWFJFHSA-N,PRPMVBOWHQIAJG,0.7304617805501344,0.7304617805501344,0.7304617805501344,Score column,0.7304617805501344,0,0.0009365584642125007,True,0.1402696455964906,66.0,22.0
88874_42665991,88874,42665991,"InChI=1S/C32H41FN2O4/c1-3-5-7-8-9-10-15-30(36)34(20-6-4-2)23-31(37)35(21-25-16-18-27(33)19-17-25)22-26-24-39-29-14-12-11-13-28(29)32(26)38/h11-14,16-19,24H,3-10,15,20-23H2,1-2H3",NZNTYAAYFZJHON-UHFFFAOYSA-N,NZNTYAAYFZJHON,0.4737972370808062,0.4737972370808062,0.4737972370808062,Score column,0.4737972370808062,0,0.0009360616225931212,True,0.14019523294577954,67.0,43.0
88874_176549919,88874,176549919,"InChI=1S/C33H45O4P/c1-7-25(8-2)28-13-19-31(20-14-28)35-38(34,36-32-21-15-29(16-22-32)26(9-3)10-4)37-33-23-17-30(18-24-33)27(11-5)12-6/h13-27H,7-12H2,1-6H3",MGTMOUCKDSNAIQ-UHFFFAOYSA-N,MGTMOUCKDSNAIQ,0.2897870513106157,0.2897870513106157,0.2897870513106157,Score column,0.2897870513106157,0,0.0009315253823769292,True,0.13951583402752746,68.0,145.0
88874_168271496,88874,168271496,"InChI=1S/C35H40N2O3/c1-36(2)23-26-12-17-32-29(20-26)15-16-30-21-27(13-18-33(30)32)24-37(35(39)28-9-5-4-6-10-28)31-11-7-8-25(22-31)14-19-34(38)40-3/h7-8,11-14,17-22,28H,4-6,9-10,15-16,23-24H2,1-3H3/b19-14+",ZGRKFKXOIGQKHO-XMHGGMMESA-N,ZGRKFKXOIGQKHO,0.3592810411907006,0.3592810411907006,0.3592810411907006,Score column,0.3592810411907006,0,0.0008975701536045144,True,0.13443031284753446,69.0,67.0
88874_42700713,88874,42700713,"InChI=1S/C32H44N2O3S/c1-7-33(8-2)20-12-13-28(6)34(38(35,36)32-26(4)21-25(3)22-27(32)5)23-29-16-18-31(19-17-29)37-24-30-14-10-9-11-15-30/h9-11,14-19,21-22,28H,7-8,12-13,20,23-24H2,1-6H3",CVEFBXRAFKHDHO-UHFFFAOYSA-N,CVEFBXRAFKHDHO,0.2664548012455502,0.2664548012455502,0.2664548012455502,Score column,0.2664548012455502,0,0.0008884812183108976,True,0.133069050543897,70.0,173.0
88874_67803003,88874,67803003,"InChI=1S/C29H46Cl2N4O/c1-4-5-6-7-8-9-10-11-12-13-18-35-22-33-20-25(35)17-19-34(29(36)28(32)23(2)3)21-24-15-14-16-26(30)27(24)31/h14-16,20,22-23,28H,4-13,17-19,21,32H2,1-3H3/t28-/m0/s1",ONUGKLIPHVTOIT-NDEPHWFRSA-N,ONUGKLIPHVTOIT,0.8748700589587475,0.8748700589587475,0.8748700589587475,Score column,0.8748700589587475,0,0.0008865813692685146,True,0.1327845075473357,71.0,6.0
88874_139615987,88874,139615987,"InChI=1S/C35H40N2O3/c1-6-35(38,7-2)29-18-14-13-17-26(29)34-27-20-19-25(37(8-3)9-4)21-31(27)40-32-23-33(39-5)30(22-28(32)34)36-24-15-11-10-12-16-24/h10-23,34,36,38H,6-9H2,1-5H3",GVNPXGNDEYNWRT-UHFFFAOYSA-N,GVNPXGNDEYNWRT,0.2465907323772589,0.2465907323772589,0.2465907323772589,Score column,0.2465907323772589,0,0.0008857022111294294,True,0.13265283482715323,72.0,194.0
88874_167418272,88874,167418272,"InChI=1S/C35H40N2O3/c1-22(2)20-35(12-13-35)21-39-28-10-11-29-25(15-28)16-32-30(29)19-31(36-32)24-8-6-23(7-9-24)14-27(38)17-26-18-33(40-37-26)34(3,4)5/h6-11,15,18-19,22,30H,12-14,16-17,20-21H2,1-5H3",GKOXQHMCCNHBKM-UHFFFAOYSA-N,GKOXQHMCCNHBKM,0.2956706123546055,0.2956706123546055,0.2956706123546055,Score column,0.2956706123546055,0,0.0008841034122545591,True,0.13241338052704535,73.0,139.0
88874_141581156,88874,141581156,"InChI=1S/C27H44N4O5S/c1-9-35-25(33)21-11-10-12-29-23(21)37-31(20(6)24(32)30-15-13-28-14-16-30)26(34)36-27(7,8)17-22(18(2)3)19(4)5/h10-12,18-20,22,28H,9,13-17H2,1-8H3/t20-/m1/s1",JQTZHNNETSAFBL-HXUWFJFHSA-N,JQTZHNNETSAFBL,0.7271068760094569,0.7271068760094569,0.7271068760094569,Score column,0.7271068760094569,0,0.0008809101617999249,True,0.1319351230271796,74.0,23.0
88874_139670910,88874,139670910,"InChI=1S/C29H46Cl2N4O/c1-4-5-6-7-8-9-10-11-12-13-19-35-22-32-21-25(35)17-18-33-28(23(2)3)29(36)34-20-24-15-14-16-26(30)27(24)31/h14-16,21-23,28,33H,4-13,17-20H2,1-3H3,(H,34,36)/t28-/m0/s1",CWVQBSVOMAJHIP-NDEPHWFRSA-N,CWVQBSVOMAJHIP,0.8949400500583228,0.8949400500583228,0.8949400500583228,Score column,0.8949400500583228,0,0.0008774132104083505,True,0.13141137982148796,75.0,4.0
88874_166978354,88874,166978354,"InChI=1S/C32H41FN2O4/c1-21(31(36)37)16-23-10-8-22(9-11-23)12-15-29(38-6)24-13-14-26(25(17-24)20-35(5)32(2,3)4)27-18-30(39-7)34-19-28(27)33/h8-11,13-14,17-19,21,29H,12,15-16,20H2,1-7H3,(H,36,37)",BOTFRIVHEDHESB-UHFFFAOYSA-N,BOTFRIVHEDHESB,0.2376247201894773,0.2376247201894773,0.2376247201894773,Score column,0.2376247201894773,0,0.0008763926167136747,True,0.1312585241041777,76.0,203.0
88874_153378253,88874,153378253,"InChI=1S/C35H40N2O3/c1-5-8-10-13-19-39-25(4)33(22-36)29-17-18-30(32-21-28-16-12-11-15-27(28)20-31(29)32)34(23-37)35(38)40-24-26(7-3)14-9-6-2/h11-12,15-18,20-21,26H,4-10,13-14,19,24H2,1-3H3/b33-29-,34-30+",AWZLJJDEEWQDNU-HKQZHLORSA-N,AWZLJJDEEWQDNU,0.4418195580558229,0.4418195580558229,0.4418195580558229,Score column,0.4418195580558229,0,0.0008715746823225549,True,0.13053693546302675,77.0,46.0
88874_141088909,88874,141088909,"InChI=1S/C35H40N2O3/c1-4-5-6-7-10-22-36-35(39)37(3)33-15-11-14-32(24-33)30-20-18-28(19-21-30)26(2)34(38)40-25-27-16-17-29-12-8-9-13-31(29)23-27/h8-9,11-21,23-24,26H,4-7,10,22,25H2,1-3H3,(H,36,39)",UGRVMNWXBFYVQH-UHFFFAOYSA-N,UGRVMNWXBFYVQH,0.3215467783724988,0.3215467783724988,0.3215467783724988,Score column,0.3215467783724988,0,0.0008681134789462571,True,0.1300185462866085,78.0,98.0
88874_139375414,88874,139375414,"InChI=1S/C32H44N2O3S/c1-24(19-25-11-5-3-6-12-25)30(36)33-18-17-32(37,31(22-33)15-9-10-16-31)23-34-21-28(38-2)27(20-29(34)35)26-13-7-4-8-14-26/h4,7-8,13-14,20-21,24-25,37H,3,5-6,9-12,15-19,22-23H2,1-2H3/t24-,32?/m1/s1",QFHNCRDRHYNUOZ-IFIVVKAWSA-N,QFHNCRDRHYNUOZ,0.6941127461272657,0.6941127461272657,0.6941127461272657,Score column,0.6941127461272657,0,0.0008675618478617512,True,0.1299359277425663,79.0,28.0
88874_155746770,88874,155746770,"InChI=1S/C35H40N2O3/c1-4-6-12-28-21-30(22-33(38)31(28)10-5-2)27-13-9-14-29(20-27)34(39)36-23-25-16-18-26(19-17-25)35(40)37-32-15-8-7-11-24(32)3/h4,6,9-10,12-14,16-22,24,32,38H,5,7-8,11,15,23H2,1-3H3,(H,36,39)(H,37,40)/b6-4-,28-12-,31-10-",VKJJSERFJPAAHM-HVRCGIPOSA-N,VKJJSERFJPAAHM,0.3395694992817259,0.3395694992817259,0.3395694992817259,Score column,0.3395694992817259,0,0.0008603147875728242,True,0.1288505255843583,80.0,77.0
88874_155746774,88874,155746774,"InChI=1S/C35H40N2O3/c1-4-6-11-28-21-30(22-33(38)32(28)9-5-2)27-12-8-13-29(20-27)34(39)36-23-25-15-17-26(18-16-25)35(40)37-31-14-7-10-24(3)19-31/h4,6,8-9,11-13,15-18,20-22,24,31,38H,5,7,10,14,19,23H2,1-3H3,(H,36,39)(H,37,40)/b6-4-,28-11-,32-9-",QOOQSUBTCVNRHC-PLCCFITNSA-N,QOOQSUBTCVNRHC,0.3395694992817259,0.3395694992817259,0.3395694992817259,Score column,0.3395694992817259,0,0.0008600640578354723,True,0.12881297344774031,81.0,77.0
88874_160023143,88874,160023143,"InChI=1S/C35H40N2O3/c1-6-37(7-2)19-20-40-27-15-17-29-30(23-27)35(3,4)31-22-25-21-26(14-16-28(25)33(31)34(29)39)36(5)32(38)18-13-24-11-9-8-10-12-24/h8-12,14-17,21,23H,6-7,13,18-20,22H2,1-5H3",OKWHMNXITDGHBB-UHFFFAOYSA-N,OKWHMNXITDGHBB,0.2712510561102385,0.2712510561102385,0.2712510561102385,Score column,0.2712510561102385,0,0.0008595157241994271,True,0.12873084876707624,82.0,166.0
88874_67803090,88874,67803090,"InChI=1S/C29H46Cl2N4O/c1-4-5-6-7-8-9-10-11-12-13-18-35-22-33-20-25(35)17-19-34(28(23(2)3)29(32)36)21-24-15-14-16-26(30)27(24)31/h14-16,20,22-23,28H,4-13,17-19,21H2,1-3H3,(H2,32,36)/t28-/m0/s1",RHUPAHSXSXPPIC-NDEPHWFRSA-N,RHUPAHSXSXPPIC,0.8651238003766286,0.8651238003766286,0.8651238003766286,Score column,0.8651238003766286,0,0.0008590187727234506,True,0.12865641966299196,83.0,7.0
88874_69402331,88874,69402331,"InChI=1S/C33H45O4P/c1-8-25(3)36-38(35-24-26(9-2)23-34)37-31-21-20-29(32(4,5)27-16-12-10-13-17-27)22-30(31)33(6,7)28-18-14-11-15-19-28/h10-22,25-26,34H,8-9,23-24H2,1-7H3",LIXJEOSDRPIEQF-UHFFFAOYSA-N,LIXJEOSDRPIEQF,0.1135141529864052,0.1135141529864052,0.1135141529864052,Score column,0.1135141529864052,0,0.0008570868601633843,True,0.12836707446941478,84.0,290.0
88874_167418267,88874,167418267,"InChI=1S/C35H40N2O3/c1-5-6-13-35(14-15-35)22-39-28-11-12-29-25(17-28)18-32-30(29)21-31(36-32)24-9-7-23(8-10-24)16-27(38)19-26-20-33(40-37-26)34(2,3)4/h7-12,17,20-21,30H,5-6,13-16,18-19,22H2,1-4H3",RJSIMQUPTJONIQ-UHFFFAOYSA-N,RJSIMQUPTJONIQ,0.2959243844765812,0.2959243844765812,0.2959243844765812,Score column,0.2959243844765812,0,0.0008566001335247608,True,0.1282941767532434,85.0,138.0
88874_143734822,88874,143734822,"InChI=1S/C35H40N2O3/c1-8-28(20-14-24(3)35(5,6)7)30(22-26-16-18-27(23-38)19-17-26)33(39)36-25(4)15-21-29(9-2)34-37-31-12-10-11-13-32(31)40-34/h8-21,23-24,30H,2,22H2,1,3-7H3,(H,36,39)/b20-14-,25-15+,28-8+,29-21+/t24-,30?/m0/s1",XNCGQSLCXWRDTC-QPFYVMPXSA-N,XNCGQSLCXWRDTC,0.3157015750386493,0.3157015750386493,0.3157015750386493,Score column,0.3157015750386493,0,0.000849832099120698,True,0.12728051895875533,86.0,113.0
88874_42709285,88874,42709285,"InChI=1S/C35H40N2O3/c1-24(2)29-18-13-19-30(25(3)4)33(29)36-35(38)37(23-26-20-21-31(39-5)32(22-26)40-6)34(27-14-9-7-10-15-27)28-16-11-8-12-17-28/h7-22,24-25,34H,23H2,1-6H3,(H,36,38)",CXHXHPWDSKOJKL-UHFFFAOYSA-N,CXHXHPWDSKOJKL,0.205288269513826,0.205288269513826,0.205288269513826,Score column,0.205288269513826,0,0.0008489737807098009,True,0.12715196743324358,87.0,226.0
88874_123467590,88874,123467590,"InChI=1S/C35H40N2O3/c1-21-17-27(18-24-11-13-25(14-12-24)31-9-4-5-10-32(31)35(39)40)23(3)30-16-15-26(19-33(30)22(21)2)34(38)37-29-8-6-7-28(36)20-29/h4-5,9-16,19,23,27-29H,6-8,17-18,20,36H2,1-3H3,(H,37,38)(H,39,40)",XRSJGROACVQQAI-UHFFFAOYSA-N,XRSJGROACVQQAI,0.3192576285932799,0.3192576285932799,0.3192576285932799,Score column,0.3192576285932799,0,0.000847694004658112,True,0.12696029361887662,88.0,103.0
88874_143691045,88874,143691045,"InChI=1S/C35H40N2O3/c1-3-4-5-6-7-12-34(39)28-18-15-26(16-19-28)13-14-27-17-20-35(40)32(21-27)25(2)37-30(24-38)22-29-23-36-33-11-9-8-10-31(29)33/h8-11,15-21,23,25,30,36-38,40H,3-7,12,22,24H2,1-2H3/t25-,30?/m1/s1",IFDWTQXLCPVNCK-GOWJNXQMSA-N,IFDWTQXLCPVNCK,0.3159766864464006,0.3159766864464006,0.3159766864464006,Score column,0.3159766864464006,0,0.0008417756063801027,True,0.1260738869921923,89.0,111.0
88874_156305370,88874,156305370,"InChI=1S/C30H41ClN6O/c1-6-28(4,7-2)36-10-8-21(9-11-36)23-13-25-22(12-24(23)31)14-32-27(34-25)35-26-15-33-37(20(26)3)30-16-29(17-30,18-30)19-38-5/h12-15,21H,6-11,16-19H2,1-5H3,(H,32,34,35)",SQJCNUKLAJJXOR-UHFFFAOYSA-N,SQJCNUKLAJJXOR,0.6653535889657729,0.6653535889657729,0.6653535889657729,Score column,0.6653535889657729,0,0.0008396536380998543,True,0.12575607689275797,90.0,31.0
88874_139636973,88874,139636973,"InChI=1S/C32H44N2O3S/c1-6-10-23-34(24-11-7-2)27-19-17-26(18-20-27)32(38(35,36)29-15-13-12-14-16-29)30-22-21-28(25-31(30)37-5)33(8-3)9-4/h12-22,25,32H,6-11,23-24H2,1-5H3",AJVMZGLQXYMONH-UHFFFAOYSA-N,AJVMZGLQXYMONH,0.2809130849886053,0.2809130849886053,0.2809130849886053,Score column,0.2809130849886053,0,0.0008356417797595972,True,0.12515521536721042,91.0,159.0
88874_145475942,88874,145475942,"InChI=1S/C28H40N8OS/c1-18-10-11-19(33-26(37)22-12-13-23(38-22)28(2,3)4)16-21(18)34-24(29)20-17-32-27(35-25(20)30-5)31-14-8-9-15-36(6)7/h10-13,16-17H,8-9,14-15H2,1-7H3,(H2,29,34)(H,33,37)(H2,30,31,32,35)",ZKEPEFBXDXYZJX-UHFFFAOYSA-N,ZKEPEFBXDXYZJX,0.3091615869873804,0.3091615869873804,0.3091615869873804,Score column,0.3091615869873804,0,0.0008351860225285461,True,0.1250869559816831,92.0,122.0
88874_157790363,88874,157790363,"InChI=1S/C35H40N2O3/c1-23(2)26-13-16-29(17-14-26)37(34(40)21-28-22-36-31-12-8-7-11-30(28)31)35(27-15-18-32(38)24(3)19-27)33(39)20-25-9-5-4-6-10-25/h7-8,11-19,22-23,25,35-36,38H,4-6,9-10,20-21H2,1-3H3",DFKXSOGAQBQBAE-UHFFFAOYSA-N,DFKXSOGAQBQBAE,0.3201639020320128,0.3201639020320128,0.3201639020320128,Score column,0.3201639020320128,0,0.0008333899653064365,True,0.12481795802838588,93.0,100.0
88874_42741139,88874,42741139,"InChI=1S/C35H40N2O3/c1-3-4-5-7-12-27-16-18-29(19-17-27)35(38)37-24-11-23-36-22-10-15-31(36)34(37)30-20-21-32(33(25-30)39-2)40-26-28-13-8-6-9-14-28/h6,8-10,13-22,25,34H,3-5,7,11-12,23-24,26H2,1-2H3",NNOFQFMUJSJAIM-UHFFFAOYSA-N,NNOFQFMUJSJAIM,0.2557354314307661,0.2557354314307661,0.2557354314307661,Score column,0.2557354314307661,0,0.0008237603740468844,True,0.12337572093926598,94.0,185.0
88874_59725710,88874,59725710,"InChI=1S/C35H40N2O3/c1-4-19-36(5-2)33(38)29-15-13-28(14-16-29)32-24-35(23-30-12-11-26(3)22-31(30)32)17-20-37(21-18-35)34(39)40-25-27-9-7-6-8-10-27/h6-16,22,24H,4-5,17-21,23,25H2,1-3H3",NCNBCOBIZQWRMM-UHFFFAOYSA-N,NCNBCOBIZQWRMM,0.2987998620808026,0.2987998620808026,0.2987998620808026,Score column,0.2987998620808026,0,0.000820461937346969,True,0.12288170955119036,95.0,135.0
88874_70579657,88874,70579657,"InChI=1S/C27H44N4O5S/c1-6-7-13-30-22-14-20(16-31(19(4)5)17-23(32)18(2)3)15-24(37(29,34)35)25(22)26(33)27(28)36-21-11-9-8-10-12-21/h8-12,14-15,18-19,23,26-27,30,32-33H,6-7,13,16-17,28H2,1-5H3,(H2,29,34,35)",XXNIJRJIHLEAAT-UHFFFAOYSA-N,XXNIJRJIHLEAAT,0.3989195823491145,0.3989195823491145,0.3989195823491145,Score column,0.3989195823491145,0,0.0008118223241730345,True,0.12158774283762533,96.0,56.0
88874_151668068,88874,151668068,"InChI=1S/C35H40N2O3/c1-26(2)36(27(3)4)23-22-32(29-14-8-5-9-15-29)33-24-28(25-38)20-21-34(33)40-35(39)37(30-16-10-6-11-17-30)31-18-12-7-13-19-31/h5-21,24,26-27,32,38H,22-23,25H2,1-4H3",QXYIXAYTCABDLP-UHFFFAOYSA-N,QXYIXAYTCABDLP,0.2610923685789659,0.2610923685789659,0.2610923685789659,Score column,0.2610923685789659,0,0.0007982188404841819,True,0.11955033042950892,97.0,181.0
88874_20876430,88874,20876430,"InChI=1S/C27H44N4O5S/c1-20(2)16-29(17-21(3)4)12-6-11-28-26(32)18-31-24-15-23(7-8-25(24)36-19-27(31)33)37(34,35)30-13-9-22(5)10-14-30/h7-8,15,20-22H,6,9-14,16-19H2,1-5H3,(H,28,32)",OMFPARHAKJWKLD-UHFFFAOYSA-N,OMFPARHAKJWKLD,0.7563487933297385,0.7563487933297385,0.7563487933297385,Score column,0.7563487933297385,0,0.0007912281194121813,True,0.11850332054736774,98.0,17.0
88874_156699305,88874,156699305,"InChI=1S/C27H40N8O2Si/c1-26(2)14-19(15-27(3,4)32-26)35-25-23(29-33-35)12-22(28-30-25)20-11-18-16-34(17-37-9-10-38(6,7)8)31-21(18)13-24(20)36-5/h11-13,16,19,32H,9-10,14-15,17H2,1-8H3",IQBGMXHXMIBSLT-UHFFFAOYSA-N,IQBGMXHXMIBSLT,0.5388586024675038,0.5388586024675038,0.5388586024675038,Score column,0.5388586024675038,0,0.0007905773309061864,True,0.11840585106032306,99.0,37.0
88874_123309989,88874,123309989,"InChI=1S/C35H40N2O3/c1-25(2)31-20-32(35-30-16-15-29(19-28(30)22-36-35)38-18-17-37(3)4)34(40-24-27-13-9-6-10-14-27)21-33(31)39-23-26-11-7-5-8-12-26/h5-16,19-21,25,35-36H,17-18,22-24H2,1-4H3",QGINYWUYQJIUKC-UHFFFAOYSA-N,QGINYWUYQJIUKC,0.2094035719751513,0.2094035719751513,0.2094035719751513,Score column,0.2094035719751513,0,0.0007853114288616243,True,0.11761716968936597,100.0,225.0
88874_171446908,88874,171446908,"InChI=1S/C27H40N8O2Si/c1-26(2)14-18(15-27(3,4)32-26)35-25-22(30-33-35)12-20(29-31-25)19-11-21-23(13-24(19)36-5)34(16-28-21)17-37-9-10-38(6,7)8/h11-13,16,18,32H,9-10,14-15,17H2,1-8H3",NSIJFGYAKFIIBU-UHFFFAOYSA-N,NSIJFGYAKFIIBU,0.5314819494540817,0.5314819494540817,0.5314819494540817,Score column,0.5314819494540817,0,0.000782451925242322,True,0.11718889791073368,101.0,39.0
88874_156699245,88874,156699245,"InChI=1S/C27H40N8O2Si/c1-26(2)14-19(15-27(3,4)32-26)35-25-22(30-33-35)12-21(29-31-25)20-11-18-16-28-34(23(18)13-24(20)36-5)17-37-9-10-38(6,7)8/h11-13,16,19,32H,9-10,14-15,17H2,1-8H3",KEHZBMCNSIUQNR-UHFFFAOYSA-N,KEHZBMCNSIUQNR,0.5314822204225822,0.5314822204225822,0.5314822204225822,Score column,0.5314822204225822,0,0.0007822154610106684,True,0.11715348233846806,102.0,38.0
88874_169829557,88874,169829557,"InChI=1S/C34H41N4P/c1-5-15-39(16-6-2)29-22-38(23-29)21-27-13-14-32(31-10-8-7-9-30(27)31)34-36-20-33(37-34)26-12-11-25(17-24(3)4)28(18-26)19-35/h7-14,18,24,29H,5-6,15-17,20-23H2,1-4H3",JUQVJCLAXWQBFK-UHFFFAOYSA-N,JUQVJCLAXWQBFK,0.2919588923345649,0.2919588923345649,0.2919588923345649,Score column,0.2919588923345649,0,0.0007809024175487806,True,0.11695682601845214,103.0,143.0
88874_44417337,88874,44417337,"InChI=1S/C35H40N2O3/c38-33-20-27(23-37(33)32-19-11-10-18-29(32)24-12-4-1-5-13-24)35(40)36-28-21-30(25-14-6-2-7-15-25)34(39)31(22-28)26-16-8-3-9-17-26/h2-3,6-9,14-17,21-22,24,27,29,32,39H,1,4-5,10-13,18-20,23H2,(H,36,40)",SHDHBLVWXCEYRQ-UHFFFAOYSA-N,SHDHBLVWXCEYRQ,0.3621391088166049,0.3621391088166049,0.3621391088166049,Score column,0.3621391088166049,0,0.0007731473440636164,True,0.11579533802714624,104.0,66.0
88874_16010172,88874,16010172,"InChI=1S/C27H44N4O5S/c1-21(2)17-29(18-22(3)4)13-9-12-28-26(32)19-31-24-16-23(10-11-25(24)36-20-27(31)33)37(34,35)30-14-7-5-6-8-15-30/h10-11,16,21-22H,5-9,12-15,17-20H2,1-4H3,(H,28,32)",SCJPSZALJWWXOK-UHFFFAOYSA-N,SCJPSZALJWWXOK,0.7563487933297385,0.7563487933297385,0.7563487933297385,Score column,0.7563487933297385,0,0.0007729735519867342,True,0.11576930894945034,105.0,17.0
88874_159787088,88874,159787088,"InChI=1S/C30H41ClN6O/c1-30(12-16-38-17-13-30)19-27-32-20-26-28(35-27)37(29(34-26)33-24-7-5-6-23(31)18-24)25-10-8-22(9-11-25)21-36-14-3-2-4-15-36/h5-7,18,20,22,25H,2-4,8-17,19,21H2,1H3,(H,33,34)",NIBXXRLVGBFBBO-UHFFFAOYSA-N,NIBXXRLVGBFBBO,0.7392263446646893,0.7392263446646893,0.7392263446646893,Score column,0.7392263446646893,0,0.0007720181911429636,True,0.11562622324568154,106.0,20.0
88874_59598033,88874,59598033,"InChI=1S/C27H44N4O5S/c1-20-13-24(36-5)14-21(2)27(20)37(34,35)30(4)19-25(32)28-16-26(33)29(3)17-22-9-8-10-23(15-22)18-31-11-6-7-12-31/h13-14,22-23H,6-12,15-19H2,1-5H3,(H,28,32)",HILIYMBJLMHDAG-UHFFFAOYSA-N,HILIYMBJLMHDAG,0.7429918838141581,0.7429918838141581,0.7429918838141581,Score column,0.7429918838141581,0,0.0007576669991336276,True,0.11347682553698707,107.0,18.0
88874_24789622,88874,24789622,"InChI=1S/C27H44N4O5S/c1-4-6-14-29(15-7-5-2)16-8-13-28-26(32)20-31-24-19-23(9-10-25(24)36-21-27(31)33)37(34,35)30-17-11-22(3)12-18-30/h9-10,19,22H,4-8,11-18,20-21H2,1-3H3,(H,28,32)",TXCXXCSSRJJCKK-UHFFFAOYSA-N,TXCXXCSSRJJCKK,0.7563487933297385,0.7563487933297385,0.7563487933297385,Score column,0.7563487933297385,0,0.0007569055763524699,True,0.11336278620282561,108.0,17.0
88874_42702130,88874,42702130,"InChI=1S/C35H40N2O3/c1-25(2)30-17-12-18-31(26(3)4)34(30)36-35(38)37(22-27-13-8-6-9-14-27)23-29-19-20-32(39-5)33(21-29)40-24-28-15-10-7-11-16-28/h6-21,25-26H,22-24H2,1-5H3,(H,36,38)",KNWYMGBULPJYPH-UHFFFAOYSA-N,KNWYMGBULPJYPH,0.171034872472667,0.171034872472667,0.171034872472667,Score column,0.171034872472667,0,0.0007568453539706587,True,0.1133537666141118,109.0,235.0
88874_59597930,88874,59597930,"InChI=1S/C27H44N4O5S/c1-20-14-24(36-5)15-21(2)27(20)37(34,35)30(4)19-25(32)28-16-26(33)29(3)17-22-8-10-23(11-9-22)18-31-12-6-7-13-31/h14-15,22-23H,6-13,16-19H2,1-5H3,(H,28,32)",MYNSDCARQXJRNO-UHFFFAOYSA-N,MYNSDCARQXJRNO,0.7429918838141581,0.7429918838141581,0.7429918838141581,Score column,0.7429918838141581,0,0.0007567214855520701,True,0.11333521467118464,110.0,18.0
88874_123166051,88874,123166051,"InChI=1S/C29H43F3N2O2Si/c1-11-28(8)14-21-23(22(15-28)36-37(9,10)27(5,6)7)18(4)24(25(34-21)17(2)3)26(35)20-13-12-19(16-33-20)29(30,31)32/h12-13,16-17,22,26,35H,11,14-15H2,1-10H3",HLCSSUAJMQZKMK-UHFFFAOYSA-N,HLCSSUAJMQZKMK,0.32059408540242,0.32059408540242,0.32059408540242,Score column,0.32059408540242,0,0.00075297708576507,True,0.11277441077995537,111.0,99.0
88874_16223810,88874,16223810,"InChI=1S/C35H40N2O3/c1-4-36(5-2)35(39)28-13-11-27(12-14-28)34(26-9-7-6-8-10-26)29-23-30-17-18-31(24-29)37(30)22-21-33(38)25-15-19-32(40-3)20-16-25/h6-16,19-20,30-31H,4-5,17-18,21-24H2,1-3H3",PJWNVWYMIJHIKU-UHFFFAOYSA-N,PJWNVWYMIJHIKU,0.2770888518854419,0.2770888518854419,0.2770888518854419,Score column,0.2770888518854419,0,0.0007521561793283767,True,0.11265146249712749,112.0,162.0
88874_22447083,88874,22447083,"InChI=1S/C33H42F2N2S/c1-4-6-7-8-9-15-26-19-20-29(32(35)31(26)34)28-18-11-10-17-27(28)24(3)14-12-16-25(13-5-2)30-23-38-33-36-21-22-37(30)33/h10-11,17-25H,4-9,12-16H2,1-3H3",FXKFXJAVWRASKT-UHFFFAOYSA-N,FXKFXJAVWRASKT,0.3564104176357566,0.3564104176357566,0.3564104176357566,Score column,0.3564104176357566,0,0.0007519363964198758,True,0.11261854530950748,113.0,69.0
88874_71002880,88874,71002880,"InChI=1S/C27H44N4O5S/c1-26(2,3)15-16-28-21-11-8-6-4-5-7-10-19-18-27(19,25(34)30-37(35,36)20-13-14-20)29-23(32)22-12-9-17-31(22)24(21)33/h7,10,19-22,28H,4-6,8-9,11-18H2,1-3H3,(H,29,32)(H,30,34)/b10-7-/t19-,21+,22+,27-/m1/s1",KKEMHQHFOIYBEZ-NTNBDSOGSA-N,KKEMHQHFOIYBEZ,0.8912214331671666,0.8912214331671666,0.8912214331671666,Score column,0.8912214331671666,0,0.0007497798229311191,True,0.11229555234053672,114.0,5.0
88874_41172703,88874,41172703,"InChI=1S/C35H40N2O3/c1-5-6-7-12-33(39)37-31-11-9-8-10-29(31)36-30-21-27(25-15-13-24(4)14-16-25)22-32(38)34(30)35(37)26-17-19-28(20-18-26)40-23(2)3/h8-11,13-20,23,27,35-36H,5-7,12,21-22H2,1-4H3/t27-,35-/m1/s1",UGAONEQDCRZECK-QYTMHSNXSA-N,UGAONEQDCRZECK,0.2477439288594151,0.2477439288594151,0.2477439288594151,Score column,0.2477439288594151,0,0.0007476650000066567,True,0.11197881241083771,115.0,193.0
88874_5040652,88874,5040652,"InChI=1S/C35H40N2O3/c1-4-7-17-24(6-3)33(39)37-29(16-5-2)30(25-18-10-8-11-19-25)31(32(38)26-20-12-9-13-21-26)35(37)27-22-14-15-23-28(27)36-34(35)40/h8-15,18-24,29-31H,4-7,16-17H2,1-3H3,(H,36,40)",AIMIASIYWIMWCL-UHFFFAOYSA-N,AIMIASIYWIMWCL,0.3060365348991572,0.3060365348991572,0.3060365348991572,Score column,0.3060365348991572,0,0.0007445064940951804,True,0.11150575864884996,116.0,124.0
88874_176732460,88874,176732460,"InChI=1S/C35H40N2O3/c1-25(38)36-32-16-14-31(15-17-32)35(34(9-6-24-40-26(2)39)29-7-4-3-5-8-29)30-12-10-27(11-13-30)28-20-22-37(23-21-28)33-18-19-33/h3-5,7-8,10-17,28,33H,6,9,18-24H2,1-2H3,(H,36,38)",FJAVYWUAWYBKEO-UHFFFAOYSA-N,FJAVYWUAWYBKEO,0.3199191199852566,0.3199191199852566,0.3199191199852566,Score column,0.3199191199852566,0,0.0007407246629389769,True,0.11093934861012111,117.0,102.0
88874_174205298,88874,174205298,"InChI=1S/C32H41FN2O4/c1-20-7-5-9-26(33)28(20)29(36)35-27-10-6-8-21(27)19-25(30(37)38)32(35,31(2,3)4)22-11-13-23(14-12-22)34-24-15-17-39-18-16-24/h5,7,9,11-14,21,24-25,27,34H,6,8,10,15-19H2,1-4H3,(H,37,38)",PHHINQFOWNSRPX-UHFFFAOYSA-N,PHHINQFOWNSRPX,0.3242528503565815,0.3242528503565815,0.3242528503565815,Score column,0.3242528503565815,0,0.0007404168320916261,True,0.1108932443619492,118.0,97.0
88874_23907871,88874,23907871,"InChI=1S/C35H40N2O3/c1-24(2)36-35(40)33-30(26-16-6-3-7-17-26)31(34(39)28-20-10-5-11-21-28)32(27-18-8-4-9-19-27)37(33)29(38)23-22-25-14-12-13-15-25/h3-11,16-21,24-25,30-33H,12-15,22-23H2,1-2H3,(H,36,40)",XKGAFFWSZKYKQO-UHFFFAOYSA-N,XKGAFFWSZKYKQO,0.3678699204396338,0.3678699204396338,0.3678699204396338,Score column,0.3678699204396338,0,0.0007374205363686609,True,0.11044448504235241,119.0,64.0
88874_90274486,88874,90274486,"InChI=1S/C35H40N2O3/c1-23-32-21-29-14-15-30(20-31(29)35(23,2)17-19-37(32)22-25-4-5-25)33(38)36-18-16-24-6-8-26(9-7-24)27-10-12-28(13-11-27)34(39)40-3/h6-15,20,23,25,32H,4-5,16-19,21-22H2,1-3H3,(H,36,38)/t23?,32?,35-/m0/s1",RJBNIYNRTYJHKT-KSLJPMNFSA-N,RJBNIYNRTYJHKT,0.3011360543031844,0.3011360543031844,0.3011360543031844,Score column,0.3011360543031844,0,0.0007351171628063122,True,0.1100995056250358,120.0,133.0
88874_174188122,88874,174188122,"InChI=1S/C32H41FN2O4/c1-20-7-5-9-26(33)28(20)30(36)35-27-10-6-8-22(27)19-25(31(37)39-32(2,3)4)29(35)21-11-13-23(14-12-21)34-24-15-17-38-18-16-24/h5,7,9,11-14,22,24-25,27,29,34H,6,8,10,15-19H2,1-4H3/t22-,25-,27-,29+/m1/s1",FUXICIDNNSDGLH-AMOMVJEUSA-N,FUXICIDNNSDGLH,0.3105021624926541,0.3105021624926541,0.3105021624926541,Score column,0.3105021624926541,0,0.0007351087822645313,True,0.11009825045980005,121.0,121.0
88874_90789048,88874,90789048,"InChI=1S/C35H40N2O3/c1-21(2)29-15-5-22(3)17-32(29)37-35(40)31-18-23(4)36-33-20-28(14-16-30(31)33)27-12-10-26(11-13-27)25-8-6-24(7-9-25)19-34(38)39/h10-18,20-22,24-25H,5-9,19H2,1-4H3,(H,37,40)(H,38,39)",CLPWCXMYZNTFOQ-UHFFFAOYSA-N,CLPWCXMYZNTFOQ,0.2711709612762228,0.2711709612762228,0.2711709612762228,Score column,0.2711709612762228,0,0.0007346751814282837,True,0.11003330946790807,122.0,167.0
88874_90058590,88874,90058590,"InChI=1S/C35H40N2O3/c1-4-11-27(29-12-13-31-25-32(37(5-2)6-3)17-14-30(31)24-29)20-22-36-21-9-7-8-10-23-39-33-18-15-28-16-19-35(38)40-34(28)26-33/h4,11-20,22,24-26H,5-10,21,23H2,1-3H3/b11-4-,27-20+,36-22?",KZOLHAYVAZVHTK-QQUSLDLOSA-N,KZOLHAYVAZVHTK,0.2972163381727495,0.2972163381727495,0.2972163381727495,Score column,0.2972163381727495,0,0.0007314180287252084,True,0.10954548124065672,123.0,137.0
88874_176385840,88874,176385840,"InChI=1S/C32H41FN2O4/c1-32(2)17-27(35(3)19-32)31(37)34-23-13-21(14-23)18-39-28-12-11-20(16-29(36)38-4)15-25(28)24-9-6-10-26(33)30(24)22-7-5-8-22/h6,9-12,15,21-23,27H,5,7-8,13-14,16-19H2,1-4H3,(H,34,37)/t21?,23?,27-/m0/s1",OSEQMEKDIHSZGK-ZKPZBSICSA-N,OSEQMEKDIHSZGK,0.3191328362954406,0.3191328362954406,0.3191328362954406,Score column,0.3191328362954406,0,0.0007292905936180735,True,0.10922685236706231,124.0,104.0
88874_42727238,88874,42727238,"InChI=1S/C35H40N2O3/c1-3-5-6-7-14-24-30(38)37-29(17-4-2)31(25-18-10-8-11-19-25)32(33(39)26-20-12-9-13-21-26)35(37)27-22-15-16-23-28(27)36-34(35)40/h8-13,15-16,18-23,29,31-32H,3-7,14,17,24H2,1-2H3,(H,36,40)",PPOORYNCTIXTIG-UHFFFAOYSA-N,PPOORYNCTIXTIG,0.3243853720151788,0.3243853720151788,0.3243853720151788,Score column,0.3243853720151788,0,0.0007266218117393993,True,0.10882714524508276,125.0,96.0
88874_67585380,88874,67585380,"InChI=1S/C33H45O4P/c1-4-7-16-28-19-10-13-22-31(28)25-35-38(34,36-26-32-23-14-11-20-29(32)17-8-5-2)37-27-33-24-15-12-21-30(33)18-9-6-3/h10-15,19-24H,4-9,16-18,25-27H2,1-3H3",XWPUESOUABIOCA-UHFFFAOYSA-N,XWPUESOUABIOCA,0.209744957658192,0.209744957658192,0.209744957658192,Score column,0.209744957658192,0,0.0007208065868603714,True,0.10795619103985757,126.0,223.0
88874_176385942,88874,176385942,"InChI=1S/C32H41FN2O4/c1-32(2)18-26(35(3)19-32)31(37)34-22-14-15-23(17-22)39-27-13-6-10-21(16-28(36)38-4)30(27)24-11-7-12-25(33)29(24)20-8-5-9-20/h6-7,10-13,20,22-23,26H,5,8-9,14-19H2,1-4H3,(H,34,37)/t22-,23-,26+/m1/s1",HSDLZVYWEWSEAN-PLXFJCCSSA-N,HSDLZVYWEWSEAN,0.3188099937684722,0.3188099937684722,0.3188099937684722,Score column,0.3188099937684722,0,0.0007189146381957027,True,0.10767283129370121,127.0,108.0
88874_24018301,88874,24018301,"InChI=1S/C35H40N2O3/c1-2-24-36-35(40)33-30(26-16-6-3-7-17-26)31(34(39)28-20-10-5-11-21-28)32(27-18-8-4-9-19-27)37(33)29(38)23-22-25-14-12-13-15-25/h3-11,16-21,25,30-33H,2,12-15,22-24H2,1H3,(H,36,40)",ZPVPAIMNLTXFEF-UHFFFAOYSA-N,ZPVPAIMNLTXFEF,0.3678699204396338,0.3678699204396338,0.3678699204396338,Score column,0.3678699204396338,0,0.0007181527242466153,True,0.10755871839664531,128.0,64.0
88874_139641813,88874,139641813,"InChI=1S/C32H44N2O3S/c1-7-10-22-34(23-11-8-2)28-18-21-30(31(24-28)37-9-3)32(26-14-16-27(17-15-26)33(5)6)38(35,36)29-19-12-25(4)13-20-29/h12-21,24,32H,7-11,22-23H2,1-6H3",WBOLSORDRCHKHN-UHFFFAOYSA-N,WBOLSORDRCHKHN,0.2359402864956243,0.2359402864956243,0.2359402864956243,Score column,0.2359402864956243,0,0.0007137405338865336,True,0.10689789859546685,129.0,207.0
88874_110169479,88874,110169479,"InChI=1S/C27H44N4O5S/c1-3-28(4-2)20-11-21-29(37(35,36)26-18-16-25(17-19-26)31(33)34)22-27(32)30(23-12-7-5-8-13-23)24-14-9-6-10-15-24/h16-19,23-24H,3-15,20-22H2,1-2H3",USKGULUBTSVKCU-UHFFFAOYSA-N,USKGULUBTSVKCU,0.7428430540405272,0.7428430540405272,0.7428430540405272,Score column,0.7428430540405272,0,0.0007098969444716695,True,0.10632223893764213,130.0,19.0
88874_126717336,88874,126717336,"InChI=1S/C35H40N2O3/c36-31-21-19-29(20-22-31)28-17-14-27(15-18-28)25-37(35(39)30-9-3-1-4-10-30)32-11-7-8-26(24-32)16-23-34(38)40-33-12-5-2-6-13-33/h7-8,11,14-24,30,33H,1-6,9-10,12-13,25,36H2/b23-16+",QSQCEIYHOMESOW-XQNSMLJCSA-N,QSQCEIYHOMESOW,0.3348522464258665,0.3348522464258665,0.3348522464258665,Score column,0.3348522464258665,0,0.0007075905972502316,True,0.1059768141513256,131.0,81.0
88874_3708187,88874,3708187,"InChI=1S/C32H41FN2O4/c1-4-6-7-9-26-11-15-28(16-12-26)32(37)34(20-8-21-38-5-2)24-31(36)35(23-30-19-10-25(3)39-30)22-27-13-17-29(33)18-14-27/h10-19H,4-9,20-24H2,1-3H3",MNGGLHXHPOBQBM-UHFFFAOYSA-N,MNGGLHXHPOBQBM,0.3022344302669933,0.3022344302669933,0.3022344302669933,Score column,0.3022344302669933,0,0.000703062477285635,True,0.1052986314142912,132.0,130.0
88874_91188675,88874,91188675,"InChI=1S/C35H40N2O3/c1-4-21-37-30-17-16-24-27-14-10-19-34(27,2)20-18-28(24)35(30,3)22-26(33(37)40)32(39)36-29-15-9-8-13-25(29)31(38)23-11-6-5-7-12-23/h4-9,11-13,15,22,24,27-28,30H,1,10,14,16-21H2,2-3H3,(H,36,39)/t24-,27-,28+,30?,34-,35+/m0/s1",OZKBBMHJTLEHGJ-MFLGTPRGSA-N,OZKBBMHJTLEHGJ,0.3412732422744289,0.3412732422744289,0.3412732422744289,Score column,0.3412732422744289,0,0.0007026201238041007,True,0.1052323795267111,133.0,73.0
88874_176784707,88874,176784707,"InChI=1S/C32H41FN2O4/c1-19(31(37)38)21-11-14-28(25(15-21)24-9-6-10-26(33)29(24)20-7-5-8-20)39-23-13-12-22(16-23)34-30(36)27-17-32(2,3)18-35(27)4/h6,9-11,14-15,19-20,22-23,27H,5,7-8,12-13,16-18H2,1-4H3,(H,34,36)(H,37,38)/t19-,22-,23-,27+/m1/s1",YIJMFNSQUDBYQW-OMCBRXDHSA-N,YIJMFNSQUDBYQW,0.3188099937684722,0.3188099937684722,0.3188099937684722,Score column,0.3188099937684722,0,0.0006951791895733705,True,0.10411794060235743,134.0,108.0
88874_68453253,88874,68453253,"InChI=1S/C33H45O4P/c1-7-9-22-33(8-2,24-34)25-36-38(35)37-30-21-20-28(31(3,4)26-16-12-10-13-17-26)23-29(30)32(5,6)27-18-14-11-15-19-27/h10-21,23,34-35H,7-9,22,24-25H2,1-6H3",BVXGVJVGXBPGBZ-UHFFFAOYSA-N,BVXGVJVGXBPGBZ,0.0792697808992883,0.0792697808992883,0.0792697808992883,Score column,0.0792697808992883,0,0.0006921202492666226,True,0.10365979891753571,135.0,388.0
88874_4456498,88874,4456498,"InChI=1S/C32H41FN2O4/c1-3-5-6-7-10-26-12-16-28(17-13-26)32(37)34(20-9-21-38-4-2)25-31(36)35(24-30-11-8-22-39-30)23-27-14-18-29(33)19-15-27/h8,11-19,22H,3-7,9-10,20-21,23-25H2,1-2H3",XBLKXEIOCSTDJC-UHFFFAOYSA-N,XBLKXEIOCSTDJC,0.3054421723311016,0.3054421723311016,0.3054421723311016,Score column,0.3054421723311016,0,0.0006831735013353418,True,0.10231983221015337,136.0,126.0
88874_160946116,88874,160946116,"InChI=1S/C31H44N2O4Si/c1-11-25(37-38(9,10)31(5,6)7)21-35-26-17-19-28-23(20-26)14-18-27(32-28)22-12-15-24(16-13-22)33(8)29(34)36-30(2,3)4/h12-20,25H,11,21H2,1-10H3/t25-/m1/s1",BXXYCVPBCHKHFM-RUZDIDTESA-N,BXXYCVPBCHKHFM,0.1002508026773695,0.1002508026773695,0.1002508026773695,Score column,0.1002508026773695,0,0.0006827579248805569,True,0.10225759075459198,137.0,335.0
88874_69023185,88874,69023185,"InChI=1S/C33H45O4P/c1-7-25-16-13-19-28(31(25)10-4)22-35-38(34,36-23-29-20-14-17-26(8-2)32(29)11-5)37-24-30-21-15-18-27(9-3)33(30)12-6/h13-21H,7-12,22-24H2,1-6H3",RMWWCLJGLFAQBX-UHFFFAOYSA-N,RMWWCLJGLFAQBX,0.1620685049413762,0.1620685049413762,0.1620685049413762,Score column,0.1620685049413762,0,0.0006803253456404239,True,0.10189326002571886,138.0,240.0
88874_11649518,88874,11649518,"InChI=1S/C28H40N8OS/c1-20(2)27-32-22(18-38-27)17-36-26-24(16-31-36)25(29-19-30-26)34-12-14-35(15-13-34)28(37)21-6-8-23(9-7-21)33-10-4-3-5-11-33/h16,18-21,23H,3-15,17H2,1-2H3",FEFVEVFZSUYXCH-UHFFFAOYSA-N,FEFVEVFZSUYXCH,0.7839928609082217,0.7839928609082217,0.7839928609082217,Score column,0.7839928609082217,0,0.000679182760474833,True,0.10172213347850859,139.0,12.0
88874_144747944,88874,144747944,"InChI=1S/C30H41ClN6O/c1-4-17-37(30(38)24-12-14-32-15-13-24)18-16-33-20-27-29(23-8-10-25(31)11-9-23)36-28(35-27)19-21(3)34-26(5-2)22-6-7-22/h5,8-15,21-22,30,33-34,38H,4,6-7,16-20H2,1-3H3,(H,35,36)/b26-5-",MMKVKWMYTPKCBT-PLYROHNOSA-N,MMKVKWMYTPKCBT,0.3400948212294092,0.3400948212294092,0.3400948212294092,Score column,0.3400948212294092,0,0.0006784296329680138,True,0.10160933653896105,140.0,74.0
88874_145037420,88874,145037420,"InChI=1S/C33H37FN6/c1-4-30(35-3)26(12-22(2)27-13-24(18-37-19-27)17-36-16-23-8-5-6-9-23)15-32-39-31-21-38-20-29(33(31)40-32)25-10-7-11-28(34)14-25/h4,7,10-14,18-21,23,35-36H,2,5-6,8-9,15-17H2,1,3H3,(H,39,40)/b26-12-,30-4+",IPVPYUXOFWTVOS-YOKGOYPJSA-N,IPVPYUXOFWTVOS,0.3400734107882944,0.3400734107882944,0.3400734107882944,Score column,0.3400734107882944,0,0.0006730467391924646,True,0.1008031331560097,141.0,75.0
88874_15887724,88874,15887724,"InChI=1S/C33H45O4P/c1-32-19-9-14-30(32)29-16-15-27-22-28(17-21-33(27,2)31(29)18-20-32)37-38(34,35-23-25-10-5-3-6-11-25)36-24-26-12-7-4-8-13-26/h3-8,10-13,27-31H,9,14-24H2,1-2H3/t27-,28-,29-,30-,31-,32-,33-/m0/s1",GFARTDVUSUDGAP-MRNVWEPHSA-N,GFARTDVUSUDGAP,0.2863368099263816,0.2863368099263816,0.2863368099263816,Score column,0.2863368099263816,0,0.0006721855731882365,True,0.10067415514253951,142.0,152.0
88874_58688352,88874,58688352,"InChI=1S/C28H40N8OS/c1-6-29-27(37)30-16-20-9-7-8-10-22(20)23-15-24(25-17-31-28(38-25)32-18(2)3)35-26(34-23)33-21-11-13-36(14-12-21)19(4)5/h7-10,15,17-19,21H,6,11-14,16H2,1-5H3,(H,31,32)(H2,29,30,37)(H,33,34,35)",WHXVNXSOYCSVKG-UHFFFAOYSA-N,WHXVNXSOYCSVKG,0.333442966572757,0.333442966572757,0.333442966572757,Score column,0.333442966572757,0,0.0006712276866278204,True,0.10053069115872491,143.0,84.0
88874_60043521,88874,60043521,"InChI=1S/C30H38F2N6O/c1-5-34-27-20(13-22(31)15-25(27)32)14-24(29-37-10-11-38-29)26(39)18-33-17-21-12-19(16-30(2,3)4)6-7-23(21)28-35-8-9-36-28/h6-13,15,24,26,33-34,39H,5,14,16-18H2,1-4H3,(H,35,36)(H,37,38)",QFJBRIDQYGQZFL-UHFFFAOYSA-N,QFJBRIDQYGQZFL,0.262423419328862,0.262423419328862,0.262423419328862,Score column,0.262423419328862,0,0.0006663291424799885,True,0.09979702948376168,144.0,180.0
88874_69298920,88874,69298920,"InChI=1S/C28H40N8OS/c1-2-6-25-32-22(19-38-25)18-36-27-24(17-31-36)26(29-20-30-27)34-13-15-35(16-14-34)28(37)21-7-9-23(10-8-21)33-11-4-3-5-12-33/h17,19-21,23H,2-16,18H2,1H3",PGBOPXZOANVDGY-UHFFFAOYSA-N,PGBOPXZOANVDGY,0.7842603383584119,0.7842603383584119,0.7842603383584119,Score column,0.7842603383584119,0,0.0006657664841140665,True,0.09971275936865877,145.0,11.0
88874_166930837,88874,166930837,"InChI=1S/C29H41N6O2P/c1-19-9-10-23(27(15-19)38(7,8)36)31-28-21(3)18-30-29(33-28)32-24-16-20(2)25(17-26(24)37-6)35-13-11-22(12-14-35)34(4)5/h9-10,15-18,22H,11-14H2,1-8H3,(H2,30,31,32,33)",VFEPUNXLRRPKRN-UHFFFAOYSA-N,VFEPUNXLRRPKRN,0.2376495555915987,0.2376495555915987,0.2376495555915987,Score column,0.2376495555915987,0,0.0006621975348763398,True,0.0991782329468099,146.0,201.0
88874_10459840,88874,10459840,"InChI=1S/C28H40N8OS/c1-2-3-25-33-23(18-38-25)17-36-27-24(16-32-36)26(30-19-31-27)34-12-14-35(15-13-34)28(37)22-6-4-20(5-7-22)21-8-10-29-11-9-21/h16,18-22,29H,2-15,17H2,1H3",WCXMKTMCHKSTOR-UHFFFAOYSA-N,WCXMKTMCHKSTOR,0.763786905609025,0.763786905609025,0.763786905609025,Score column,0.763786905609025,0,0.0006553283643843005,True,0.09814942786172595,147.0,15.0
88874_154009684,88874,154009684,"InChI=1S/C28H40N8OS/c1-19(29)17-23(30)32-24-18-25(35-13-15-36(16-14-35)28(2,3)4)34-27(33-24)38-22-11-9-21(10-12-22)31-26(37)20-7-5-6-8-20/h9-12,17-18,20H,5-8,13-16,29H2,1-4H3,(H,31,37)(H2,30,32,33,34)",BYOKWBFIEFXTEN-UHFFFAOYSA-N,BYOKWBFIEFXTEN,0.3133765864460649,0.3133765864460649,0.3133765864460649,Score column,0.3133765864460649,0,0.0006547116671191183,True,0.09805706426657104,148.0,117.0
88874_68069538,88874,68069538,"InChI=1S/C27H44N4O5S/c1-22-9-11-24(12-10-22)36-27-25(31(15-17-34-7)16-18-35-8)19-23(21-30(6)14-13-28(2)3)20-26(27)37(32,33)29(4)5/h9-12,19-20H,13-18,21H2,1-8H3",NRNNCERVGOFWKR-UHFFFAOYSA-N,NRNNCERVGOFWKR,0.2107981585633463,0.2107981585633463,0.2107981585633463,Score column,0.2107981585633463,0,0.0006502742023364271,True,0.0973924590804566,149.0,222.0
88874_177515906,88874,177515906,"InChI=1S/C35H40N2O3/c1-7-9-11-21-13-15-27-25(17-21)34(3,4)29(36-27)19-23-31(38)24(33(40)32(23)39)20-30-35(5,6)26-18-22(12-10-8-2)14-16-28(26)37-30/h13-20,36,38H,7-12H2,1-6H3/b24-20+,29-19+",OFSUGYOVSPYPLV-IEBZIHPMSA-N,OFSUGYOVSPYPLV,0.2945040820332242,0.2945040820332242,0.2945040820332242,Score column,0.2945040820332242,0,0.0006496167248812783,True,0.09729398778032378,150.0,140.0
88874_173789066,88874,173789066,"InChI=1S/C26H49ClN2O5S/c1-5-6-7-8-9-10-11-12-18-13-14-19(29(3)16-15-18)25(33)28-20(17(2)27)24-22(31)21(30)23(32)26(34-24)35-4/h17-24,26,30-32H,5-16H2,1-4H3,(H,28,33)/t17-,18-,19-,20+,21?,22?,23+,24+,26?/m0/s1",WDOHSWQGOZADIC-ISKHUQOPSA-N,WDOHSWQGOZADIC,0.9138553263063354,0.9138553263063354,0.9138553263063354,Score column,0.9138553263063354,0,0.0006492804665369662,True,0.09724362590694605,151.0,3.0
88874_145037155,88874,145037155,"InChI=1S/C33H37FN6/c1-6-22(21-40-15-8-9-16-40)17-23(7-2)26-18-27(29(35-5)19-28(26)34)33(3,4)32-38-30-25(12-14-37-31(30)39-32)24-11-10-13-36-20-24/h6-7,10-14,17-20,35H,1,8-9,15-16,21H2,2-5H3,(H,37,38,39)/b22-17+,23-7+",CHUJVEOKKRZYCO-QZTLNESXSA-N,CHUJVEOKKRZYCO,0.2400956440285434,0.2400956440285434,0.2400956440285434,Score column,0.2400956440285434,0,0.0006485660554703226,True,0.09713662758173996,152.0,198.0
88874_142528793,88874,142528793,"InChI=1S/C26H49ClN2O5S/c1-4-5-6-7-8-9-10-11-12-18-13-14-19(28-16-15-18)25(33)29-20(17(2)27)24-22(31)21(30)23(32)26(34-24)35-3/h17-24,26,28,30-32H,4-16H2,1-3H3,(H,29,33)/t17-,18-,19-,20+,21?,22?,23+,24+,26?/m0/s1",QZIPJCUAEPXWML-ISKHUQOPSA-N,QZIPJCUAEPXWML,1.0,1.0,1.0,Score column,1.0,0,0.0006472660411439932,True,0.096941922653225,153.0,1.0
88874_123306785,88874,123306785,"InChI=1S/C28H40N8OS/c1-19(29)17-23(30)32-24-18-25(35-13-15-36(16-14-35)28(2,3)4)34-27(33-24)38-22-11-9-21(10-12-22)31-26(37)20-7-5-6-8-20/h9-12,18,20,29H,5-8,13-17H2,1-4H3,(H,31,37)(H2,30,32,33,34)",RXQLCOGIZJONSC-UHFFFAOYSA-N,RXQLCOGIZJONSC,0.3125439898912425,0.3125439898912425,0.3125439898912425,Score column,0.3125439898912425,0,0.0006410242368517192,True,0.09600707906426004,154.0,118.0
88874_145034876,88874,145034876,"InChI=1S/C33H37FN6/c1-7-14-24(36-21(5)6)19-22(8-2)25(9-3)30(34)29-27(10-4)39-40-32(29)33-37-28-17-12-11-16-26(31(28)38-33)23-15-13-18-35-20-23/h7-16,18-21,36,39H,17H2,1-6H3,(H,37,38)/b14-7+,22-8+,24-19+,25-9+,27-10+,30-29-",XKFLTJYWRSNLDU-XZPYJKRXSA-N,XKFLTJYWRSNLDU,0.3292099207854418,0.3292099207854418,0.3292099207854418,Score column,0.3292099207854418,0,0.0006391942594223726,True,0.09573300083500623,155.0,87.0
88874_72163104,88874,72163104,"InChI=1S/C26H49ClN2O5S/c1-4-5-6-7-8-9-10-11-12-13-18-14-15-28-19(16-18)25(33)29-20(17(2)27)24-22(31)21(30)23(32)26(34-24)35-3/h17-24,26,28,30-32H,4-16H2,1-3H3,(H,29,33)/t17-,18+,19-,20+,21-,22+,23+,24+,26+/m0/s1",KCSJXHDSJFEAID-MKSQAKAQSA-N,KCSJXHDSJFEAID,1.0,1.0,1.0,Score column,1.0,0,0.0006383939272576339,True,0.09561313398910487,156.0,1.0
88874_139577457,88874,139577457,"InChI=1S/C35H40N2O3/c1-3-24-13-8-7-10-21(2)35(39)29-18-27-25-14-9-15-26(25)34-33(32(27)28(29)19-31(38)40-24)36-30-17-16-23(20-37(30)34)22-11-5-4-6-12-22/h4-6,11-12,16-18,20-21,24-28,32H,3,7-10,13-15,19H2,1-2H3/t21-,24+,25-,26?,27?,28-,32?/m1/s1",VEAWOIVBPGWSSR-CTTGKIJXSA-N,VEAWOIVBPGWSSR,0.253761351116857,0.253761351116857,0.253761351116857,Score column,0.253761351116857,0,0.0006375519344715373,True,0.0954870275748087,157.0,188.0
88874_123638490,88874,123638490,"InChI=1S/C28H40N8OS/c1-15-20(24-33-22-19(38-24)12-13-29-21(22)16-8-9-16)23(34-25(30-15)35-27(2,3)4)31-17-10-11-18(14-17)32-26(37)36-28(5,6)7/h12-13,16-18H,8-11,14H2,1-7H3,(H2,32,36,37)(H2,30,31,34,35)",NDHNNGMFXNLURS-UHFFFAOYSA-N,NDHNNGMFXNLURS,0.3188127713139426,0.3188127713139426,0.3188127713139426,Score column,0.3188127713139426,0,0.0006367085360978488,True,0.09536071064373124,158.0,107.0
88874_176353409,88874,176353409,"InChI=1S/C31H44N2O4Si/c1-30(2,3)36-29(35)33-20-19-32(28(34)23-33)22-24-17-18-25(21-24)37-38(31(4,5)6,26-13-9-7-10-14-26)27-15-11-8-12-16-27/h7-16,24-25H,17-23H2,1-6H3",BWPDHLSPBUDOPG-UHFFFAOYSA-N,BWPDHLSPBUDOPG,0.1355773773919764,0.1355773773919764,0.1355773773919764,Score column,0.1355773773919764,0,0.0006351485061407606,True,0.0951270628176079,159.0,256.0
88874_89077276,88874,89077276,"InChI=1S/C30H41N5O2S/c1-6-21(2)24-18-23(33-10-7-11-35(13-12-33)29(36)32-30(3,4)5)20-27-28(24)31-25-9-8-22(19-26(25)38-27)34-14-16-37-17-15-34/h8-9,18-21H,6-7,10-17H2,1-5H3/p+1",WDYWGPGATPBRLG-UHFFFAOYSA-O,WDYWGPGATPBRLG,0.2678588033784483,0.2678588033784483,0.2678588033784483,Score column,0.2678588033784483,0,0.0006288571850691152,True,0.09418480303268838,160.0,171.0
88874_117974024,88874,117974024,"InChI=1S/C28H40N8OS/c1-2-23-32-24-25(30-19-3-5-21(6-4-19)35-13-11-28(9-10-28)12-14-35)33-27(34-26(24)38-23)31-20-17-29-36(18-20)22-7-15-37-16-8-22/h17-19,21-22H,2-16H2,1H3,(H2,30,31,33,34)",LHYZONPSVXUPQE-UHFFFAOYSA-N,LHYZONPSVXUPQE,0.7268481682434806,0.7268481682434806,0.7268481682434806,Score column,0.7268481682434806,0,0.0006287307866362872,True,0.09416587216605887,161.0,24.0
88874_140968562,88874,140968562,"InChI=1S/C35H40N2O3/c1-5-8-27-19-24(9-7-18-39-3)10-11-26(27)12-13-29-21-32(31-22-30(40-4)14-15-33(31)36-29)35(38)34-20-28-16-17-37(34)23-25(28)6-2/h5-6,10-11,14-15,19,21-22,25,28,34-35,38H,1-2,7-9,16-18,20,23H2,3-4H3/t25-,28?,34-,35+/m0/s1",ZHMVIRHLFZEETJ-RCEQPFSESA-N,ZHMVIRHLFZEETJ,0.2816451578658597,0.2816451578658597,0.2816451578658597,Score column,0.2816451578658597,0,0.0006207069075204551,True,0.09296412478680345,162.0,158.0
88874_66694667,88874,66694667,"InChI=1S/C33H45O4P/c1-31(2,3)28(25-19-13-10-14-20-25)35-38(34,36-29(32(4,5)6)26-21-15-11-16-22-26)37-30(33(7,8)9)27-23-17-12-18-24-27/h10-24,28-30H,1-9H3",QVBKHGFEBYMMSQ-UHFFFAOYSA-N,QVBKHGFEBYMMSQ,0.0498834352478178,0.0498834352478178,0.0498834352478178,Score column,0.0498834352478178,0,0.0006186329609332234,True,0.09265350696218996,163.0,464.0
88874_66579522,88874,66579522,"InChI=1S/C35H40N2O3/c1-6-39-31(38)23-35(20-21-35)30-18-16-27(17-19-30)26-12-14-28(15-13-26)33-32(25(3)37-40-33)36-24(2)22-34(4,5)29-10-8-7-9-11-29/h7-19,24,36H,6,20-23H2,1-5H3",KRBCPYLWKPATSS-UHFFFAOYSA-N,KRBCPYLWKPATSS,0.1213761040331931,0.1213761040331931,0.1213761040331931,Score column,0.1213761040331931,0,0.0006115489968009651,True,0.09159253193903895,164.0,275.0
88874_59489997,88874,59489997,"InChI=1S/C33H37FN6/c1-39-17-19-40(20-18-39)16-4-15-35-33-37-23-26-21-31(29-5-2-3-6-30(29)32(26)38-33)25-9-13-28(14-10-25)36-22-24-7-11-27(34)12-8-24/h2-3,5-14,23,31,36H,4,15-22H2,1H3,(H,35,37,38)",CTLKDIQRGZEEEV-UHFFFAOYSA-N,CTLKDIQRGZEEEV,0.2128590222031936,0.2128590222031936,0.2128590222031936,Score column,0.2128590222031936,0,0.0006110306797278222,True,0.09151490288016596,165.0,221.0
88874_145035352,88874,145035352,"InChI=1S/C33H37FN6/c1-8-12-27(25-15-21(4)16-26(34)18-25)31-22(5)36-33(37-31)32-28-19-29(35-20-30(28)38-39-32)24(10-3)17-23(9-2)13-11-14-40(6)7/h8-10,12,15-20H,1-2,11,13-14H2,3-7H3,(H,36,37)(H,38,39)/b23-17+,24-10+,27-12-",RDFKHOSXIFBHER-RISLMUCPSA-N,RDFKHOSXIFBHER,0.3854881797302848,0.3854881797302848,0.3854881797302848,Score column,0.3854881797302848,0,0.0006092095617276104,True,0.09124215153976363,166.0,58.0
88874_165376927,88874,165376927,"InChI=1S/C35H40N2O3/c1-22-17-23(2)37-35(39)33(22)21-36-34(38)32-20-28(19-31-29(11-12-30(31)32)27-5-3-4-6-27)26-9-7-24(8-10-26)18-25-13-15-40-16-14-25/h7-12,17,19-20,25,27,29H,3-6,13-16,18,21H2,1-2H3,(H,36,38)(H,37,39)",NQTQKMOBZBMTPW-UHFFFAOYSA-N,NQTQKMOBZBMTPW,0.260313845042301,0.260313845042301,0.260313845042301,Score column,0.260313845042301,0,0.0006088082235184251,True,0.09118204256577225,167.0,183.0
88874_143509800,88874,143509800,"InChI=1S/C35H40N2O3/c1-23(27-9-10-27)40-35(38)36-29-13-11-28(12-14-29)34-32(16-7-24-5-6-24)31-15-8-26(21-25-17-19-39-20-18-25)22-33(31)37(34)30-3-2-4-30/h8,11-15,22-25,27,30H,2-6,9-10,17-21H2,1H3,(H,36,38)",DNINYAPSLWAZIJ-UHFFFAOYSA-N,DNINYAPSLWAZIJ,0.3044155755259715,0.3044155755259715,0.3044155755259715,Score column,0.3044155755259715,0,0.0006079418023888167,True,0.09105227748496689,168.0,127.0
88874_46834123,88874,46834123,"InChI=1S/C33H37FN6/c1-39-16-18-40(19-17-39)15-5-14-35-33-37-23-26-21-31(29-8-2-3-9-30(29)32(26)38-33)25-10-12-28(13-11-25)36-22-24-6-4-7-27(34)20-24/h2-4,6-13,20,23,31,36H,5,14-19,21-22H2,1H3,(H,35,37,38)",CZPUHBVBHNTQNG-UHFFFAOYSA-N,CZPUHBVBHNTQNG,0.2128590222031936,0.2128590222031936,0.2128590222031936,Score column,0.2128590222031936,0,0.0006078839005021867,True,0.09104360543999875,169.0,221.0
88874_166853551,88874,166853551,"InChI=1S/C35H40N2O3/c1-6-25-17-20(3)29-31(25)22(5)36(33(29)38)27-10-8-9-23(11-14-27)19-24-12-15-28(16-13-24)37-34(39)30-21(4)18-26(7-2)32(30)35(37)40/h7,9-16,20-21,25-26,29-32H,2,5-6,8,17-19H2,1,3-4H3",ZLEVLMUTODEWPS-UHFFFAOYSA-N,ZLEVLMUTODEWPS,0.3015112543361101,0.3015112543361101,0.3015112543361101,Score column,0.3015112543361101,0,0.0006050851409654112,True,0.09062443138591189,170.0,132.0
88874_11455458,88874,11455458,"InChI=1S/C31H44N2O4Si/c1-30(2,3)37-29(35)32-27-21-20-23-14-13-15-24(33(23)28(27)34)22-36-38(31(4,5)6,25-16-9-7-10-17-25)26-18-11-8-12-19-26/h7-12,16-19,23-24,27H,13-15,20-22H2,1-6H3,(H,32,35)/t23-,24+,27+/m1/s1",HNAFZVJBXVITRT-DXBVXKBHSA-N,HNAFZVJBXVITRT,0.1229570721374639,0.1229570721374639,0.1229570721374639,Score column,0.1229570721374639,0,0.0006030455538786649,True,0.09031895963080727,171.0,273.0
88874_10347122,88874,10347122,"InChI=1S/C31H44N2O4Si/c1-10-26(35-6)24-14-12-16-28(32-24)31(34,29-17-13-15-25(33-29)27(11-2)36-7)22-18-20-23(21-19-22)37-38(8,9)30(3,4)5/h12-21,26-27,34H,10-11H2,1-9H3",GZEAJKUOYRVFSV-UHFFFAOYSA-N,GZEAJKUOYRVFSV,0.078682528545732,0.078682528545732,0.078682528545732,Score column,0.078682528545732,0,0.0005963573764116751,True,0.08931726211930176,172.0,391.0
88874_144082494,88874,144082494,"InChI=1S/C27H44N4O5S/c1-22(2)20-36-27(32)29-19-24-11-9-23(10-12-24)13-18-37(33,34)31-15-6-17-35-21-30-26(28-14-16-31)25-7-4-3-5-8-25/h9-12,22,25H,3-8,13-21H2,1-2H3,(H,28,30)(H,29,32)",SSGPWNKQUBOYTQ-UHFFFAOYSA-N,SSGPWNKQUBOYTQ,0.4228241767937218,0.4228241767937218,0.4228241767937218,Score column,0.4228241767937218,0,0.0005900044304072742,True,0.08836577268369,173.0,48.0
88874_177401248,88874,177401248,"InChI=1S/C32H44N2O3S/c1-5-9-17-33(18-10-6-2)23-13-15-25(27(35)21-23)29-31(37)30(32(29)38)26-16-14-24(22-28(26)36)34(19-11-7-3)20-12-8-4/h13-16,21-22,35,38H,5-12,17-20H2,1-4H3/b30-26-",JRQNXPSETHMKCT-BXVZCJGGSA-N,JRQNXPSETHMKCT,0.2979551479166376,0.2979551479166376,0.2979551479166376,Score column,0.2979551479166376,0,0.0005899278147899595,True,0.0883542978576129,174.0,136.0
88874_59489663,88874,59489663,"InChI=1S/C33H37FN6/c1-39-17-19-40(20-18-39)16-6-15-35-33-37-23-26-21-30(28-8-3-4-9-29(28)32(26)38-33)24-11-13-27(14-12-24)36-22-25-7-2-5-10-31(25)34/h2-5,7-14,23,30,36H,6,15-22H2,1H3,(H,35,37,38)",YLRXUEJNZPEZDL-UHFFFAOYSA-N,YLRXUEJNZPEZDL,0.2128590222031936,0.2128590222031936,0.2128590222031936,Score column,0.2128590222031936,0,0.0005898799132622718,True,0.08834712358011818,175.0,221.0
88874_177190962,88874,177190962,"InChI=1S/C30H38F2N6O/c1-5-7-9-23(8-6-2)34-28-29(36-26-17-24(18-30(3,4)39)33-19-27(26)35-28)38-14-12-37(13-15-38)20-21-10-11-22(31)16-25(21)32/h6,8-11,16-17,19,39H,5,7,12-15,18,20H2,1-4H3,(H,34,35)/b8-6-,23-9+",AZISQWCSNZFFRK-KKZYBMPCSA-N,AZISQWCSNZFFRK,0.2699708554289731,0.2699708554289731,0.2699708554289731,Score column,0.2699708554289731,0,0.0005867418967351915,True,0.08787713854133089,176.0,170.0
88874_11214800,88874,11214800,"InChI=1S/C27H44N4O5S/c1-20-15-25(35-5)16-21(2)27(20)37(33,34)28(3)13-14-36-19-26(32)31-11-9-30(10-12-31)24-17-22-7-6-8-23(18-24)29(22)4/h15-16,22-24H,6-14,17-19H2,1-5H3",FLZPQWVQYBXQLX-UHFFFAOYSA-N,FLZPQWVQYBXQLX,0.4147339672627296,0.4147339672627296,0.4147339672627296,Score column,0.4147339672627296,0,0.0005847505184385933,True,0.08757888708284105,177.0,49.0
88874_11353159,88874,11353159,"InChI=1S/C27H44N4O5S/c1-6-31-22-7-8-23(31)18-24(17-22)29-9-11-30(12-10-29)26(32)19-36-14-13-28(4)37(33,34)27-20(2)15-25(35-5)16-21(27)3/h15-16,22-24H,6-14,17-19H2,1-5H3",OGMXQLUAUTYWME-UHFFFAOYSA-N,OGMXQLUAUTYWME,0.4143368504603885,0.4143368504603885,0.4143368504603885,Score column,0.4143368504603885,0,0.00058331454520794,True,0.08736381940276926,178.0,50.0
88874_10280314,88874,10280314,"InChI=1S/C27H44N4O5S/c1-20(2)22-18-23(21(3)17-24(22)35-16-15-29(6)7)36-26(33)10-8-9-25(32)31-13-11-30(12-14-31)19-27(4,5)37-28-34/h17-18,20H,8-16,19H2,1-7H3",LBGINGVFOJOEAL-UHFFFAOYSA-N,LBGINGVFOJOEAL,0.2837950042572209,0.2837950042572209,0.2837950042572209,Score column,0.2837950042572209,0,0.0005679001249562221,True,0.0850551805420849,179.0,154.0
88874_124028966,88874,124028966,"InChI=1S/C30H42N5O2S/c1-5-21-17-25(19-32-29(21)31)38(37,6-2)33-24-11-12-28-26(18-24)27(20-34(28)3)22-13-15-35(4,16-14-22)30(36)23-9-7-8-10-23/h6,11-12,17-20,22-23H,5,7-10,13-16H2,1-4H3,(H2,31,32)(H,33,37)/q+1",XQNZLWQKGAACQS-UHFFFAOYSA-N,XQNZLWQKGAACQS,0.2836665133892114,0.2836665133892114,0.2836665133892114,Score column,0.2836665133892114,0,0.0005668878193034356,True,0.08490356613617477,180.0,155.0
88874_134362973,88874,134362973,"InChI=1S/C32H41FN2O4/c1-32-19-28(31-23-9-6-21(36)17-20(23)5-8-24(31)25(32)10-12-29(32)37)39-22-7-11-27(26(33)18-22)34-30(38)13-16-35-14-3-2-4-15-35/h6-7,9,11,17-18,24-25,28-29,31,36-37H,2-5,8,10,12-16,19H2,1H3,(H,34,38)/t24-,25-,28-,29-,31+,32-/m0/s1",KUYHORNSLGGCBS-CMSOMAENSA-N,KUYHORNSLGGCBS,0.308525649770446,0.308525649770446,0.308525649770446,Score column,0.308525649770446,0,0.0005665640512474407,True,0.08485507495040769,181.0,123.0
88874_101185923,88874,101185923,"InChI=1S/C31H44N2O4Si/c1-23(2)22-27(32-29(35)24-14-9-7-10-15-24)38(6,25-16-11-8-12-17-25)21-19-28(34)33-20-13-18-26(33)30(36)37-31(3,4)5/h7-12,14-17,23,26-27H,13,18-22H2,1-6H3,(H,32,35)/t26-,27?,38?/m0/s1",BWTCAYDURQGVGM-IYUMPUHXSA-N,BWTCAYDURQGVGM,0.14472308675096,0.14472308675096,0.14472308675096,Score column,0.14472308675096,0,0.0005647571438568988,True,0.08458445195250427,182.0,247.0
88874_123487268,88874,123487268,"InChI=1S/C32H42ClN3O2/c1-2-38-28-15-17-32(25-13-14-29(33)35-30(25)28)21-34-20-26(32)31(37)36-18-16-24(22-9-5-3-6-10-22)19-27(36)23-11-7-4-8-12-23/h3,5-6,9-10,13-14,23-24,26-28,34H,2,4,7-8,11-12,15-21H2,1H3/p+1/t24-,26+,27+,28?,32+/m1/s1",JVLBFSFTILAZAL-VWYKOBFHSA-O,JVLBFSFTILAZAL,0.2803592681169534,0.2803592681169534,0.2803592681169534,Score column,0.2803592681169534,0,0.0005621306881639337,True,0.08419108408140519,183.0,160.0
88874_141813518,88874,141813518,"InChI=1S/C35H40N2O3/c1-34(2,3)36-32(39)30-25(17-15-23-11-7-9-13-28(23)30)19-21-27(38)22-20-26-18-16-24-12-8-10-14-29(24)31(26)33(40)37-35(4,5)6/h7-18H,19-22H2,1-6H3,(H,36,39)(H,37,40)",GLAXIGHERNYRFH-UHFFFAOYSA-N,GLAXIGHERNYRFH,0.0783831460844656,0.0783831460844656,0.0783831460844656,Score column,0.0783831460844656,0,0.0005603518920257114,True,0.08392467134431392,184.0,392.0
88874_163738541,88874,163738541,"InChI=1S/C27H44N4O5S/c1-5-30(19-22-8-10-24(11-9-22)31-12-6-7-13-31)26(32)20-36-15-14-29(3)37(33,34)27-21(2)16-25(35-4)17-23(27)18-28/h16-17,22,24,26,32H,5-15,19-20H2,1-4H3",LFTRDHHGABXION-UHFFFAOYSA-N,LFTRDHHGABXION,0.4018426193422491,0.4018426193422491,0.4018426193422491,Score column,0.4018426193422491,0,0.0005585915357333847,True,0.08366102036823114,185.0,55.0
88874_67384944,88874,67384944,"InChI=1S/C32H41FN2O4/c1-6-28-30(24-10-8-7-9-11-24)31(26-17-16-25(37-5)18-27(26)33)34-35(28)19-22-12-14-23(15-13-22)20-38-21-29(36)39-32(2,3)4/h7-11,16-18,22-23H,6,12-15,19-21H2,1-5H3",YZRXCTAFHBONHD-UHFFFAOYSA-N,YZRXCTAFHBONHD,0.1130508456384477,0.1130508456384477,0.1130508456384477,Score column,0.1130508456384477,0,0.0005583702893821377,True,0.08362788399878406,186.0,291.0
88874_11489534,88874,11489534,"InChI=1S/C27H44N4O5S/c1-19-14-25(35-5)15-20(2)27(19)37(33,34)29(3)12-13-36-18-26(32)31-10-8-21(9-11-31)28-22-16-23-6-7-24(17-22)30(23)4/h14-15,21-24,28H,6-13,16-18H2,1-5H3",UPZBRDWVPWQYKI-UHFFFAOYSA-N,UPZBRDWVPWQYKI,0.3793280008494696,0.3793280008494696,0.3793280008494696,Score column,0.3793280008494696,0,0.0005582986841346203,True,0.08361715958266279,187.0,61.0
88874_143996579,88874,143996579,"InChI=1S/C27H44N4O5S/c1-6-29-27(36)30-17-22(13-14-24(28)32)25(33)31-23(26(34)35)18-37-16-15-21(5)12-8-11-20(4)10-7-9-19(2)3/h9,11,15,17,22-23H,6-8,10,12-14,16,18H2,1-5H3,(H2,28,32)(H,29,36)(H,31,33)(H,34,35)/b20-11+,21-15+,30-17?/t22?,23-/m0/s1",XLXUVHGUIKUHPB-FLXCYLIRSA-N,XLXUVHGUIKUHPB,0.7103686682512255,0.7103686682512255,0.7103686682512255,Score column,0.7103686682512255,0,0.0005564214858226912,True,0.08333600901706512,188.0,27.0
88874_9850113,88874,9850113,"InChI=1S/C35H40N2O3/c1-24-21-34(36)25(2)26(3)35(24)39-23-31(38)22-37-19-17-30(18-20-37)28-11-9-27(10-12-28)29-13-15-33(16-14-29)40-32-7-5-4-6-8-32/h4-16,21,30-31,38H,17-20,22-23,36H2,1-3H3",UMTHHEZSWLIDJJ-UHFFFAOYSA-N,UMTHHEZSWLIDJJ,0.1365623815035511,0.1365623815035511,0.1365623815035511,Score column,0.1365623815035511,0,0.0005558719386641104,True,0.08325370258546663,189.0,255.0
88874_70412088,88874,70412088,"InChI=1S/C35H40N2O3/c1-3-4-15-33(36-23-22-28-16-19-32(20-17-28)39-25-29-11-7-5-8-12-29)31-18-21-35(34(24-31)37-27(2)38)40-26-30-13-9-6-10-14-30/h5-14,16-21,24,33,36H,3-4,15,22-23,25-26H2,1-2H3,(H,37,38)",LLZZJTOCFHLUKN-UHFFFAOYSA-N,LLZZJTOCFHLUKN,0.1322947179442971,0.1322947179442971,0.1322947179442971,Score column,0.1322947179442971,0,0.0005556272624518339,True,0.08321705709360108,190.0,258.0
88874_87714871,88874,87714871,"InChI=1S/C27H44N4O5S/c1-7-9-22-19-23(21(2)18-24(22)35-17-16-29(5)6)36-26(33)11-8-10-25(32)31-14-12-30(13-15-31)20-27(3,4)37-28-34/h18-19H,7-17,20H2,1-6H3",KZTDKTULZAUBRP-UHFFFAOYSA-N,KZTDKTULZAUBRP,0.2837950042572209,0.2837950042572209,0.2837950042572209,Score column,0.2837950042572209,0,0.000554011863479122,True,0.0829751165740738,191.0,154.0
88874_143534571,88874,143534571,"InChI=1S/C27H44N4O5S/c1-21-16-25(35-4)17-22(2)27(21)37(33,34)31-15-14-28(3)18-24(31)19-36-20-26(32)30-12-8-23(9-13-30)29-10-6-5-7-11-29/h16-17,23-24H,5-15,18-20H2,1-4H3",VUPIVCSWUXNUDJ-UHFFFAOYSA-N,VUPIVCSWUXNUDJ,0.4084568614672423,0.4084568614672423,0.4084568614672423,Score column,0.4084568614672423,0,0.0005515216676833375,True,0.08260215653464448,192.0,51.0
88874_145037673,88874,145037673,"InChI=1S/C33H37FN6/c1-10-25(17-26(11-2)37-23(8)20(4)5)21(6)32(34)31-28(12-3)39-40-33(31)24(9)38-30-19-35-18-27(22(30)7)29-15-13-14-16-36-29/h10-20,37-39H,2,6,8-9H2,1,3-5,7H3/b25-10+,26-17+,28-12+,32-31-",ZLOYVBVQMABIFM-JGCMVFDTSA-N,ZLOYVBVQMABIFM,0.2823160648970652,0.2823160648970652,0.2823160648970652,Score column,0.2823160648970652,0,0.0005511915512225208,True,0.08255271453958093,193.0,156.0
88874_11318637,88874,11318637,"InChI=1S/C27H44N4O5S/c1-6-31(37(33,34)27-20(2)15-25(35-5)16-21(27)3)13-14-36-19-26(32)30-11-9-29(10-12-30)24-17-22-7-8-23(18-24)28(22)4/h15-16,22-24H,6-14,17-19H2,1-5H3",KVOAWWUJVWQLAX-UHFFFAOYSA-N,KVOAWWUJVWQLAX,0.3622107685665443,0.3622107685665443,0.3622107685665443,Score column,0.3622107685665443,0,0.0005473534857675328,True,0.08197788221280251,194.0,65.0
88874_89763303,88874,89763303,"InChI=1S/C27H44N4O5S/c1-21-22(2)26(9-8-25(21)35-4)37(33,34)31-12-6-5-7-24(31)19-36-20-27(32)30-17-15-29(16-18-30)23-10-13-28(3)14-11-23/h8-9,23-24H,5-7,10-20H2,1-4H3",XFROANUPPFYWMI-UHFFFAOYSA-N,XFROANUPPFYWMI,0.3279706920374751,0.3279706920374751,0.3279706920374751,Score column,0.3279706920374751,0,0.0005470090576941809,True,0.08192629674790237,195.0,92.0
88874_157819226,88874,157819226,"InChI=1S/C32H41FN2O4/c33-23-9-11-26(29-12-14-32(15-16-32)21-39-29)27(19-23)30(31(36)37)35-17-13-25(20-35)38-18-4-3-6-24-10-8-22-5-1-2-7-28(22)34-24/h8-11,19,25,29-30H,1-7,12-18,20-21H2,(H,36,37)/t25-,29?,30?/m1/s1",AFBMCRAAOBBKBE-WDEPAJCISA-N,AFBMCRAAOBBKBE,0.3010317576060235,0.3010317576060235,0.3010317576060235,Score column,0.3010317576060235,0,0.000540626547948423,True,0.08097037951020339,196.0,134.0
88874_70988908,88874,70988908,"InChI=1S/C27H44N4O5S/c1-20-16-25(35-5)17-21(2)27(20)37(33,34)28(3)14-15-36-19-26(32)29(4)24-10-13-31(18-24)23-8-11-30(12-9-23)22-6-7-22/h16-17,22-24H,6-15,18-19H2,1-5H3",PGJUJLPYINRXBY-UHFFFAOYSA-N,PGJUJLPYINRXBY,0.3552590951255225,0.3552590951255225,0.3552590951255225,Score column,0.3552590951255225,0,0.0005405353546579868,True,0.08095672136603081,197.0,70.0
88874_159208859,88874,159208859,"InChI=1S/C32H41FN2O4/c33-23-9-11-26(29-20-32(13-14-32)15-18-39-29)27(19-23)30(31(36)37)35-16-12-25(21-35)38-17-4-3-6-24-10-8-22-5-1-2-7-28(22)34-24/h8-11,19,25,29-30H,1-7,12-18,20-21H2,(H,36,37)/t25-,29?,30?/m1/s1",KQFRTMIQBOCDDC-WDEPAJCISA-N,KQFRTMIQBOCDDC,0.3010317576060235,0.3010317576060235,0.3010317576060235,Score column,0.3010317576060235,0,0.0005399953845682965,True,0.08087584930517422,198.0,134.0
88874_144238368,88874,144238368,"InChI=1S/C28H40N8OS/c1-6-19(33-27(37)36-28(3,4)5)11-13-30-24-21(16(2)32-26(35-24)31-15-17-7-8-17)25-34-23-20(38-25)12-14-29-22(23)18-9-10-18/h12,14,17-19H,6-11,13,15H2,1-5H3,(H2,33,36,37)(H2,30,31,32,35)/t19-/m0/s1",BTFAYYKOVGYFTC-IBGZPJMESA-N,BTFAYYKOVGYFTC,0.3108668299345343,0.3108668299345343,0.3108668299345343,Score column,0.3108668299345343,0,0.0005394598960642633,True,0.0807956484575476,199.0,120.0
88874_145037776,88874,145037776,"InChI=1S/C33H37FN6/c1-6-31(35)29(15-21(2)39-32-20-38-19-30(23(32)4)26-11-13-36-14-12-26)33(34)22(3)27-16-28(18-37-17-27)40-24(5)25-9-7-8-10-25/h6,11-14,16-20,25,39-40H,2-3,5,7-10,15,35H2,1,4H3/b31-6+,33-29+",JHGVNGKJWLAQJJ-IGHFZXMVSA-N,JHGVNGKJWLAQJJ,0.2864833062055264,0.2864833062055264,0.2864833062055264,Score column,0.2864833062055264,0,0.0005384828241201683,True,0.08064931105250826,200.0,151.0
88874_123957630,88874,123957630,"InChI=1S/C30H38F2N6O/c1-20-8-9-21(2)28(34-22(3)16-20)37-13-10-30(11-14-37)29(39)38(15-12-33-30)19-26-25(18-36(4)35-26)23-6-5-7-24(17-23)27(31)32/h5-7,16-18,21,27,33H,3,8-15,19H2,1-2,4H3/b20-16-,34-28?",FVKUSRYQCNAPJG-UWDVLOSUSA-N,FVKUSRYQCNAPJG,0.250189417744079,0.250189417744079,0.250189417744079,Score column,0.250189417744079,0,0.0005374257922139396,True,0.08049099793428179,201.0,192.0
88874_88616332,88874,88616332,"InChI=1S/C35H40N2O3/c1-25(11-9-16-26-12-5-3-6-13-26)40-29-18-19-30-31(23-29)35-33(37-20-10-17-32(30)37)21-28(36-38-2)22-34(35)39-24-27-14-7-4-8-15-27/h3-8,12-15,18-19,23,25,32-33H,9-11,16-17,20-22,24H2,1-2H3",KTIPFHARLWDNNN-UHFFFAOYSA-N,KTIPFHARLWDNNN,0.1228862623782457,0.1228862623782457,0.1228862623782457,Score column,0.1228862623782457,0,0.000536564643002328,True,0.0803620224358648,202.0,274.0
88874_169093177,88874,169093177,"InChI=1S/C27H44N4O5S/c1-17(2)12-21-15-36-24-14-23(25-18(3)8-6-9-19(25)4)29-27(30-24)31(16-35-5)37(33,34)22-11-7-10-20(13-22)26(32)28-21/h6,8-9,17,20-24,27,29-30H,7,10-16H2,1-5H3,(H,28,32)/t20?,21-,22?,23?,24?,27?/m1/s1",RQAOIVQLSUESQH-JNKAOBBYSA-N,RQAOIVQLSUESQH,0.3363007899907124,0.3363007899907124,0.3363007899907124,Score column,0.3363007899907124,0,0.0005328654735463587,True,0.0798079927533436,203.0,79.0
88874_25206875,88874,25206875,"InChI=1S/C27H44N4O5S/c1-20-14-24(35-5)15-21(2)27(20)37(33,34)29(4)12-13-36-19-26(32)31-11-8-23-17-30(18-25(23)31)16-22-6-9-28(3)10-7-22/h14-15,22-23,25H,6-13,16-19H2,1-5H3/t23-,25+/m1/s1",QVNYXIZSSTZUJB-NOZRDPDXSA-N,QVNYXIZSSTZUJB,0.3450917500662853,0.3450917500662853,0.3450917500662853,Score column,0.3450917500662853,0,0.000531322384945713,True,0.0795768822574083,204.0,72.0
88874_170035933,88874,170035933,"InChI=1S/C28H40N8OS/c1-36(2)27(37)26-24(19-7-3-4-8-19)25-22(38-26)18-33-28(35-25)34-23-10-9-21(17-32-23)31-14-6-5-13-30-20-11-15-29-16-12-20/h9-10,17-20,29-31H,3-8,11-16H2,1-2H3,(H,32,33,34,35)",VSHVSNUIOIUEDE-UHFFFAOYSA-N,VSHVSNUIOIUEDE,0.339745848102589,0.339745848102589,0.339745848102589,Score column,0.339745848102589,0,0.0005291389165236703,True,0.07924986119739516,205.0,76.0
88874_57934224,88874,57934224,"InChI=1S/C32H41FN2O4/c1-22(23-9-13-32(30(33)20-23)39-17-15-34(2)14-16-37-4)35(3)31-21-28(38-5)11-12-29(31)26-7-6-25-19-27(36)10-8-24(25)18-26/h8-13,19-22,26,36H,6-7,14-18H2,1-5H3/t22?,26-/m1/s1",ZSFFFXZAFHMMPC-ZWAGFTRDSA-N,ZSFFFXZAFHMMPC,0.1097137317106848,0.1097137317106848,0.1097137317106848,Score column,0.1097137317106848,0,0.0005288100526763147,True,0.07920060680796753,206.0,303.0
88874_139999781,88874,139999781,"InChI=1S/C32H41FN2O4/c1-38-26-12-14-30-28(21-26)27(16-18-34-30)29(33)13-10-23-17-20-35(22-25(23)11-15-32(36)37)19-6-5-8-24-7-3-4-9-31(24)39-2/h3-4,7,9,12,14,16,18,21,23,25,29H,5-6,8,10-11,13,15,17,19-20,22H2,1-2H3,(H,36,37)/t23-,25+,29?/m1/s1",XWLPTDNGYKHKRE-WHZDWUEFSA-N,XWLPTDNGYKHKRE,0.1286910816534085,0.1286910816534085,0.1286910816534085,Score column,0.1286910816534085,0,0.0005282870292685473,True,0.07912227287490348,207.0,263.0
88874_137955051,88874,137955051,"InChI=1S/C27H44N4O5S/c1-4-5-6-7-12-30-18-24-26(19-30)36-25-15-22(21-10-13-31(14-11-21)20(2)32)8-9-27(25)37(34,35)28-16-23(33)17-29(24)3/h8-9,15,21,23-24,26,28,33H,4-7,10-14,16-19H2,1-3H3/t23-,24+,26-/m0/s1",CQJMXGTUWYYVST-GSLIJJQTSA-N,CQJMXGTUWYYVST,0.3808105296231542,0.3808105296231542,0.3808105296231542,Score column,0.3808105296231542,0,0.000527297554328059,True,0.07897407785608464,208.0,60.0
88874_110066983,88874,110066983,"InChI=1S/C27H44N4O5S/c1-22(2)12-17-30-20-24-23(27(33)29-14-19-37(34,35)31-15-6-4-7-16-31)10-9-11-25(24)36-18-8-3-5-13-28-26(32)21-30/h9-11,22H,3-8,12-21H2,1-2H3,(H,28,32)(H,29,33)",ADBBBQKBNSHJJY-UHFFFAOYSA-N,ADBBBQKBNSHJJY,0.3821324597649433,0.3821324597649433,0.3821324597649433,Score column,0.3821324597649433,0,0.0005253989101856272,True,0.07868971531904143,209.0,59.0
88874_143632216,88874,143632216,"InChI=1S/C27H44N4O5S/c1-20-16-24(35-6)17-21(2)26(20)37(34)28(4)14-15-36-19-25(32)29(5)23-10-9-13-31(18-23)27(33)22(3)30-11-7-8-12-30/h16-17,22-23H,7-15,18-19H2,1-6H3",GTTUXUMZXKPCTI-UHFFFAOYSA-N,GTTUXUMZXKPCTI,0.3158638003358269,0.3158638003358269,0.3158638003358269,Score column,0.3158638003358269,0,0.000525070987858345,True,0.07864060194236641,210.0,112.0
88874_143632695,88874,143632695,"InChI=1S/C27H44N4O5S/c1-20-14-24(35-6)15-21(2)27(20)37(34)29(4)12-13-36-19-26(33)30(5)23-8-7-10-31(18-23)25(32)16-22-9-11-28(3)17-22/h14-15,22-23H,7-13,16-19H2,1-6H3",TXWZDKOOUVOADI-UHFFFAOYSA-N,TXWZDKOOUVOADI,0.3146396517090977,0.3146396517090977,0.3146396517090977,Score column,0.3146396517090977,0,0.0005238363930214506,True,0.07845569498050146,211.0,115.0
88874_59437030,88874,59437030,"InChI=1S/C27H44N4O5S/c1-20-14-24(35-5)15-21(2)27(20)37(33,34)29(4)12-13-36-19-26(32)31-17-23-8-11-30(25(23)18-31)16-22-6-9-28(3)10-7-22/h14-15,22-23,25H,6-13,16-19H2,1-5H3/t23-,25+/m0/s1",CWJMUFBIOWIMAW-UKILVPOCSA-N,CWJMUFBIOWIMAW,0.3343916990327037,0.3343916990327037,0.3343916990327037,Score column,0.3343916990327037,0,0.0005230911996605277,True,0.07834408634886585,212.0,83.0
88874_134362979,88874,134362979,"InChI=1S/C32H41FN2O4/c1-32-19-28(31-23-10-7-21(36)17-20(23)6-9-24(31)25(32)11-13-29(32)37)39-22-8-12-27(26(33)18-22)34-30(38)5-4-16-35-14-2-3-15-35/h7-8,10,12,17-18,24-25,28-29,31,36-37H,2-6,9,11,13-16,19H2,1H3,(H,34,38)/t24-,25-,28-,29-,31+,32-/m0/s1",IZHVTVPMYONYLB-CMSOMAENSA-N,IZHVTVPMYONYLB,0.2625639691292818,0.2625639691292818,0.2625639691292818,Score column,0.2625639691292818,0,0.000523036746949822,True,0.07833593089170612,213.0,178.0
88874_58116304,88874,58116304,"InChI=1S/C27H44N4O5S/c1-20-16-25(36-6)17-21(2)27(20)37(34,35)29(4)19-24(32)9-10-26(33)30(5)23-8-7-13-31(18-23)22-11-14-28(3)15-12-22/h16-17,22-23H,7-15,18-19H2,1-6H3",GYIJHRHNNMLRSC-UHFFFAOYSA-N,GYIJHRHNNMLRSC,0.3389015921036377,0.3389015921036377,0.3389015921036377,Score column,0.3389015921036377,0,0.000521327371264664,True,0.07807991535107461,214.0,78.0
88874_132256415,88874,132256415,"InChI=1S/C27H44N4O5S/c1-8-13-31(21(17(3)4)15-22(32)25-28-19(16-37-25)27(35)36-7)26(34)23(18(5)9-2)29-24(33)20-12-10-11-14-30(20)6/h16-18,20-21,23H,8-15H2,1-7H3,(H,29,33)/t18-,20+,21?,23-/m0/s1",IPRBCPAOBPLRAB-GQESBPARSA-N,IPRBCPAOBPLRAB,0.4055621031353241,0.4055621031353241,0.4055621031353241,Score column,0.4055621031353241,0,0.0005213151950800563,True,0.07807809170720731,215.0,53.0
88874_158160071,88874,158160071,"InChI=1S/C35H40N2O3/c1-25-18-20-27(21-19-25)26(2)23-30(38)24-31(35(3,4)5)33(39)36-22-12-17-32(36)34(40)37(28-13-8-6-9-14-28)29-15-10-7-11-16-29/h6-11,13-16,18-21,23,31-32H,12,17,22,24H2,1-5H3/b26-23+/t31-,32+/m1/s1",HJNGXUKBLHUHKG-HONCDZNASA-N,HJNGXUKBLHUHKG,0.1177950375189177,0.1177950375189177,0.1177950375189177,Score column,0.1177950375189177,0,0.0005198181332125473,True,0.0778538746982157,216.0,283.0
88874_57934566,88874,57934566,"InChI=1S/C32H41FN2O4/c1-5-35(22-23-6-13-32(30(33)18-23)39-17-15-34(2)14-16-37-3)31-21-28(38-4)11-12-29(31)26-8-7-25-20-27(36)10-9-24(25)19-26/h6,9-13,18,20-21,26,36H,5,7-8,14-17,19,22H2,1-4H3/t26-/m1/s1",DIXFXKJYXPAWSP-AREMUKBSSA-N,DIXFXKJYXPAWSP,0.1115462575445576,0.1115462575445576,0.1115462575445576,Score column,0.1115462575445576,0,0.0005192180068018939,True,0.0777639929426691,217.0,297.0
88874_176819329,88874,176819329,"InChI=1S/C32H41FN2O4/c1-20-17-27(33)25(24-14-16-35(28(20)24)30(37)39-32(5,6)7)18-23-13-15-34(8)19-26(23)21-9-11-22(12-10-21)29(36)38-31(2,3)4/h9-12,14,16-17,23,26H,13,15,18-19H2,1-8H3/t23-,26-/m0/s1",WMNGDQLDVQTORO-OZXSUGGESA-N,WMNGDQLDVQTORO,0.0852073947545498,0.0852073947545498,0.0852073947545498,Score column,0.0852073947545498,0,0.0005176672176575457,True,0.07753172912574281,218.0,375.0
88874_132070466,88874,132070466,"InChI=1S/C35H40N2O3/c1-8-36-29-19-18-25(27-14-10-12-16-32(27)39-23(3)4)20-30(29)37(9-2)35-31(36)21-26(22-34(35)38-7)28-15-11-13-17-33(28)40-24(5)6/h10-24H,8-9H2,1-7H3",QRGZMQAAARUHCN-UHFFFAOYSA-N,QRGZMQAAARUHCN,0.0645338389807434,0.0645338389807434,0.0645338389807434,Score column,0.0645338389807434,0,0.0005175845029841935,True,0.07751934083567863,219.0,426.0
88874_91023615,88874,91023615,"InChI=1S/C27H44N4O5S/c1-4-22-6-7-26(23(5-2)17-22)37(33,34)31-14-15-35-18-25(31)19-36-20-27(32)30-12-10-29(11-13-30)24-8-9-28-21(3)16-24/h6-7,17,21,24-25,28H,4-5,8-16,18-20H2,1-3H3/t21?,24?,25-/m0/s1",WFUKVMVDXHZGQO-MTQWGCILSA-N,WFUKVMVDXHZGQO,0.3357595229849708,0.3357595229849708,0.3357595229849708,Score column,0.3357595229849708,0,0.0005154406788600988,True,0.07719825735653797,220.0,80.0
88874_143632278,88874,143632278,"InChI=1S/C27H44N4O5S/c1-21-17-24(35-5)18-22(2)27(21)37(34)28(3)15-16-36-20-26(33)29(4)23-9-8-13-31(19-23)25(32)10-14-30-11-6-7-12-30/h17-18,23H,6-16,19-20H2,1-5H3",LUKCWOUOVVZVCF-UHFFFAOYSA-N,LUKCWOUOVVZVCF,0.3158638003358269,0.3158638003358269,0.3158638003358269,Score column,0.3158638003358269,0,0.0005132109944789035,True,0.07686431446894122,221.0,112.0
88874_142952256,88874,142952256,"InChI=1S/C27H44N4O5S/c1-28(33)26(32)27(13-15-29(16-14-27)21-22-36-2)37(34,35)31-19-17-30(18-20-31)25-11-9-24(10-12-25)8-7-23-5-3-4-6-23/h9-12,23,33H,3-8,13-22H2,1-2H3",OYIWGIMJZXNOJM-UHFFFAOYSA-N,OYIWGIMJZXNOJM,0.3151910298986933,0.3151910298986933,0.3151910298986933,Score column,0.3151910298986933,0,0.0005126628598373287,True,0.07678221959195189,222.0,114.0
88874_132024132,88874,132024132,"InChI=1S/C27H44N4O5S/c1-9-17(4)24(29-25(34)21-12-10-11-13-30(21)7)27(35)31(8)22(16(2)3)14-23(36-19(6)33)26-28-20(15-37-26)18(5)32/h15-17,21-24H,9-14H2,1-8H3,(H,29,34)/t17-,21+,22+,23+,24-/m0/s1",LHCHSHKPZJPTCJ-QNBQWMASSA-N,LHCHSHKPZJPTCJ,0.3730287917717186,0.3730287917717186,0.3730287917717186,Score column,0.3730287917717186,0,0.0005094028384834456,True,0.07629396172293494,223.0,63.0
88874_57934582,88874,57934582,"InChI=1S/C32H41FN2O4/c1-6-34(3)14-15-39-30-13-8-22(16-28(30)33)21-35(7-2)29-20-32(38-5)31(37-4)19-27(29)25-10-9-24-18-26(36)12-11-23(24)17-25/h8,11-13,16,18-20,25,36H,6-7,9-10,14-15,17,21H2,1-5H3",RPSQOURFEHQEJO-UHFFFAOYSA-N,RPSQOURFEHQEJO,0.1162103177098935,0.1162103177098935,0.1162103177098935,Score column,0.1162103177098935,0,0.0005081134112249739,True,0.07610084243409229,224.0,287.0
88874_172164662,88874,172164662,"InChI=1S/C30H41ClN6O/c1-18-10-23-22(15-33-34-23)25(26(18)31)24-19(2)37(21-13-29(14-21)16-32-17-29)35-27(24)36-9-6-20(11-28(3,4)38)12-30(36)7-5-8-30/h10,15,20-21,32,38H,5-9,11-14,16-17H2,1-4H3,(H,33,34)",LTDNAEULOZTSRE-UHFFFAOYSA-N,LTDNAEULOZTSRE,0.2730323309186677,0.2730323309186677,0.2730323309186677,Score column,0.2730323309186677,0,0.0005077386390453951,True,0.07604471229078817,225.0,165.0
88874_68782508,88874,68782508,"InChI=1S/C27H44N4O5S/c1-20-17-23(35-4)18-21(2)26(20)37(33,34)27(24-7-5-6-10-28-24)36-19-25(32)31-15-13-30(14-16-31)22-8-11-29(3)12-9-22/h17-18,22,24,27-28H,5-16,19H2,1-4H3",KQRODEZJLGGUJA-UHFFFAOYSA-N,KQRODEZJLGGUJA,0.3291179704043168,0.3291179704043168,0.3291179704043168,Score column,0.3291179704043168,0,0.0005053595934060176,True,0.07568839936271704,226.0,88.0
88874_153550594,88874,153550594,"InChI=1S/C35H40N2O3/c1-3-4-9-31(35(39)37-33-20-22-34(40-2)23-21-33)12-7-5-11-29(24-25-38)30-18-15-27(16-19-30)14-17-28-10-6-8-13-32(28)26-36/h6,8,10,13,15-16,18-23,29,31,38H,3-5,7,9,11-12,24-25H2,1-2H3,(H,37,39)/t29-,31?/m1/s1",PJOMNDGGVUTENI-FDOABKJOSA-N,PJOMNDGGVUTENI,0.1310867547380576,0.1310867547380576,0.1310867547380576,Score column,0.1310867547380576,0,0.000504814905689256,True,0.07560682073638414,227.0,260.0
88874_91221873,88874,91221873,"InChI=1S/C27H44N4O5S/c1-21-17-24(35-4)18-22(2)27(21)37(33,34)31-12-8-5-9-23(31)19-36-20-26(32)30-15-13-29(14-16-30)25-10-6-7-11-28(25)3/h17-18,23,25H,5-16,19-20H2,1-4H3/t23-,25?/m0/s1",JZURQOQDYOCJBH-LFQPHHBNSA-N,JZURQOQDYOCJBH,0.3281090396157821,0.3281090396157821,0.3281090396157821,Score column,0.3281090396157821,0,0.0005047192014318807,True,0.07559248697850666,228.0,90.0
88874_90757740,88874,90757740,"InChI=1S/C27H44N4O5S/c1-21-19-25(35-4)20-22(2)26(21)37(33,34)31-11-6-5-7-24(31)10-18-36-27(32)30-16-14-29(15-17-30)23-8-12-28(3)13-9-23/h19-20,23-24H,5-18H2,1-4H3",SQSXBXWVRFCBKJ-UHFFFAOYSA-N,SQSXBXWVRFCBKJ,0.3279932218359681,0.3279932218359681,0.3279932218359681,Score column,0.3279932218359681,0,0.0005039334007698979,True,0.0754747965357018,229.0,91.0
88874_66627198,88874,66627198,"InChI=1S/C32H41FN2O4/c1-4-35(22-23-6-13-32(30(33)18-23)39-17-15-34-14-5-16-37-2)31-21-28(38-3)11-12-29(31)26-8-7-25-20-27(36)10-9-24(25)19-26/h6,9-13,18,20-21,26,34,36H,4-5,7-8,14-17,19,22H2,1-3H3",QXWVCYPXJNCJGY-UHFFFAOYSA-N,QXWVCYPXJNCJGY,0.1115462575445576,0.1115462575445576,0.1115462575445576,Score column,0.1115462575445576,0,0.0005029656499074114,True,0.07532985516183806,230.0,297.0
88874_175457889,88874,175457889,"InChI=1S/C35H40N2O3/c1-3-20-37(23-22-36-21-19-33(38)35(27(36)2)40-26-29-13-8-5-9-14-29)31-17-18-32-30(24-31)15-10-16-34(32)39-25-28-11-6-4-7-12-28/h4-16,19,21,31H,3,17-18,20,22-26H2,1-2H3",PDMXIAMDMGZQMT-UHFFFAOYSA-N,PDMXIAMDMGZQMT,0.1068566689706037,0.1068566689706037,0.1068566689706037,Score column,0.1068566689706037,0,0.0005027266869630936,True,0.07529406535394995,231.0,311.0
88874_87572261,88874,87572261,"InChI=1S/C27H44N4O5S/c1-20-17-25(35-5)21(2)22(3)27(20)37(33,34)31-10-6-7-24(31)18-36-19-26(32)30-15-13-29(14-16-30)23-8-11-28(4)12-9-23/h17,23-24H,6-16,18-19H2,1-5H3",WZZBAKXJBYGYQC-UHFFFAOYSA-N,WZZBAKXJBYGYQC,0.3249532530988995,0.3249532530988995,0.3249532530988995,Score column,0.3249532530988995,0,0.000501564871075039,True,0.07512005859506295,232.0,95.0
88874_74817048,88874,74817048,"InChI=1S/C27H44N4O5S/c1-20-16-25(35-5)17-21(2)27(20)37(33,34)28(3)14-15-36-19-26(32)29(4)23-8-9-24(18-23)31-12-10-30(11-13-31)22-6-7-22/h16-17,22-24H,6-15,18-19H2,1-5H3",JJVPJAYFQAZDJC-UHFFFAOYSA-N,JJVPJAYFQAZDJC,0.3058120830620549,0.3058120830620549,0.3058120830620549,Score column,0.3058120830620549,0,0.0005010137516874741,True,0.07503751668857335,233.0,125.0
88874_130390888,88874,130390888,"InChI=1S/C27H44N4O5S/c1-6-7-8-9-10-12-19-17-27(19,24(34)30-37-20-14-15-20)29-22(32)21-13-11-16-31(21)23(33)18(2)28-25(35)36-26(3,4)5/h10,12,18-21H,6-9,11,13-17H2,1-5H3,(H,28,35)(H,29,32)(H,30,34)/b12-10-/t18-,19?,21?,27?/m0/s1",BSFCZKZVBKMONQ-HPXUUXRGSA-N,BSFCZKZVBKMONQ,0.4326610312758647,0.4326610312758647,0.4326610312758647,Score column,0.4326610312758647,0,0.0004974463319228927,True,0.07450321933801499,234.0,47.0
88874_25206877,88874,25206877,"InChI=1S/C27H44N4O5S/c1-20-12-25(35-5)13-21(2)27(20)37(33,34)29(4)10-11-36-19-26(32)31-17-23-15-30(16-24(23)18-31)14-22-6-8-28(3)9-7-22/h12-13,22-24H,6-11,14-19H2,1-5H3/t23-,24+",GABZOLMLWDHDJQ-PSWAGMNNSA-N,GABZOLMLWDHDJQ,0.3023113092710094,0.3023113092710094,0.3023113092710094,Score column,0.3023113092710094,0,0.0004971215278733829,True,0.07445457299007839,235.0,129.0
88874_173768705,88874,173768705,"InChI=1S/C31H44N2O4Si/c1-30(2,3)38(5,6)37-25-14-12-24(13-15-25)36-27-19-22(32)18-26-28(27)33(29(34)31(26)16-7-17-31)20-21-8-10-23(35-4)11-9-21/h8-11,18-19,24-25H,7,12-17,20,32H2,1-6H3",HVYTWOSVWODBSS-UHFFFAOYSA-N,HVYTWOSVWODBSS,0.1069707343348393,0.1069707343348393,0.1069707343348393,Score column,0.1069707343348393,0,0.0004970665787371327,True,0.07444634318258406,236.0,310.0
88874_40733061,88874,40733061,"InChI=1S/C35H40N2O3/c1-3-5-8-17-33(39)37-31-16-12-11-15-29(31)36-30-23-27(25-13-9-7-10-14-25)24-32(38)34(30)35(37)26-18-20-28(21-19-26)40-22-6-4-2/h7,9-16,18-21,27,35-36H,3-6,8,17,22-24H2,1-2H3/t27-,35+/m0/s1",OFOHPAPSTLYCEX-JCVFDAPQSA-N,OFOHPAPSTLYCEX,0.1210951936719116,0.1210951936719116,0.1210951936719116,Score column,0.1210951936719116,0,0.0004966829971682334,True,0.07438889364496007,237.0,276.0
88874_10840083,88874,10840083,"InChI=1S/C32H44N2O3S/c1-25-11-13-26(14-12-25)8-7-10-29-17-16-28(38-29)9-5-4-6-19-33-20-22-34(23-21-33)24-27-15-18-30(36-2)32(37-3)31(27)35/h11-18,35H,4-10,19-24H2,1-3H3",JDBXKWFJXWOWMK-UHFFFAOYSA-N,JDBXKWFJXWOWMK,0.1420594863510534,0.1420594863510534,0.1420594863510534,Score column,0.1420594863510534,0,0.0004940398304678934,True,0.0739930229433687,238.0,249.0
88874_46108150,88874,46108150,"InChI=1S/C27H44N4O5S/c1-4-28-27(33)29-17-15-24(16-18-29)31(20-23-11-13-25(36-3)14-12-23)26(32)21-30(37(34,35)5-2)19-22-9-7-6-8-10-22/h11-14,22,24H,4-10,15-21H2,1-3H3,(H,28,33)",PCZKLAJUUNSPTA-UHFFFAOYSA-N,PCZKLAJUUNSPTA,0.2935886720986296,0.2935886720986296,0.2935886720986296,Score column,0.2935886720986296,0,0.0004935461847473367,True,0.07391908894680721,239.0,141.0
88874_66577419,88874,66577419,"InChI=1S/C35H40N2O3/c1-6-39-34(38)35(19-20-35)31-17-15-29(16-18-31)28-11-13-30(14-12-28)33-32(25(5)37-40-33)36-22-24(4)21-26-7-9-27(10-8-26)23(2)3/h7-18,23-24,36H,6,19-22H2,1-5H3",UHVUFLDKAHQKBL-UHFFFAOYSA-N,UHVUFLDKAHQKBL,0.1279801927507542,0.1279801927507542,0.1279801927507542,Score column,0.1279801927507542,0,0.0004933613247222246,True,0.07389140220732615,240.0,265.0
88874_66627276,88874,66627276,"InChI=1S/C32H41FN2O4/c1-5-13-34-14-15-39-30-12-7-22(16-28(30)33)21-35(6-2)29-20-32(38-4)31(37-3)19-27(29)25-9-8-24-18-26(36)11-10-23(24)17-25/h7,10-12,16,18-20,25,34,36H,5-6,8-9,13-15,17,21H2,1-4H3",AHCNDCJMOFRYTC-UHFFFAOYSA-N,AHCNDCJMOFRYTC,0.1162103177098935,0.1162103177098935,0.1162103177098935,Score column,0.1162103177098935,0,0.0004928153620743145,True,0.07380963263280668,241.0,287.0
88874_67456057,88874,67456057,"InChI=1S/C27H44N4O5S/c1-21-16-25(35-4)17-22(2)27(21)37(33,34)31-9-5-6-24(31)19-36-20-26(32)30-14-12-29(13-15-30)18-23-7-10-28(3)11-8-23/h16-17,23-24H,5-15,18-20H2,1-4H3",FUDFZLURKHNCDS-UHFFFAOYSA-N,FUDFZLURKHNCDS,0.3290892568364354,0.3290892568364354,0.3290892568364354,Score column,0.3290892568364354,0,0.0004927013988906265,True,0.07379256421049478,242.0,89.0
88874_67456069,88874,67456069,"InChI=1S/C27H44N4O5S/c1-21-17-25(35-4)18-22(2)27(21)37(33,34)31-10-6-5-7-24(31)19-36-20-26(32)30-15-13-29(14-16-30)23-8-11-28(3)12-9-23/h17-18,23-24H,5-16,19-20H2,1-4H3/t24-/m0/s1",LLRDYAYGXUHNPL-DEOSSOPVSA-N,LLRDYAYGXUHNPL,0.3279706920374751,0.3279706920374751,0.3279706920374751,Score column,0.3279706920374751,0,0.0004924987869229021,True,0.07376221873822338,243.0,92.0
88874_153485841,88874,153485841,"InChI=1S/C35H40N2O3/c1-24-22-28(15-20-34(24)40-2)26-13-11-25(12-14-26)23-31-30(17-16-29-10-6-7-21-36-29)33(38)19-18-32(31)37-35(39)27-8-4-3-5-9-27/h6-7,10,15,18-22,25-27,38H,3-5,8-9,11-14,23H2,1-2H3,(H,37,39)",YEFYHCMGLXETQR-UHFFFAOYSA-N,YEFYHCMGLXETQR,0.1171258654308008,0.1171258654308008,0.1171258654308008,Score column,0.1171258654308008,0,0.0004905010890280597,True,0.07346302078483771,244.0,285.0
88874_177677999,88874,177677999,"InChI=1S/C27H44N4O5S/c1-20(2)21-9-10-25-24(15-21)36-19-27(18-30(3)17-23(32)16-28-37(25,34)35)11-13-31(14-12-27)26(33)29-22-7-5-4-6-8-22/h9-10,15,20,22-23,28,32H,4-8,11-14,16-19H2,1-3H3,(H,29,33)",CSBIGCSRPTYBNV-UHFFFAOYSA-N,CSBIGCSRPTYBNV,0.3481988658793055,0.3481988658793055,0.3481988658793055,Score column,0.3481988658793055,0,0.0004898846783533806,True,0.07337070011273548,245.0,71.0
88874_11364652,88874,11364652,"InChI=1S/C27H44N4O5S/c1-22-19-25(35-3)20-23(2)27(22)37(33,34)31(24-7-8-24)17-18-36-21-26(32)30-15-13-29(14-16-30)12-6-11-28-9-4-5-10-28/h19-20,24H,4-18,21H2,1-3H3",OWCVOJNWKXGGSS-UHFFFAOYSA-N,OWCVOJNWKXGGSS,0.3200024943808474,0.3200024943808474,0.3200024943808474,Score column,0.3200024943808474,0,0.0004889247645225626,True,0.07322693250185255,246.0,101.0
88874_155431104,88874,155431104,"InChI=1S/C28H40N8OS/c1-20-11-22-12-23(13-25(20)33-22)35-16-28(17-35,6-7-29)36-15-21(14-32-36)26-24-5-8-34(27(24)31-18-30-26)19-37-9-10-38(2,3)4/h5,8,14-15,18,20,22-23,25,33H,6,9-13,16-17,19H2,1-4H3",SWRYEMDALUKBLJ-UHFFFAOYSA-N,SWRYEMDALUKBLJ,0.3347890276117192,0.3347890276117192,0.3347890276117192,Score column,0.3347890276117192,0,0.0004885999221182541,True,0.07317828040946515,247.0,82.0
88874_58116310,88874,58116310,"InChI=1S/C27H44N4O5S/c1-20-16-21(2)26(22(3)17-20)37(34,35)29(5)14-15-36-19-25(32)30(6)24-8-7-11-31(18-24)27(33)23-9-12-28(4)13-10-23/h16-17,23-24H,7-15,18-19H2,1-6H3",XIXPOPBKBHVIHG-UHFFFAOYSA-N,XIXPOPBKBHVIHG,0.2882279883146974,0.2882279883146974,0.2882279883146974,Score column,0.2882279883146974,0,0.0004885105927199988,True,0.07316490142298068,248.0,150.0
88874_58115985,88874,58115985,"InChI=1S/C27H44N4O5S/c1-20-15-21(2)26(22(3)16-20)37(34,35)29(5)13-14-36-19-25(32)30(6)24-10-8-12-31(18-24)27(33)23-9-7-11-28(4)17-23/h15-16,23-24H,7-14,17-19H2,1-6H3",LVWZFQIONAWPFR-UHFFFAOYSA-N,LVWZFQIONAWPFR,0.2883663358930045,0.2883663358930045,0.2883663358930045,Score column,0.2883663358930045,0,0.0004883201036773496,True,0.07313637161782337,249.0,149.0
88874_178039147,88874,178039147,"InChI=1S/C35H40N2O3/c1-6-29(31-19-22(3)33-26(23-10-11-23)8-7-9-27(33)34(38)37(31)5)36-30-15-13-24(18-21(30)2)25-12-14-28-32(20-25)40-17-16-35(28,4)39/h7-9,12-15,18,20,22-23,31,39H,6,10-11,16-17,19H2,1-5H3",TZIHIDUJZSCTIP-UHFFFAOYSA-N,TZIHIDUJZSCTIP,0.1185578794598314,0.1185578794598314,0.1185578794598314,Score column,0.1185578794598314,0,0.0004882716167178211,True,0.07312910965939899,250.0,282.0
88874_58116409,88874,58116409,"InChI=1S/C27H44N4O5S/c1-20-14-21(2)27(22(3)15-20)37(34,35)29(5)12-13-36-19-26(33)30(6)24-8-7-10-31(18-24)25(32)16-23-9-11-28(4)17-23/h14-15,23-24H,7-13,16-19H2,1-6H3",XXPRRGLGPDWSAB-UHFFFAOYSA-N,XXPRRGLGPDWSAB,0.289018158164618,0.289018158164618,0.289018158164618,Score column,0.289018158164618,0,0.0004882460860154927,True,0.07312528589109804,251.0,147.0
88874_59162520,88874,59162520,"InChI=1S/C32H44N2O3S/c1-23-16-26(19-27(17-23)31-24(2)18-29(38-31)13-14-30(36)37)21-34(5)22-28(35)20-33-32(3,4)15-9-12-25-10-7-6-8-11-25/h6-8,10-11,16-19,28,33,35H,9,12-15,20-22H2,1-5H3,(H,36,37)/t28-/m1/s1",OQINQUXWVUOZFE-MUUNZHRXSA-N,OQINQUXWVUOZFE,0.1086686484169555,0.1086686484169555,0.1086686484169555,Score column,0.1086686484169555,0,0.0004879458481284356,True,0.07308031885100243,252.0,306.0
88874_132070524,88874,132070524,"InChI=1S/C35H40N2O3/c1-25(2)23-36-33-18-16-31(39-20-19-38-5)22-35(33)37(24-26(3)4)32-17-13-28(21-34(32)36)27-11-14-30(15-12-27)40-29-9-7-6-8-10-29/h6-18,21-22,25-26H,19-20,23-24H2,1-5H3",ZMBHRMLGPGMDFN-UHFFFAOYSA-N,ZMBHRMLGPGMDFN,0.0804199073151605,0.0804199073151605,0.0804199073151605,Score column,0.0804199073151605,0,0.000486180200738181,True,0.07281587541992668,253.0,385.0
88874_145033743,88874,145033743,"InChI=1S/C33H37FN6/c1-6-25(21-40-16-9-8-10-17-40)18-26(7-2)33-31(34)30(28(35)20-38-33)22(3)24(5)39-29-13-15-37-32(23(29)4)27-12-11-14-36-19-27/h6-7,11-15,18-20H,1,3,5,8-10,16-17,21,35H2,2,4H3,(H,37,39)/b25-18+,26-7+",TWUPAHDRTRSSPO-FFPIFBPFSA-N,TWUPAHDRTRSSPO,0.2295330868312075,0.2295330868312075,0.2295330868312075,Score column,0.2295330868312075,0,0.0004857923916607152,True,0.07275779272254701,254.0,215.0
88874_169257675,88874,169257675,"InChI=1S/C30H38F2N6O/c1-4-5-6-11-37-12-9-21(10-13-37)22-7-8-27(33-18-22)35-30-34-19-25(32)28(36-30)23-16-24(31)29-26(17-23)38(20(2)3)14-15-39-29/h7-8,16-21H,4-6,9-15H2,1-3H3,(H,33,34,35,36)",HSFRUKFMSNRZFF-UHFFFAOYSA-N,HSFRUKFMSNRZFF,0.2264575050471308,0.2264575050471308,0.2264575050471308,Score column,0.2264575050471308,0,0.0004857900431311311,True,0.07275744098005038,255.0,218.0
88874_57934413,88874,57934413,"InChI=1S/C32H41FN2O4/c1-7-35(21(2)22-11-13-30(28(33)18-22)39-15-14-34(3)4)29-20-32(38-6)31(37-5)19-27(29)25-9-8-24-17-26(36)12-10-23(24)16-25/h10-13,17-21,25,36H,7-9,14-16H2,1-6H3/t21?,25-/m1/s1",KTDIHRHVVJENOA-UIDYPRJRSA-N,KTDIHRHVVJENOA,0.1004349583948061,0.1004349583948061,0.1004349583948061,Score column,0.1004349583948061,0,0.00048560179714999613,True,0.07272924712129222,256.0,333.0
88874_71030581,88874,71030581,"InChI=1S/C27H44N4O5S/c1-20-16-24(35-5)17-21(2)27(20)37(34)29(3)19-25(32)28-18-26(33)30(4)22-8-10-23(11-9-22)36-15-14-31-12-6-7-13-31/h16-17,22-23H,6-15,18-19H2,1-5H3,(H,28,32)",CLZJVRJDEOPABC-UHFFFAOYSA-N,CLZJVRJDEOPABC,0.2920880411252923,0.2920880411252923,0.2920880411252923,Score column,0.2920880411252923,0,0.00048541390575190563,True,0.07270110636892291,257.0,142.0
88874_163471876,88874,163471876,"InChI=1S/C35H40N2O3/c1-5-39-33(38)22-35(18-19-35)32-16-14-27(15-17-32)26-8-11-29(12-9-26)34(40-36)25(4)37-24(3)30-13-10-28-7-6-23(2)20-31(28)21-30/h6-9,11-12,14-17,20-21,24,37H,5,10,13,18-19,22,36H2,1-4H3/b34-25+",BXEAQCFTHBIMJU-YQCHCMBFSA-N,BXEAQCFTHBIMJU,0.1100967318168773,0.1100967318168773,0.1100967318168773,Score column,0.1100967318168773,0,0.0004848021227553965,True,0.07260947879052668,258.0,302.0
88874_163637055,88874,163637055,"InChI=1S/C27H44N4O5S/c1-5-29-12-9-23(10-13-29)30-11-6-7-24(19-30)28(3)26(32)20-36-16-15-31-14-8-22-18-25(35-4)17-21(2)27(22)37(31,33)34/h17-18,23-24H,5-16,19-20H2,1-4H3",IBBJUJUFMWPIPQ-UHFFFAOYSA-N,IBBJUJUFMWPIPQ,0.3110194437692936,0.3110194437692936,0.3110194437692936,Score column,0.3110194437692936,0,0.0004825556228063341,True,0.07227301741226932,259.0,119.0
88874_57604150,88874,57604150,"InChI=1S/C36H34N2S/c1-35(2,3)29-21-37(31-13-9-7-11-25(29)31)23-15-17-33-27(19-23)28-20-24(16-18-34(28)39-33)38-22-30(36(4,5)6)26-12-8-10-14-32(26)38/h7-22H,1-6H3/i7D,8D,9D,10D,11D,12D,13D,14D,21D,22D",VQNKOIHTQBCQOZ-QAVHLMCWSA-N,VQNKOIHTQBCQOZ,0.0768449271689886,0.0768449271689886,0.0768449271689886,Score column,0.0768449271689886,0,0.00047993308803262875,True,0.07188023678262499,260.0,399.0
88874_168827205,88874,168827205,"InChI=1S/C26H44N4O6Si/c1-25(2,3)36-24(32)28-19-11-9-10-18(16-19)23(31)29-22-17-20(30(33)34)12-13-21(22)27-14-15-35-37(7,8)26(4,5)6/h12-13,17-19,27H,9-11,14-16H2,1-8H3,(H,28,32)(H,29,31)/t18-,19+/m0/s1",KZTJFRYPMRLLIZ-RBUKOAKNSA-N,KZTJFRYPMRLLIZ,0.1500451813841348,0.1500451813841348,0.1500451813841348,Score column,0.1500451813841348,0,0.00047981217396149444,True,0.0718621273163677,261.0,242.0
88874_144327056,88874,144327056,"InChI=1S/C27H44N4O5S/c1-26(2,3)36-25(35)28-20(18-32)12-9-7-5-6-8-11-19-17-27(19,24(34)30-37-21-14-15-21)29-23(33)22-13-10-16-31(22)4/h8,11,18-22H,5-7,9-10,12-17H2,1-4H3,(H,28,35)(H,29,33)(H,30,34)/b11-8-/t19?,20-,22?,27+/m0/s1",HCTPYLBGKQQBTJ-IUGICSNMSA-N,HCTPYLBGKQQBTJ,0.4049370123672682,0.4049370123672682,0.4049370123672682,Score column,0.4049370123672682,0,0.0004793776615018821,True,0.07179704978939416,262.0,54.0
88874_71581854,88874,71581854,"InChI=1S/C32H41FN2O4/c1-21-5-10-28-31(2,12-11-29(37)32(28,3)20-36)25(21)8-7-23-19-24(39-30(23)38)17-22-6-9-27(26(33)18-22)35-15-13-34(4)14-16-35/h5-9,17-19,25,28-29,36-37H,10-16,20H2,1-4H3/b8-7+,24-17-/t25-,28+,29-,31+,32+/m1/s1",HDBBJPZQWLALPY-KRWHTULDSA-N,HDBBJPZQWLALPY,0.2166994547858694,0.2166994547858694,0.2166994547858694,Score column,0.2166994547858694,0,0.00047813181870531764,True,0.0716104582051838,263.0,220.0
88874_67454354,88874,67454354,"InChI=1S/C27H44N4O5S/c1-35-25-8-10-26(11-9-25)37(33,34)31-15-6-3-7-24(31)12-22-36-23-27(32)30-20-18-29(19-21-30)17-16-28-13-4-2-5-14-28/h8-11,24H,2-7,12-23H2,1H3",HIJWMGDWFFFPRM-UHFFFAOYSA-N,HIJWMGDWFFFPRM,0.3034267090667009,0.3034267090667009,0.3034267090667009,Score column,0.3034267090667009,0,0.0004779961210859908,True,0.0715901345866393,264.0,128.0
88874_139410207,88874,139410207,"InChI=1S/C30H38F2N6O/c1-18(2)38-17-30(5,6)39-27-22(31)12-21(13-24(27)38)26-23(32)16-34-28(36-26)35-25-9-8-20(15-33-25)19-10-11-37(7)29(3,4)14-19/h8-9,12-13,15-16,18-19H,10-11,14,17H2,1-7H3,(H,33,34,35,36)",SDKWJRVMLWCOHW-UHFFFAOYSA-N,SDKWJRVMLWCOHW,0.1800735641325913,0.1800735641325913,0.1800735641325913,Score column,0.1800735641325913,0,0.00047728805199544726,True,0.07148408610789123,265.0,231.0
88874_143632233,88874,143632233,"InChI=1S/C27H44N4O5S/c1-21-18-24(35-5)19-22(2)27(21)37(34)28(3)16-17-36-20-26(33)29(4)23-8-14-31(15-9-23)25(32)10-13-30-11-6-7-12-30/h18-19,23H,6-17,20H2,1-5H3",YARQTVKEVKSPLN-UHFFFAOYSA-N,YARQTVKEVKSPLN,0.2704488753704152,0.2704488753704152,0.2704488753704152,Score column,0.2704488753704152,0,0.0004764387551531322,True,0.07135688575507833,266.0,168.0
88874_123748914,88874,123748914,"InChI=1S/C27H44N4O5S/c1-8-29-15-11-13-23(33)22(30-20(5)32)12-9-10-14-24(28)31-37(34,35)26-18(3)17(2)25-21(19(26)4)16-27(6,7)36-25/h22,29H,8-16H2,1-7H3,(H2,28,31)(H,30,32)/t22-/m0/s1",CZNJDZOWBSYVQF-QFIPXVFZSA-N,CZNJDZOWBSYVQF,0.3189576909341823,0.3189576909341823,0.3189576909341823,Score column,0.3189576909341823,0,0.00047633640146924777,True,0.07134155610347345,267.0,106.0
88874_142122695,88874,142122695,"InChI=1S/C35H40N2O3/c1-3-25-13-15-26(16-14-25)31-11-7-8-12-32(31)34(38)36-29-17-19-30(20-18-29)37-23-21-28(22-24-37)33(35(39)40-2)27-9-5-4-6-10-27/h4-11,13-20,28,32-34,36,38H,3,12,21-24H2,1-2H3",AUVXIEFQRKNOHK-UHFFFAOYSA-N,AUVXIEFQRKNOHK,0.1233764993612033,0.1233764993612033,0.1233764993612033,Score column,0.1233764993612033,0,0.0004758078706547681,True,0.07126239731855315,268.0,271.0
88874_139410451,88874,139410451,"InChI=1S/C30H38F2N6O/c1-17(2)38-16-30(5,6)39-28-23(31)12-22(13-25(28)38)27-24(32)15-34-29(36-27)35-26-9-8-20(14-33-26)21-10-18(3)37(7)19(4)11-21/h8-9,12-15,17-19,21H,10-11,16H2,1-7H3,(H,33,34,35,36)",QGZKDAVZWOKUFS-UHFFFAOYSA-N,QGZKDAVZWOKUFS,0.1800565276706427,0.1800565276706427,0.1800565276706427,Score column,0.1800565276706427,0,0.000474889292340026,True,0.07112482058460111,269.0,232.0
88874_145248507,88874,145248507,"InChI=1S/C33H37FN6/c1-3-24(25-8-11-35-12-9-25)20-28-22(2)38-39-33(28)31-21-29-30(37-31)10-13-36-32(29)26-17-23(18-27(34)19-26)7-6-16-40-14-4-5-15-40/h3,8,10,13,17-21,35,37-38H,2,4-7,9,11-12,14-16H2,1H3/b24-3+,28-20+",HLOMNRYOANPRCQ-MYAWEDJFSA-N,HLOMNRYOANPRCQ,0.2376452977261208,0.2376452977261208,0.2376452977261208,Score column,0.2376452977261208,0,0.0004744347308864185,True,0.0710567402923014,270.0,202.0
88874_143534449,88874,143534449,"InChI=1S/C27H44N4O5S/c1-22-18-25(35-3)19-23(2)27(22)37(33,34)31-13-6-8-24(31)20-36-21-26(32)30-16-14-29(15-17-30)12-7-11-28-9-4-5-10-28/h18-19,24H,4-17,20-21H2,1-3H3/t24-/m0/s1",XKZCEPKOSQZAPG-DEOSSOPVSA-N,XKZCEPKOSQZAPG,0.3190409061541401,0.3190409061541401,0.3190409061541401,Score column,0.3190409061541401,0,0.00047399453033618197,True,0.07099081085219434,271.0,105.0
88874_172256004,88874,172256004,"InChI=1S/C35H40N2O3/c1-36-15-7-10-28-12-11-27(19-32(28)36)24-40-34-22-31-29(21-33(34)39-3)20-30(35(31)38)18-25-13-16-37(2,17-14-25)23-26-8-5-4-6-9-26/h4-12,15,19,21-22,25,30H,13-14,16-18,20,23-24H2,1-3H3/q+2",YLZADRSDRKJQBP-UHFFFAOYSA-N,YLZADRSDRKJQBP,0.0850185836814094,0.0850185836814094,0.0850185836814094,Score column,0.0850185836814094,0,0.0004729556662130544,True,0.07083521874775851,272.0,376.0
88874_71016041,88874,71016041,"InChI=1S/C35H40N2O3/c1-24(31-17-9-13-27-12-6-7-16-32(27)31)36-30-15-8-14-29(23-30)26-18-20-28(21-19-26)34(38)37-33(35(39)40-2)22-25-10-4-3-5-11-25/h3-7,9-13,16-18,20-21,24,26,29-30,33,36H,8,14-15,19,22-23H2,1-2H3,(H,37,38)/t24?,26?,29-,30?,33-/m0/s1",UPMCOENAASSMGA-ARAVWQDMSA-N,UPMCOENAASSMGA,0.1298463561435787,0.1298463561435787,0.1298463561435787,Score column,0.1298463561435787,0,0.00047275864297673716,True,0.07080571030745443,273.0,261.0
88874_58516012,88874,58516012,"InChI=1S/C27H44N4O5S/c1-6-36-27(33)20-13-15-31(16-14-20)26(32)23(9-7-8-10-25(28)29)30-37(34,35)24-12-11-21(18(2)3)17-22(24)19(4)5/h11-12,17-20,23,30H,6-10,13-16H2,1-5H3,(H3,28,29)/t23-/m0/s1",DJRKCEVQGGDKIA-QHCPKHFHSA-N,DJRKCEVQGGDKIA,0.2310650815193934,0.2310650815193934,0.2310650815193934,Score column,0.2310650815193934,0,0.00047187828659281286,True,0.07067385812449915,274.0,213.0
88874_66627445,88874,66627445,"InChI=1S/C32H41FN2O4/c1-32(2,34(3)4)21-39-31-13-6-22(16-29(31)33)20-35(14-15-36)30-19-27(38-5)11-12-28(30)25-8-7-24-18-26(37)10-9-23(24)17-25/h6,9-13,16,18-19,25,36-37H,7-8,14-15,17,20-21H2,1-5H3",NGZVJMQJCNOIBS-UHFFFAOYSA-N,NGZVJMQJCNOIBS,0.0790755675374907,0.0790755675374907,0.0790755675374907,Score column,0.0790755675374907,0,0.0004700696174065336,True,0.070402971260032,275.0,389.0
88874_25117246,88874,25117246,"InChI=1S/C27H44N4O5S/c1-6-27(19-29(15-16-30(27)26(32)33)22-10-13-28(4)14-11-22)24-9-7-8-12-31(24)37(34,35)25-20(2)17-23(36-5)18-21(25)3/h17-18,22,24H,6-16,19H2,1-5H3,(H,32,33)",DIEAMHYTNOAMJU-UHFFFAOYSA-N,DIEAMHYTNOAMJU,0.289728605444264,0.289728605444264,0.289728605444264,Score column,0.289728605444264,0,0.00046995030982121747,True,0.07038510239935886,276.0,146.0
88874_139999679,88874,139999679,"InChI=1S/C32H41FN2O4/c1-38-26-8-5-7-23(20-26)6-3-4-18-35-19-16-24(25(22-35)10-14-32(36)37)9-12-30(33)28-15-17-34-31-13-11-27(39-2)21-29(28)31/h5,7-8,11,13,15,17,20-21,24-25,30H,3-4,6,9-10,12,14,16,18-19,22H2,1-2H3,(H,36,37)/t24-,25+,30?/m1/s1",BRLLWAHFYZKNAW-SVYDGNIISA-N,BRLLWAHFYZKNAW,0.1286910816534085,0.1286910816534085,0.1286910816534085,Score column,0.1286910816534085,0,0.00046840913516958216,True,0.07015427855819166,277.0,263.0
88874_66627915,88874,66627915,"InChI=1S/C32H41FN2O4/c1-4-34(5-2)15-17-39-32-13-6-23(18-30(32)33)22-35(14-16-36)31-21-28(38-3)11-12-29(31)26-8-7-25-20-27(37)10-9-24(25)19-26/h6,9-13,18,20-21,26,36-37H,4-5,7-8,14-17,19,22H2,1-3H3",HXMFDZWLPKKHIE-UHFFFAOYSA-N,HXMFDZWLPKKHIE,0.1065770477719351,0.1065770477719351,0.1065770477719351,Score column,0.1065770477719351,0,0.00046729283404664974,True,0.06998708860809671,278.0,312.0
88874_135186092,88874,135186092,"InChI=1S/C28H40N8OS/c1-21(2)32-16-18-33(19-17-32)24-6-4-22(5-7-24)25-20-36-27(29-25)38-28(30-36)35-10-8-23(9-11-35)26(37)34-14-12-31(3)13-15-34/h4-7,20-21,23H,8-19H2,1-3H3",UKQGODWQSYSDQL-UHFFFAOYSA-N,UKQGODWQSYSDQL,0.2463521307097301,0.2463521307097301,0.2463521307097301,Score column,0.2463521307097301,0,0.0004664139497665465,True,0.06985545690414957,279.0,195.0
88874_158374609,88874,158374609,"InChI=1S/C27H44N4O5S/c1-9-17(4)19(13-23(33)27(6)11-10-12-30(27)7)25(34)31(8)22(16(2)3)14-20(28-18(5)32)24-29-21(15-37-24)26(35)36/h15-17,19-20,22H,9-14H2,1-8H3,(H,28,32)(H,35,36)/t17-,19-,20+,22+,27+/m0/s1",BHMOYCMBYYMCRR-FONLMXJNSA-N,BHMOYCMBYYMCRR,0.3273799591084589,0.3273799591084589,0.3273799591084589,Score column,0.3273799591084589,0,0.0004640628286132585,True,0.06950332626465616,280.0,94.0
88874_77137966,88874,77137966,"InChI=1S/C30H41ClN6O/c1-34(2)25-9-12-36(20-25)29(38)23-17-30(18-23)10-13-35(14-11-30)28-16-27(21-5-3-4-6-21)37(33-28)24-8-7-22(19-32)26(31)15-24/h7-8,15,21,23,25,27H,3-6,9-14,16-18,20H2,1-2H3",ZOCHJACPEYBNGP-UHFFFAOYSA-N,ZOCHJACPEYBNGP,0.3184517491992334,0.3184517491992334,0.3184517491992334,Score column,0.3184517491992334,0,0.00046323629933669834,True,0.06937953584139016,281.0,109.0
88874_71130972,88874,71130972,"InChI=1S/C27H44N4O5S/c1-20-15-24(35-4)16-21(2)27(20)37(33,34)25-5-8-28-17-22(25)18-36-19-26(32)31-13-11-30(12-14-31)23-6-9-29(3)10-7-23/h15-16,22-23,25,28H,5-14,17-19H2,1-4H3",FJDNNQOFZAWFTA-UHFFFAOYSA-N,FJDNNQOFZAWFTA,0.2887825695520034,0.2887825695520034,0.2887825695520034,Score column,0.2887825695520034,0,0.00046234894239246583,True,0.06924663517491683,282.0,148.0
88874_145247488,88874,145247488,"InChI=1S/C33H37FN6/c1-3-29-27(17-22(2)24-8-11-35-12-9-24)33(39-38-29)31-21-28-30(37-31)10-13-36-32(28)25-18-23(19-26(34)20-25)7-6-16-40-14-4-5-15-40/h3,8,10,13,17-21,35,37-38H,2,4-7,9,11-12,14-16H2,1H3/b27-17+,29-3+",JNGQLXJVXVBRHP-IGDXVBJFSA-N,JNGQLXJVXVBRHP,0.2375684891481993,0.2375684891481993,0.2375684891481993,Score column,0.2375684891481993,0,0.00046197283188697413,True,0.06919030458870533,283.0,204.0
88874_144333358,88874,144333358,"InChI=1S/C27H44N4O5S/c1-5-29-11-13-30(14-12-29)24-9-8-23(19-24)28(3)26(32)20-36-16-15-31-10-6-7-22-18-25(35-4)17-21(2)27(22)37(31,33)34/h17-18,23-24H,5-16,19-20H2,1-4H3/t23-,24+/m0/s1",XDOWVSSMIJIKPF-BJKOFHAPSA-N,XDOWVSSMIJIKPF,0.2855813586993462,0.2855813586993462,0.2855813586993462,Score column,0.2855813586993462,0,0.00046174284682319074,True,0.06915585941029725,284.0,153.0
88874_139999826,88874,139999826,"InChI=1S/C32H41FN2O4/c1-38-26-10-6-23(7-11-26)5-3-4-19-35-20-17-24(25(22-35)9-15-32(36)37)8-13-30(33)28-16-18-34-31-14-12-27(39-2)21-29(28)31/h6-7,10-12,14,16,18,21,24-25,30H,3-5,8-9,13,15,17,19-20,22H2,1-2H3,(H,36,37)/t24-,25+,30?/m1/s1",PSRKBHRTODIUAT-SVYDGNIISA-N,PSRKBHRTODIUAT,0.1286910816534085,0.1286910816534085,0.1286910816534085,Score column,0.1286910816534085,0,0.0004603473159771645,True,0.0689468488416344,285.0,263.0
88874_144444024,88874,144444024,"InChI=1S/C30H41ClN6O/c1-34-12-9-25(20-34)35(2)29(38)23-17-30(18-23)10-13-36(14-11-30)28-16-27(21-5-3-4-6-21)37(33-28)24-8-7-22(19-32)26(31)15-24/h7-8,15,21,23,25,27H,3-6,9-14,16-18,20H2,1-2H3/t25-,27?/m1/s1",YBQYTRLXLMVLBR-CSMDKSQMSA-N,YBQYTRLXLMVLBR,0.3140948909474679,0.3140948909474679,0.3140948909474679,Score column,0.3140948909474679,0,0.00045995297228863536,True,0.06888778744659409,286.0,116.0
88874_87182351,88874,87182351,"InChI=1S/C31H44N2O4Si/c1-23-28(35-5)19-26(20-29(23)36-6)30(37-38(7,8)31(2,3)4)25(21-33-18-17-27(22-34)32-33)16-12-15-24-13-10-9-11-14-24/h9-11,13-14,17-20,22,25,30H,12,15-16,21H2,1-8H3/t25-,30?/m1/s1",ROXJWVPAJLELNO-GOWJNXQMSA-N,ROXJWVPAJLELNO,0.0234182083582828,0.0234182083582828,0.0234182083582828,Score column,0.0234182083582828,0,0.0004587922724994103,True,0.06871394784735944,287.0,496.0
88874_144752769,88874,144752769,"InChI=1S/C33H37FN6/c1-2-3-8-32(38-18-13-28(14-19-38)39-20-15-30-31(23-39)37-17-16-36-30)33-21-35-24-40(33)22-26-6-4-5-7-29(26)25-9-11-27(34)12-10-25/h4-12,16-17,21,24,28H,2-3,13-15,18-20,22-23H2,1H3/b32-8-",YLOIXFBZKRYQHX-ORXZFWEQSA-N,YLOIXFBZKRYQHX,0.1274889625548591,0.1274889625548591,0.1274889625548591,Score column,0.1274889625548591,0,0.00045659506671356747,True,0.0683848693235303,288.0,267.0
88874_23647864,88874,23647864,"InChI=1S/C35H40N2O3/c1-38-35-11-6-5-10-31(35)26-39-22-7-23-40-32-18-16-30(17-19-32)33-20-21-36-25-34(33)37-24-27-12-14-29(15-13-27)28-8-3-2-4-9-28/h2-6,8-19,33-34,36-37H,7,20-26H2,1H3/t33-,34-/m1/s1",LDTZYIHUNGVWCK-KKLWWLSJSA-N,LDTZYIHUNGVWCK,0.0994201232620327,0.0994201232620327,0.0994201232620327,Score column,0.0994201232620327,0,0.0004562891303896703,True,0.06833904882073422,289.0,337.0
88874_139410367,88874,139410367,"InChI=1S/C30H38F2N6O/c1-19(2)38-12-13-39-29-25(31)15-21(16-27(29)38)28-26(32)17-33-30(35-28)34-23-6-7-24(22(14-23)18-36(3)4)20-8-10-37(5)11-9-20/h6-7,14-17,19-20H,8-13,18H2,1-5H3,(H,33,34,35)",ABPRJTCDJICFHO-UHFFFAOYSA-N,ABPRJTCDJICFHO,0.1801464729136374,0.1801464729136374,0.1801464729136374,Score column,0.1801464729136374,0,0.0004559558466111254,True,0.0682891324521508,290.0,230.0
88874_67563782,88874,67563782,"InChI=1S/C35H40N2O3/c1-26(2)33(34(38)39-25-29-11-6-5-7-12-29)37(27(3)19-21-35(4)20-10-22-40-35)24-28-15-17-30(18-16-28)32-14-9-8-13-31(32)23-36/h5-9,11-18,26,33H,3,10,19-22,24-25H2,1-2,4H3/t33-,35?/m0/s1",SMIITRSKXXBLQD-ITLBEBSESA-N,SMIITRSKXXBLQD,0.1118625284270359,0.1118625284270359,0.1118625284270359,Score column,0.1118625284270359,0,0.0004554155823339672,True,0.06820821633043367,291.0,295.0
88874_139619568,88874,139619568,"InChI=1S/C32H41FN2O4/c1-6-7-13-32(21-34,24-18-28(36-3)31(38-5)29(19-24)37-4)14-8-15-35-16-11-23(12-17-35)30-22(2)39-27-20-25(33)9-10-26(27)30/h9-10,18-20,23H,6-8,11-17H2,1-5H3",UGAHTPHFSTVOOR-UHFFFAOYSA-N,UGAHTPHFSTVOOR,0.1242332883625057,0.1242332883625057,0.1242332883625057,Score column,0.1242332883625057,0,0.0004548607094342681,True,0.06812511225528409,292.0,270.0
88874_123856484,88874,123856484,"InChI=1S/C35H40N2O3/c1-5-28-18-25(2)19-29(20-28)23-40-35-21-33(15-14-31(35)22-36-16-17-37-27(4)38)39-24-32-12-9-13-34(26(32)3)30-10-7-6-8-11-30/h6-15,18-21,36H,5,16-17,22-24H2,1-4H3,(H,37,38)",ZNFMYBWGEUVEQR-UHFFFAOYSA-N,ZNFMYBWGEUVEQR,0.0762366763354897,0.0762366763354897,0.0762366763354897,Score column,0.0762366763354897,0,0.0004523776471111917,True,0.06775322060584521,293.0,401.0
88874_143761840,88874,143761840,"InChI=1S/C27H44N4O5S/c1-21-17-25(35-4)18-22-9-12-31(37(33,34)27(21)22)15-16-36-20-26(32)29(3)23-7-5-8-24(19-23)30-11-6-10-28(2)13-14-30/h17-18,23-24H,5-16,19-20H2,1-4H3/t23?,24-/m1/s1",HQQPRXACKFPSPP-XMMISQBUSA-N,HQQPRXACKFPSPP,0.274250369809653,0.274250369809653,0.274250369809653,Score column,0.274250369809653,0,0.0004513714757442473,True,0.06760252494033832,294.0,164.0
88874_25010691,88874,25010691,"InChI=1S/C28H41F3N5S/c1-32(2)14-18-36(19-15-33(3)4)20-16-34(17-21-36)12-7-13-35-24-8-5-6-9-26(24)37-27-11-10-23(22-25(27)35)28(29,30)31/h5-6,8-11,22H,7,12-21H2,1-4H3/q+1",CFLFQOZZSAKTFQ-UHFFFAOYSA-N,CFLFQOZZSAKTFQ,0.1291538661510488,0.1291538661510488,0.1291538661510488,Score column,0.1291538661510488,0,0.000449711015485819,True,0.06735383553025152,295.0,262.0
88874_171719986,88874,171719986,"InChI=1S/C35H40N2O3/c38-30-15-16-32-28(23-30)9-4-10-31(26-7-2-1-3-8-26)34(32)27-11-13-29(14-12-27)37-22-19-35(25-37)17-5-20-36(21-6-18-35)24-33(39)40/h1-3,7-8,11-16,23,38H,4-6,9-10,17-22,24-25H2,(H,39,40)",XURWECPJBUNKIA-UHFFFAOYSA-N,XURWECPJBUNKIA,0.111478598639622,0.111478598639622,0.111478598639622,Score column,0.111478598639622,0,0.0004491640266507138,True,0.06727191226226852,296.0,298.0
88874_164924458,88874,164924458,"InChI=1S/C35H40N2O3/c38-30-15-16-32-28(23-30)9-4-10-31(26-7-2-1-3-8-26)34(32)27-11-13-29(14-12-27)37-21-6-18-35(25-37)17-5-20-36(22-19-35)24-33(39)40/h1-3,7-8,11-16,23,38H,4-6,9-10,17-22,24-25H2,(H,39,40)",WVWVVRFEKAWAQJ-UHFFFAOYSA-N,WVWVVRFEKAWAQJ,0.1112490024975585,0.1112490024975585,0.1112490024975585,Score column,0.1112490024975585,0,0.00044876593746973374,True,0.0672122898996872,297.0,299.0
88874_171720115,88874,171720115,"InChI=1S/C35H40N2O3/c38-30-15-16-32-28(23-30)9-4-10-31(26-7-2-1-3-8-26)34(32)27-11-13-29(14-12-27)37-20-5-17-35(18-6-21-37)19-22-36(25-35)24-33(39)40/h1-3,7-8,11-16,23,38H,4-6,9-10,17-22,24-25H2,(H,39,40)",CFUMPQIQQPSGSD-UHFFFAOYSA-N,CFUMPQIQQPSGSD,0.111478598639622,0.111478598639622,0.111478598639622,Score column,0.111478598639622,0,0.0004476585837761639,True,0.06704644001835852,298.0,298.0
88874_171719858,88874,171719858,"InChI=1S/C35H40N2O3/c38-30-15-16-32-28(23-30)9-4-10-31(26-7-2-1-3-8-26)34(32)27-11-13-29(14-12-27)37-21-6-18-35(19-22-37)17-5-20-36(25-35)24-33(39)40/h1-3,7-8,11-16,23,38H,4-6,9-10,17-22,24-25H2,(H,39,40)",PWROCFKEXQLGRF-UHFFFAOYSA-N,PWROCFKEXQLGRF,0.1112490024975585,0.1112490024975585,0.1112490024975585,Score column,0.1112490024975585,0,0.0004471973577641834,True,0.06697736156601142,299.0,299.0
88874_171719851,88874,171719851,"InChI=1S/C35H40N2O3/c38-30-14-15-32-28(24-30)8-4-9-31(26-6-2-1-3-7-26)34(32)27-10-12-29(13-11-27)37-20-5-16-35(19-23-37)17-21-36(22-18-35)25-33(39)40/h1-3,6-7,10-15,24,38H,4-5,8-9,16-23,25H2,(H,39,40)",ISSNQHHDHKEOSI-UHFFFAOYSA-N,ISSNQHHDHKEOSI,0.1112490024975585,0.1112490024975585,0.1112490024975585,Score column,0.1112490024975585,0,0.0004471273348260063,True,0.06696687413453005,300.0,299.0
88874_171719994,88874,171719994,"InChI=1S/C35H40N2O3/c38-30-14-15-32-28(24-30)8-4-9-31(26-6-2-1-3-7-26)34(32)27-10-12-29(13-11-27)37-22-18-35(19-23-37)16-5-20-36(21-17-35)25-33(39)40/h1-3,6-7,10-15,24,38H,4-5,8-9,16-23,25H2,(H,39,40)",HSXUVRHOHPODAV-UHFFFAOYSA-N,HSXUVRHOHPODAV,0.1112490024975585,0.1112490024975585,0.1112490024975585,Score column,0.1112490024975585,0,0.00044706264692586864,True,0.0669571857390124,301.0,299.0
88874_172256414,88874,172256414,"InChI=1S/C35H40N2O3/c1-25(37-17-14-28-10-6-7-11-29(28)23-37)24-40-34-21-32-30(20-33(34)39-2)19-31(35(32)38)18-26-12-15-36(16-13-26)22-27-8-4-3-5-9-27/h3-11,14,17,20-21,25-26,31H,12-13,15-16,18-19,22-24H2,1-2H3",QCPSGUYCKILYMS-UHFFFAOYSA-N,QCPSGUYCKILYMS,0.0849430295544443,0.0849430295544443,0.0849430295544443,Score column,0.0849430295544443,0,0.00044458814401486074,True,0.06658657604445754,302.0,378.0
88874_163487349,88874,163487349,"InChI=1S/C27H44N4O5S/c1-17(2)22-25(35)31-14-9-12-21(31)24(34)28-20(11-6-5-7-15-37-19(4)32)23(33)30-27(26(36)29-22)13-8-10-18(3)16-27/h17-18,20-22H,5-16H2,1-4H3,(H,28,34)(H,29,36)(H,30,33)/t18?,20-,21+,22-,27?/m0/s1",CJQYRAQVQJOOBD-HGBBYKJGSA-N,CJQYRAQVQJOOBD,0.3570798807954501,0.3570798807954501,0.3570798807954501,Score column,0.3570798807954501,0,0.0004423147956432999,True,0.06624609354114225,303.0,68.0
88874_87182413,88874,87182413,"InChI=1S/C31H44N2O4Si/c1-23-28(35-5)17-27(18-29(23)36-6)30(37-38(7,8)31(2,3)4)26(21-33-20-25(22-34)19-32-33)16-12-15-24-13-10-9-11-14-24/h9-11,13-14,17-20,22,26,30H,12,15-16,21H2,1-8H3/t26-,30?/m1/s1",KOMMQJRXAGNDEK-FIQOPJFZSA-N,KOMMQJRXAGNDEK,0.0234182083582828,0.0234182083582828,0.0234182083582828,Score column,0.0234182083582828,0,0.0004411137443672899,True,0.06606621044439313,304.0,496.0
88874_58116419,88874,58116419,"InChI=1S/C27H44N4O5S/c1-21-18-22(2)27(23(3)19-21)37(34,35)28(4)16-17-36-20-26(33)29(5)24-8-14-31(15-9-24)25(32)10-13-30-11-6-7-12-30/h18-19,24H,6-17,20H2,1-5H3",SGTHDJPQQNSUGG-UHFFFAOYSA-N,SGTHDJPQQNSUGG,0.2448273818259354,0.2448273818259354,0.2448273818259354,Score column,0.2448273818259354,0,0.00044094301179541085,True,0.0660406395929574,305.0,196.0
88874_53356939,88874,53356939,"InChI=1S/C23H44N4O10/c1-10-20(2,3)24(28)21(4,5)11-12-34-15-18(36-26(30)31)19(37-27(32)33)16-35-17-13-22(6,7)25(29)23(8,9)14-17/h17-19H,10-16H2,1-9H3",UGQYRUHAIMHGJU-UHFFFAOYSA-N,UGQYRUHAIMHGJU,0.2097222306705059,0.2097222306705059,0.2097222306705059,Score column,0.2097222306705059,0,0.00043989143886413436,True,0.06588314407289605,306.0,224.0
88874_70903564,88874,70903564,"InChI=1S/C32H41FN2O4/c1-4-38-30(36)26-7-5-6-25(17-26)24-11-14-34(15-12-24)28-10-13-32(18-28,22(2)3)31(37)35-20-27-16-23(19-33)8-9-29(27)39-21-35/h5-9,16-17,22,24,28H,4,10-15,18-21H2,1-3H3/t28-,32+/m1/s1",NWVMCYCOLCMFEI-NSJVFKKDSA-N,NWVMCYCOLCMFEI,0.1456048889264308,0.1456048889264308,0.1456048889264308,Score column,0.1456048889264308,0,0.0004388816073529361,True,0.06573190022256466,307.0,246.0
88874_89586793,88874,89586793,"InChI=1S/C35H40N2O3/c1-34(2,21-19-27-13-7-5-8-14-27)25-29-17-11-23-36-31(29)39-33(38)40-32-30(18-12-24-37-32)26-35(3,4)22-20-28-15-9-6-10-16-28/h5-18,23-24H,19-22,25-26H2,1-4H3",FUUASTJMLFDGJM-UHFFFAOYSA-N,FUUASTJMLFDGJM,0.0657757112325057,0.0657757112325057,0.0657757112325057,Score column,0.0657757112325057,0,0.00043711935226877256,True,0.06546796486182445,308.0,421.0
88874_6689656,88874,6689656,"InChI=1S/C35H40N2O3/c1-24-33(22-37(3)25(2)28-10-5-4-6-11-28)39-35(40-34(24)29-17-15-26(23-38)16-18-29)32-14-8-13-31(20-32)30-12-7-9-27(19-30)21-36/h4-20,24-25,33-35,38H,21-23,36H2,1-3H3/t24-,25+,33+,34+,35+/m1/s1",BZEYGOUWLJKHQM-MTCGQGTBSA-N,BZEYGOUWLJKHQM,0.0968537916779609,0.0968537916779609,0.0968537916779609,Score column,0.0968537916779609,0,0.0004368567507069031,True,0.06542863466576723,309.0,342.0
88874_153369924,88874,153369924,"InChI=1S/C28H41F3N5S/c1-32-12-6-18-36(19-15-33(2)3)20-16-34(17-21-36)13-7-14-35-24-8-4-5-9-26(24)37-27-11-10-23(22-25(27)35)28(29,30)31/h4-5,8-11,22,32H,6-7,12-21H2,1-3H3/q+1",FWCYASKDFKWLPM-UHFFFAOYSA-N,FWCYASKDFKWLPM,0.1291538661510488,0.1291538661510488,0.1291538661510488,Score column,0.1291538661510488,0,0.0004367903678558243,True,0.06541869241512265,310.0,262.0
88874_9828609,88874,9828609,"InChI=1S/C24H40N8O6/c1-24(2,3)38-23(36)32-18(14-6-8-15(25)9-7-14)20(35)30-13-17(33)31-16(5-4-10-29-22(26)27)19(34)21-28-11-12-37-21/h11-12,14-16,18H,4-10,13,25H2,1-3H3,(H,30,35)(H,31,33)(H,32,36)(H4,26,27,29)/t14?,15?,16-,18+/m0/s1",YQGFIDJMSLLGOP-UNGSAITNSA-N,YQGFIDJMSLLGOP,0.3165467835563466,0.3165467835563466,0.3165467835563466,Score column,0.3165467835563466,0,0.0004367570514187002,True,0.06541370256664387,311.0,110.0
88874_68409654,88874,68409654,"InChI=1S/C32H41FN2O4/c1-4-35(20-21-5-10-30(28(33)15-21)39-26-11-13-34-14-12-26)29-19-32(38-3)31(37-2)18-27(29)24-7-6-23-17-25(36)9-8-22(23)16-24/h5,8-10,15,17-19,24,26-27,29,34,36H,4,6-7,11-14,16,20H2,1-3H3/t24-,27?,29?/m1/s1",YACLGQWTWCDHGO-LQCQDBRVSA-N,YACLGQWTWCDHGO,0.1095102747761443,0.1095102747761443,0.1095102747761443,Score column,0.1095102747761443,0,0.00043675575480634047,True,0.06541350837123257,312.0,304.0
88874_41022130,88874,41022130,"InChI=1S/C35H40N2O3/c1-3-5-8-17-33(39)37-31-16-12-11-15-29(31)36-30-23-27(25-18-20-28(21-19-25)40-22-6-4-2)24-32(38)34(30)35(37)26-13-9-7-10-14-26/h7,9-16,18-21,27,35-36H,3-6,8,17,22-24H2,1-2H3/t27-,35-/m0/s1",UHMLUOLMMPLJDD-UXCMTWRGSA-N,UHMLUOLMMPLJDD,0.0933704114088145,0.0933704114088145,0.0933704114088145,Score column,0.0933704114088145,0,0.0004361345339517668,True,0.06532046727189077,313.0,352.0
88874_143427232,88874,143427232,"InChI=1S/C35H40N2O3/c1-22(24-10-7-11-29(16-24)39-2)37-28-20-33-26(13-12-25-18-32(25)33)17-31(23-8-5-4-6-9-23)30-15-14-27(35(38)40-3)19-34(30)36-21-28/h4-6,8-9,12-15,17,19,24-25,28-29,32,36-37H,1,7,10-11,16,18,20-21H2,2-3H3/b31-17+",FBVVZRAIVXCVKF-KBVAKVRCSA-N,FBVVZRAIVXCVKF,0.1050011253279403,0.1050011253279403,0.1050011253279403,Score column,0.1050011253279403,0,0.0004357584354245107,True,0.06526413847967603,314.0,320.0
88874_163533184,88874,163533184,"InChI=1S/C30H38F2N6O/c1-17(2)27-22(20-9-11-37(6)12-10-20)7-8-26(34-27)35-30-33-15-24(32)28(36-30)21-13-23(31)29-25(14-21)38(18(3)4)16-19(5)39-29/h7-8,13-15,17-20H,9-12,16H2,1-6H3,(H,33,34,35,36)",QQURVFVYLCHTAL-UHFFFAOYSA-N,QQURVFVYLCHTAL,0.1682744792723627,0.1682744792723627,0.1682744792723627,Score column,0.1682744792723627,0,0.0004342136457074526,True,0.0650327732052027,315.0,236.0
88874_143761759,88874,143761759,"InChI=1S/C27H44N4O5S/c1-5-29-12-14-30(15-13-29)24-8-6-23(7-9-24)28(3)26(32)20-36-17-16-31-11-10-22-19-25(35-4)18-21(2)27(22)37(31,33)34/h18-19,23-24H,5-17,20H2,1-4H3",MNZDFLFYHUHMOQ-UHFFFAOYSA-N,MNZDFLFYHUHMOQ,0.2528763358414488,0.2528763358414488,0.2528763358414488,Score column,0.2528763358414488,0,0.0004339016213510188,True,0.06498604088942438,316.0,190.0
88874_135266291,88874,135266291,"InChI=1S/C30H41ClN6O/c1-22-27(30(38)34-14-6-13-32-15-18-35(2)3)28(29(36(22)4)23-9-11-25(31)12-10-23)24-7-5-8-26(21-24)37-19-16-33-17-20-37/h5,7-12,21,32-33H,6,13-20H2,1-4H3,(H,34,38)",FTBLCZMMRVHLQV-UHFFFAOYSA-N,FTBLCZMMRVHLQV,0.1105530698214584,0.1105530698214584,0.1105530698214584,Score column,0.1105530698214584,0,0.00043388724228606154,True,0.06498388731714605,317.0,300.0
88874_135330815,88874,135330815,"InChI=1S/C35H40N2O3/c1-25-22-30(16-20-34(25)40-2)28-12-9-27(10-13-28)24-37(35(39)29-14-18-33(38)19-15-29)32-8-5-6-26(23-32)11-17-31-7-3-4-21-36-31/h3-8,16,20-23,27-29,33,38H,9-10,12-15,18-19,24H2,1-2H3",FJEHAWPMHGHCLZ-UHFFFAOYSA-N,FJEHAWPMHGHCLZ,0.0960665882422743,0.0960665882422743,0.0960665882422743,Score column,0.0960665882422743,0,0.00043358122577426473,True,0.06493805480449825,318.0,345.0
88874_68087752,88874,68087752,"InChI=1S/C32H41FN2O4/c1-38-28-9-10-29(26-6-5-25-20-27(37)8-7-24(25)19-26)31(21-28)35(14-16-36)22-23-4-11-32(30(33)18-23)39-17-15-34-12-2-3-13-34/h4,7-11,18,20-21,26,29,31,36-37H,2-3,5-6,12-17,19,22H2,1H3/t26-,29?,31?/m1/s1",QPDRXQMBKWCXKJ-UFWLQUKHSA-N,QPDRXQMBKWCXKJ,0.1251022176353676,0.1251022176353676,0.1251022176353676,Score column,0.1251022176353676,0,0.00043339891318766913,True,0.06491074959837742,319.0,269.0
88874_18308507,88874,18308507,"InChI=1S/C24H40N8O6/c25-11-5-4-9-16(26)20(34)32-19(14-33)22(36)31-18(13-15-7-2-1-3-8-15)21(35)30-17(23(37)38)10-6-12-29-24(27)28/h1-3,7-8,16-19,33H,4-6,9-14,25-26H2,(H,30,35)(H,31,36)(H,32,34)(H,37,38)(H4,27,28,29)",YSSXTOXPFBVEGB-UHFFFAOYSA-N,YSSXTOXPFBVEGB,0.2821337519057887,0.2821337519057887,0.2821337519057887,Score column,0.2821337519057887,0,0.00043324193085899016,True,0.06488723813972307,320.0,157.0
88874_18307750,88874,18307750,"InChI=1S/C24H40N8O6/c25-11-5-4-9-16(26)20(34)31-18(13-15-7-2-1-3-8-15)21(35)32-19(14-33)22(36)30-17(23(37)38)10-6-12-29-24(27)28/h1-3,7-8,16-19,33H,4-6,9-14,25-26H2,(H,30,36)(H,31,34)(H,32,35)(H,37,38)(H4,27,28,29)",BTLCGOLEOOOLEE-UHFFFAOYSA-N,BTLCGOLEOOOLEE,0.2821337519057887,0.2821337519057887,0.2821337519057887,Score column,0.2821337519057887,0,0.00043324193085899016,True,0.06488723813972307,320.0,157.0
88874_143761809,88874,143761809,"InChI=1S/C27H44N4O5S/c1-21-18-25(35-4)19-22-10-13-31(37(33,34)27(21)22)16-17-36-20-26(32)29(3)23-6-8-24(9-7-23)30-12-5-11-28(2)14-15-30/h18-19,23-24H,5-17,20H2,1-4H3",OXFMHDPJMGWWRQ-UHFFFAOYSA-N,OXFMHDPJMGWWRQ,0.2530347596286074,0.2530347596286074,0.2530347596286074,Score column,0.2530347596286074,0,0.00043266366030990204,True,0.06480062976653658,321.0,189.0
88874_57204848,88874,57204848,"InChI=1S/C40H40O/c1-28-21-23-35(24-22-28)40(5,34-19-13-8-14-20-34)38(32-15-9-6-10-16-32)37(39(41)33-17-11-7-12-18-33)27-36-30(3)25-29(2)26-31(36)4/h6-26,37-38H,27H2,1-5H3",SMSUGTYMYRPCMK-UHFFFAOYSA-N,SMSUGTYMYRPCMK,0.0192532337538135,0.0192532337538135,0.0192532337538135,Score column,0.0192532337538135,0,0.0004288608132217802,True,0.06423107214286274,322.0,501.0
88874_20007683,88874,20007683,"InChI=1S/C24H40N8O6/c25-11-5-4-9-17(21(35)31-18(23(37)38)10-6-12-29-24(27)28)30-22(36)19(14-33)32-20(34)16(26)13-15-7-2-1-3-8-15/h1-3,7-8,16-19,33H,4-6,9-14,25-26H2,(H,30,36)(H,31,35)(H,32,34)(H,37,38)(H4,27,28,29)",FKDHQBVAXWMNLA-UHFFFAOYSA-N,FKDHQBVAXWMNLA,0.2775660705771999,0.2775660705771999,0.2775660705771999,Score column,0.2775660705771999,0,0.0004287311930269539,True,0.06421165874852038,323.0,161.0
88874_20006184,88874,20006184,"InChI=1S/C24H40N8O6/c25-11-5-4-9-17(30-20(34)16(26)13-15-7-2-1-3-8-15)21(35)32-19(14-33)22(36)31-18(23(37)38)10-6-12-29-24(27)28/h1-3,7-8,16-19,33H,4-6,9-14,25-26H2,(H,30,34)(H,31,36)(H,32,35)(H,37,38)(H4,27,28,29)",VKLBGUAZDCWDNZ-UHFFFAOYSA-N,VKLBGUAZDCWDNZ,0.2775660705771999,0.2775660705771999,0.2775660705771999,Score column,0.2775660705771999,0,0.0004287311930269539,True,0.06421165874852038,323.0,161.0
88874_6689610,88874,6689610,"InChI=1S/C35H40N2O3/c1-24-33(22-37(3)25(2)28-9-5-4-6-10-28)39-35(40-34(24)30-14-12-26(23-38)13-15-30)31-18-16-29(17-19-31)32-11-7-8-27(20-32)21-36/h4-20,24-25,33-35,38H,21-23,36H2,1-3H3/t24-,25+,33+,34+,35+/m1/s1",RUUDACNDUIVSSR-MTCGQGTBSA-N,RUUDACNDUIVSSR,0.0968537916779609,0.0968537916779609,0.0968537916779609,Score column,0.0968537916779609,0,0.000425467736904367,True,0.06372288644948418,324.0,342.0
88874_70221967,88874,70221967,"InChI=1S/C27H44N4O5S/c1-17(2)15-20(24(33)30-21(23(32)29-6)16-18-11-9-8-10-12-18)31-25(34)22(37-27(3,4)5)14-13-19(28)26(35)36-7/h8-12,17,19-22H,13-16,28H2,1-7H3,(H,29,32)(H,30,33)(H,31,34)/t19?,20-,21-,22?/m0/s1",OHJYBVQXNZSMMK-INAZGPRKSA-N,OHJYBVQXNZSMMK,0.1381027827711181,0.1381027827711181,0.1381027827711181,Score column,0.1381027827711181,0,0.00042403608450354926,True,0.06350846590602251,325.0,253.0
88874_133066758,88874,133066758,"InChI=1S/C32H41FN2O4/c1-24-29(36)34(2)23-31(14-6-5-8-25-7-3-4-9-28(25)39-24)15-19-35(20-16-31)30(37)32(17-21-38-22-18-32)26-10-12-27(33)13-11-26/h3-4,7,9-13,24H,5-6,8,14-23H2,1-2H3/t24-/m1/s1",YZBZKPZFHGXRNJ-XMMPIXPASA-N,YZBZKPZFHGXRNJ,0.119732986195865,0.119732986195865,0.119732986195865,Score column,0.119732986195865,0,0.0004237086558122337,True,0.06345942646188318,326.0,279.0
88874_22260190,88874,22260190,"InChI=1S/C30H41ClN6O/c1-20(2)28-27(38-3)9-6-22-18-33-30(35-29(22)28)34-24-7-8-26(25(31)17-24)37-15-10-21(11-16-37)5-4-13-36-14-12-23(32)19-36/h6-9,17-18,20-21,23H,4-5,10-16,19,32H2,1-3H3,(H,33,34,35)",GYMCYCQUUDAXNB-UHFFFAOYSA-N,GYMCYCQUUDAXNB,0.1283787104779784,0.1283787104779784,0.1283787104779784,Score column,0.1283787104779784,0,0.00042336801558163573,True,0.06340840830738702,327.0,264.0
88874_169881883,88874,169881883,"InChI=1S/C25H44N8OS2/c1-17(20(30-31-21(35)27-8)18-11-13-19(14-12-18)33(9)10)29-32-22(36)28-24(5,6)15-16-34-25(7,26)23(2,3)4/h11-14H,15-16,26H2,1-10H3,(H2,27,31,35)(H2,28,32,36)/b29-17+,30-20-",LNWAMIBFFSOCPU-GVHOXPDZSA-N,LNWAMIBFFSOCPU,0.102734875479231,0.102734875479231,0.102734875479231,Score column,0.102734875479231,0,0.0004229157944309922,True,0.06334067852547176,328.0,325.0
88874_123643951,88874,123643951,"InChI=1S/C32H41FN2O4/c1-22-10-15-26(27(33)18-22)31-30(25-8-6-5-7-9-25)28(16-17-36)35(34-31)19-23-11-13-24(14-12-23)20-38-21-29(37)39-32(2,3)4/h5-10,15,18,23-24,36H,11-14,16-17,19-21H2,1-4H3",WPFOLKGEKDCOEL-UHFFFAOYSA-N,WPFOLKGEKDCOEL,0.0726344106384659,0.0726344106384659,0.0726344106384659,Score column,0.0726344106384659,0,0.00042158470163805643,True,0.06314131893239164,329.0,406.0
88874_22260091,88874,22260091,"InChI=1S/C30H41ClN6O/c1-21(2)28-27(38-3)9-6-23-20-33-30(35-29(23)28)34-24-7-8-26(25(31)19-24)37-15-10-22(11-16-37)5-4-14-36-17-12-32-13-18-36/h6-9,19-22,32H,4-5,10-18H2,1-3H3,(H,33,34,35)",LOKZYAADEHKSDR-UHFFFAOYSA-N,LOKZYAADEHKSDR,0.1275308798314887,0.1275308798314887,0.1275308798314887,Score column,0.1275308798314887,0,0.00042117229771794046,True,0.06307955263169848,330.0,266.0
88874_18742522,88874,18742522,"InChI=1S/C24H40N8O6/c25-11-5-4-9-17(21(35)31-18(23(37)38)10-6-12-29-24(27)28)30-22(36)19(32-20(34)16(26)14-33)13-15-7-2-1-3-8-15/h1-3,7-8,16-19,33H,4-6,9-14,25-26H2,(H,30,36)(H,31,35)(H,32,34)(H,37,38)(H4,27,28,29)",OVCFZYUYTMVUJX-UHFFFAOYSA-N,OVCFZYUYTMVUJX,0.2659385355133137,0.2659385355133137,0.2659385355133137,Score column,0.2659385355133137,0,0.00042062356214706665,True,0.0629973677527039,331.0,175.0
88874_18741764,88874,18741764,"InChI=1S/C24H40N8O6/c25-11-5-4-9-17(30-20(34)16(26)14-33)21(35)32-19(13-15-7-2-1-3-8-15)22(36)31-18(23(37)38)10-6-12-29-24(27)28/h1-3,7-8,16-19,33H,4-6,9-14,25-26H2,(H,30,34)(H,31,36)(H,32,35)(H,37,38)(H4,27,28,29)",ZUKKVDLLIRCQTD-UHFFFAOYSA-N,ZUKKVDLLIRCQTD,0.2659385355133137,0.2659385355133137,0.2659385355133137,Score column,0.2659385355133137,0,0.00042062356214706665,True,0.0629973677527039,331.0,175.0
88874_89273703,88874,89273703,"InChI=1S/C35H40N2O3/c1-22(2)28-9-8-10-29(19-28)24(4)36-34(38)30-13-16-33-32(20-30)23(3)25(5)37(33)21-27-11-14-31(15-12-27)35(17-18-35)26(6)40-39-7/h8-16,19-20,24,26H,1,17-18,21H2,2-7H3,(H,36,38)/t24-,26?/m0/s1",XUGUXEIBEPYBIY-QSAPEBAKSA-N,XUGUXEIBEPYBIY,0.0708106704950913,0.0708106704950913,0.0708106704950913,Score column,0.0708106704950913,0,0.0004200701802303256,True,0.06291448698411671,332.0,409.0
88874_68837366,88874,68837366,"InChI=1S/C31H44N2O4Si/c1-10-36-31(35)30(34)32-27-12-11-13-28-25(27)16-17-33(28)19-24-14-15-29(26(18-24)20(2)3)37-38(21(4)5,22(6)7)23(8)9/h11-18,20-23H,10,19H2,1-9H3,(H,32,34)",JPAJHDIXUVXWMT-UHFFFAOYSA-N,JPAJHDIXUVXWMT,0.065162659623446,0.065162659623446,0.065162659623446,Score column,0.065162659623446,0,0.00041971495050806897,True,0.06286128374144656,333.0,424.0
88874_123589067,88874,123589067,"InChI=1S/C32H41F5O/c1-2-38-28-21-20-27(31(36)32(28)37)26-19-18-25(29(34)30(26)35)24-16-14-23(15-17-24)13-11-9-7-5-3-4-6-8-10-12-22-33/h11,13,18-21,23-24H,2-10,12,14-17,22H2,1H3",LDZRTKBWMVKEDX-UHFFFAOYSA-N,LDZRTKBWMVKEDX,0.1781285734515394,0.1781285734515394,0.1781285734515394,Score column,0.1781285734515394,0,0.0004192645178333839,True,0.06279382182202835,334.0,233.0
88874_158395065,88874,158395065,"InChI=1S/C35H40N2O3/c1-4-36-34(38)22-15-25-40-33-26-32(39-3)24-23-28(33)27-37(5-2)35(29-16-9-6-10-17-29,30-18-11-7-12-19-30)31-20-13-8-14-21-31/h6-14,16-21,23-24,26H,4-5,15,22,25,27H2,1-3H3,(H,36,38)",QWFAROYTQJDFDE-UHFFFAOYSA-N,QWFAROYTQJDFDE,0.0701918011711645,0.0701918011711645,0.0701918011711645,Score column,0.0701918011711645,0,0.00041688320413242093,True,0.0624371692032631,335.0,410.0
88874_170338236,88874,170338236,"InChI=1S/C40H40O/c1-25-21-27(3)37-34(22-25)36-33-23-26(2)35(41-8)24-32(33)28(4)31(38(36)39(37,5)6)19-20-40(7,29-15-11-9-12-16-29)30-17-13-10-14-18-30/h9-24H,1-8H3/b20-19-",XLKRIQBPWUDHNB-VXPUYCOJSA-N,XLKRIQBPWUDHNB,0.0394056525348791,0.0394056525348791,0.0394056525348791,Score column,0.0394056525348791,0,0.0004162728346769374,True,0.06234575333284482,336.0,479.0
88874_22650361,88874,22650361,"InChI=1S/C24H40N8O6/c25-11-5-4-10-17(23(37)38)30-21(35)18(13-15-7-2-1-3-8-15)31-22(36)19(14-33)32-20(34)16(26)9-6-12-29-24(27)28/h1-3,7-8,16-19,33H,4-6,9-14,25-26H2,(H,30,35)(H,31,36)(H,32,34)(H,37,38)(H4,27,28,29)",CGTQCJZRLJARQW-UHFFFAOYSA-N,CGTQCJZRLJARQW,0.2604551525656011,0.2604551525656011,0.2604551525656011,Score column,0.2604551525656011,0,0.0004162645598856271,True,0.062344514006002084,337.0,182.0
88874_18245987,88874,18245987,"InChI=1S/C24H40N8O6/c25-11-5-4-10-17(23(37)38)30-22(36)19(14-33)32-21(35)18(13-15-7-2-1-3-8-15)31-20(34)16(26)9-6-12-29-24(27)28/h1-3,7-8,16-19,33H,4-6,9-14,25-26H2,(H,30,36)(H,31,34)(H,32,35)(H,37,38)(H4,27,28,29)",SHFRWQMIZZMNCB-UHFFFAOYSA-N,SHFRWQMIZZMNCB,0.2604551525656011,0.2604551525656011,0.2604551525656011,Score column,0.2604551525656011,0,0.0004162645598856271,True,0.062344514006002084,337.0,182.0
88874_6689633,88874,6689633,"InChI=1S/C35H40N2O3/c1-24-33(22-37(3)25(2)27-9-5-4-6-10-27)39-35(40-34(24)29-15-13-26(23-38)14-16-29)30-19-17-28(18-20-30)32-12-8-7-11-31(32)21-36/h4-20,24-25,33-35,38H,21-23,36H2,1-3H3/t24-,25+,33+,34+,35+/m1/s1",OCMFXBLCCQDLKK-MTCGQGTBSA-N,OCMFXBLCCQDLKK,0.0968537916779609,0.0968537916779609,0.0968537916779609,Score column,0.0968537916779609,0,0.00041388843016681277,True,0.06198863779935264,338.0,342.0
88874_68527993,88874,68527993,"InChI=1S/C30H41ClN6O/c31-26-10-6-23(7-11-26)18-28(35-27-12-8-24(19-32)9-13-27)29(38)36-16-14-30(15-17-36,20-37-22-33-21-34-37)25-4-2-1-3-5-25/h6-7,10-11,21-22,24-25,27-28,35H,1-5,8-9,12-18,20H2/t24?,27?,28-/m1/s1",IUTOWKTZTHJTDT-XDMDDYCWSA-N,IUTOWKTZTHJTDT,0.2335684868635783,0.2335684868635783,0.2335684868635783,Score column,0.2335684868635783,0,0.0004137464931273716,True,0.06196737969430079,339.0,209.0
88874_22650323,88874,22650323,"InChI=1S/C24H40N8O6/c25-11-5-4-10-17(21(35)31-18(23(37)38)13-15-7-2-1-3-8-15)30-22(36)19(14-33)32-20(34)16(26)9-6-12-29-24(27)28/h1-3,7-8,16-19,33H,4-6,9-14,25-26H2,(H,30,36)(H,31,35)(H,32,34)(H,37,38)(H4,27,28,29)",RKNJQFPNFZCYGT-UHFFFAOYSA-N,RKNJQFPNFZCYGT,0.2556106694132346,0.2556106694132346,0.2556106694132346,Score column,0.2556106694132346,0,0.0004120629413607294,True,0.061715231837360746,340.0,186.0
88874_18245193,88874,18245193,"InChI=1S/C24H40N8O6/c25-11-5-4-10-17(30-20(34)16(26)9-6-12-29-24(27)28)21(35)32-19(14-33)22(36)31-18(23(37)38)13-15-7-2-1-3-8-15/h1-3,7-8,16-19,33H,4-6,9-14,25-26H2,(H,30,34)(H,31,36)(H,32,35)(H,37,38)(H4,27,28,29)",JXLOTZGXZPAVDS-UHFFFAOYSA-N,JXLOTZGXZPAVDS,0.2556106694132346,0.2556106694132346,0.2556106694132346,Score column,0.2556106694132346,0,0.0004120629413607294,True,0.061715231837360746,340.0,186.0
88874_18308279,88874,18308279,"InChI=1S/C24H40N8O6/c25-11-5-4-9-16(26)20(34)32-19(14-33)22(36)30-17(10-6-12-29-24(27)28)21(35)31-18(23(37)38)13-15-7-2-1-3-8-15/h1-3,7-8,16-19,33H,4-6,9-14,25-26H2,(H,30,36)(H,31,35)(H,32,34)(H,37,38)(H4,27,28,29)",STFUSUMEBPHKBR-UHFFFAOYSA-N,STFUSUMEBPHKBR,0.2554742900550686,0.2554742900550686,0.2554742900550686,Score column,0.2554742900550686,0,0.0004119529999849191,True,0.06169876576673025,341.0,187.0
88874_18303018,88874,18303018,"InChI=1S/C24H40N8O6/c25-11-5-4-9-16(26)20(34)30-17(10-6-12-29-24(27)28)21(35)32-19(14-33)22(36)31-18(23(37)38)13-15-7-2-1-3-8-15/h1-3,7-8,16-19,33H,4-6,9-14,25-26H2,(H,30,34)(H,31,36)(H,32,35)(H,37,38)(H4,27,28,29)",AUOGTROQSLHSQA-UHFFFAOYSA-N,AUOGTROQSLHSQA,0.2554742900550686,0.2554742900550686,0.2554742900550686,Score column,0.2554742900550686,0,0.0004119529999849191,True,0.06169876576673025,341.0,187.0
88874_20007493,88874,20007493,"InChI=1S/C24H40N8O6/c25-11-5-4-9-18(23(37)38)31-21(35)17(10-6-12-29-24(27)28)30-22(36)19(14-33)32-20(34)16(26)13-15-7-2-1-3-8-15/h1-3,7-8,16-19,33H,4-6,9-14,25-26H2,(H,30,36)(H,31,35)(H,32,34)(H,37,38)(H4,27,28,29)",BAQQVZSGUXWDGT-UHFFFAOYSA-N,BAQQVZSGUXWDGT,0.2557510918788462,0.2557510918788462,0.2557510918788462,Score column,0.2557510918788462,0,0.00041153866277778543,True,0.06163670991498912,342.0,184.0
88874_20002225,88874,20002225,"InChI=1S/C24H40N8O6/c25-11-5-4-9-18(23(37)38)31-22(36)19(14-33)32-21(35)17(10-6-12-29-24(27)28)30-20(34)16(26)13-15-7-2-1-3-8-15/h1-3,7-8,16-19,33H,4-6,9-14,25-26H2,(H,30,34)(H,31,36)(H,32,35)(H,37,38)(H4,27,28,29)",RERNSBFHPQOTDR-UHFFFAOYSA-N,RERNSBFHPQOTDR,0.2557510918788462,0.2557510918788462,0.2557510918788462,Score column,0.2557510918788462,0,0.00041153866277778543,True,0.06163670991498912,342.0,184.0
88874_130196571,88874,130196571,"InChI=1S/C35H40N2O3/c1-6-26(3)16-32(34(7-2)39-5)24-36-20-28-10-8-12-30(18-28)22-37(23-31-13-9-11-29(19-31)21-36)25-33-17-27(4)14-15-35(33)40-38/h6-19,38H,1,3,20-25H2,2,4-5H3/b32-16-,34-7+",OTVMDOTWSOSKTN-HHEISZPDSA-N,OTVMDOTWSOSKTN,0.0733660084800799,0.0733660084800799,0.0733660084800799,Score column,0.0733660084800799,0,0.00041084881728690526,True,0.061533390809754764,343.0,405.0
88874_166717664,88874,166717664,"InChI=1S/C40H40O/c1-5-30(3)14-7-8-16-32-21-23-33(24-22-32)40(34-25-27-35(28-26-34)41-29-13-15-31(4)6-2)38-19-11-9-17-36(38)37-18-10-12-20-39(37)40/h5-6,9-12,17-28H,1-4,7-8,13-16,29H2",GCKIHRFVQVYKLJ-UHFFFAOYSA-N,GCKIHRFVQVYKLJ,0.1050497292164358,0.1050497292164358,0.1050497292164358,Score column,0.1050497292164358,0,0.00041039800718165005,True,0.06146587236204244,344.0,319.0
88874_23538061,88874,23538061,"InChI=1S/C32H44N2O3S/c1-3-4-10-14-31(37)34(24-33)21-12-9-7-5-6-8-11-13-29-28-20-19-27(36)22-30(28)38-23-32(29,2)25-15-17-26(35)18-16-25/h15-20,22,29,35-36H,3-14,21,23H2,1-2H3",CHBQORJZXGDNNO-UHFFFAOYSA-N,CHBQORJZXGDNNO,0.1402109144375194,0.1402109144375194,0.1402109144375194,Score column,0.1402109144375194,0,0.00040551822610398433,True,0.06073502085782997,345.0,252.0
88874_140809155,88874,140809155,"InChI=1S/C30H41BN2O6/c1-29(2)30(3,4)39-31(38-29)24-12-10-20(11-13-24)22-8-9-23(19-22)25-7-6-16-33(25)27(34)26(32-28(35)36-5)21-14-17-37-18-15-21/h8-13,21,25-26H,6-7,14-19H2,1-5H3,(H,32,35)",FSEJVOFKJLONGL-UHFFFAOYSA-N,FSEJVOFKJLONGL,0.1429764059807464,0.1429764059807464,0.1429764059807464,Score column,0.1429764059807464,0,0.0004038608864548205,True,0.06048679882567237,346.0,248.0
88874_60140695,88874,60140695,"InChI=1S/C35H40N2O3/c1-26-15-16-29(21-27(26)2)24-37(25-32(30-11-6-4-7-12-30)31-13-8-5-9-14-31)19-10-20-40-33-18-17-28(23-35(36)38)22-34(33)39-3/h4-9,11-18,21-22,32H,10,19-20,23-25H2,1-3H3,(H2,36,38)",DSEXZTCPHHNSFE-UHFFFAOYSA-N,DSEXZTCPHHNSFE,0.0561830079852775,0.0561830079852775,0.0561830079852775,Score column,0.0561830079852775,0,0.0004036614137203354,True,0.060456923520668414,347.0,447.0
88874_20018080,88874,20018080,"InChI=1S/C24H40N8O6/c25-11-5-4-9-18(23(37)38)31-22(36)19(13-15-7-2-1-3-8-15)32-21(35)17(10-6-12-29-24(27)28)30-20(34)16(26)14-33/h1-3,7-8,16-19,33H,4-6,9-14,25-26H2,(H,30,34)(H,31,36)(H,32,35)(H,37,38)(H4,27,28,29)",MBIXHIIJBLUKOV-UHFFFAOYSA-N,MBIXHIIJBLUKOV,0.2441235568149601,0.2441235568149601,0.2441235568149601,Score column,0.2441235568149601,0,0.00040300256008191695,True,0.06035824610767997,348.0,197.0
88874_18742333,88874,18742333,"InChI=1S/C24H40N8O6/c25-11-5-4-9-18(23(37)38)31-21(35)17(10-6-12-29-24(27)28)30-22(36)19(32-20(34)16(26)14-33)13-15-7-2-1-3-8-15/h1-3,7-8,16-19,33H,4-6,9-14,25-26H2,(H,30,36)(H,31,35)(H,32,34)(H,37,38)(H4,27,28,29)",ZTOLFOLFMNBHRI-UHFFFAOYSA-N,ZTOLFOLFMNBHRI,0.2441235568149601,0.2441235568149601,0.2441235568149601,Score column,0.2441235568149601,0,0.00040300256008191695,True,0.06035824610767997,348.0,197.0
88874_133071435,88874,133071435,"InChI=1S/C32H41FN2O4/c1-24-29(36)34(2)23-31(13-6-5-9-25-8-3-4-12-28(25)39-24)14-18-35(19-15-31)30(37)32(16-20-38-21-17-32)26-10-7-11-27(33)22-26/h3-4,7-8,10-12,22,24H,5-6,9,13-21,23H2,1-2H3/t24-/m1/s1",LJJZCDNNMNEGRG-XMMPIXPASA-N,LJJZCDNNMNEGRG,0.119732986195865,0.119732986195865,0.119732986195865,Score column,0.119732986195865,0,0.00040219433771494507,True,0.06023719753536941,349.0,279.0
88874_154689960,88874,154689960,"InChI=1S/C32H44N2O3S/c35-29-12-11-27(30(36)33-29)34-21-26-25(31(34)37)9-8-10-28(26)38-14-7-5-3-1-2-4-6-13-32-18-22-15-23(19-32)17-24(16-22)20-32/h8-10,22-24,27H,1-7,11-21H2,(H,33,35,36)",GVKDEKUMHQPAOO-UHFFFAOYSA-N,GVKDEKUMHQPAOO,0.2377614069090511,0.2377614069090511,0.2377614069090511,Score column,0.2377614069090511,0,0.00040164439414272686,True,0.0601548317323568,350.0,200.0
88874_54422269,88874,54422269,"InChI=1S/C35H40N2O3/c1-2-10-32-24-34(40-26-29-11-5-3-6-12-29)18-17-31(32)20-22-36-21-19-28-13-9-14-30(23-28)25-39-27-35(38)37-33-15-7-4-8-16-33/h3-9,11-18,23-24,36H,2,10,19-22,25-27H2,1H3,(H,37,38)",WBQQQXAKPIOBKB-UHFFFAOYSA-N,WBQQQXAKPIOBKB,0.0805301761260116,0.0805301761260116,0.0805301761260116,Score column,0.0805301761260116,0,0.0004014932874818849,True,0.060132200280532386,351.0,384.0
88874_140876588,88874,140876588,"InChI=1S/C31H44N2O4Si/c1-19-11-12-22(24(17-19)36-15-16-38(8,9)10)26-23-18-20(2)33-14-13-32-27(28(23)33)21(3)25(26)29(30(34)35-7)37-31(4,5)6/h11-12,17-18,29,32H,13-16H2,1-10H3/t29-/m0/s1",NIDFSKAIDRIABX-LJAQVGFWSA-N,NIDFSKAIDRIABX,0.0666586768365191,0.0666586768365191,0.0666586768365191,Score column,0.0666586768365191,0,0.0004012339773638158,True,0.060093363048527096,352.0,420.0
88874_89038316,88874,89038316,"InChI=1S/C40H40O/c1-25-9-13-29(14-10-25)40(7,30-15-17-31(41-8)18-16-30)22-21-32-28(4)35-23-26(2)11-19-33(35)37-34-20-12-27(3)24-36(34)39(5,6)38(32)37/h9-24H,1-8H3/b22-21-",GDTZQERVRAXQHE-DQRAZIAOSA-N,GDTZQERVRAXQHE,0.0508462099996216,0.0508462099996216,0.0508462099996216,Score column,0.0508462099996216,0,0.0004007304239770155,True,0.06001794516720478,353.0,463.0
88874_164948495,88874,164948495,"InChI=1S/C32H44N2O3S/c1-33-29(35)12-11-27(31(33)37)34-21-26-25(30(34)36)9-8-10-28(26)38-14-7-5-3-2-4-6-13-32-18-22-15-23(19-32)17-24(16-22)20-32/h8-10,22-24,27H,2-7,11-21H2,1H3",AEWRESMRMVHUSD-UHFFFAOYSA-N,AEWRESMRMVHUSD,0.2278982883160398,0.2278982883160398,0.2278982883160398,Score column,0.2278982883160398,0,0.0004005132514991183,True,0.05998541894735628,354.0,217.0
88874_157621647,88874,157621647,"InChI=1S/C35H40N2O3/c1-4-25-37(34(38)23-21-28-20-22-32(39-2)33(27-28)40-3)26-24-36-35(29-14-8-5-9-15-29,30-16-10-6-11-17-30)31-18-12-7-13-19-31/h5-20,22,27,36H,4,21,23-26H2,1-3H3",BKYXYXQBMGSGGR-UHFFFAOYSA-N,BKYXYXQBMGSGGR,0.0162215800269664,0.0162215800269664,0.0162215800269664,Score column,0.0162215800269664,0,0.00039830147847743806,True,0.05965415866863803,355.0,503.0
88874_118915574,88874,118915574,"InChI=1S/C35H40N2O3/c1-27(15-9-11-21-29-17-5-3-6-18-29)31-23-13-25-36-33(31)39-35(38)40-34-32(24-14-26-37-34)28(2)16-10-12-22-30-19-7-4-8-20-30/h3-8,13-14,17-20,23-28H,9-12,15-16,21-22H2,1-2H3",XJEVCVGIKAOKCA-UHFFFAOYSA-N,XJEVCVGIKAOKCA,0.0876557746736638,0.0876557746736638,0.0876557746736638,Score column,0.0876557746736638,0,0.0003982839088850774,True,0.05965152724669495,356.0,365.0
88874_20018042,88874,20018042,"InChI=1S/C24H40N8O6/c25-11-5-4-9-17(22(36)32-19(23(37)38)13-15-7-2-1-3-8-15)31-21(35)18(10-6-12-29-24(27)28)30-20(34)16(26)14-33/h1-3,7-8,16-19,33H,4-6,9-14,25-26H2,(H,30,34)(H,31,35)(H,32,36)(H,37,38)(H4,27,28,29)",JDCBVPKVZHKFBT-UHFFFAOYSA-N,JDCBVPKVZHKFBT,0.2384532429581002,0.2384532429581002,0.2384532429581002,Score column,0.2384532429581002,0,0.0003979932312598016,True,0.05960799206011741,357.0,199.0
88874_18741540,88874,18741540,"InChI=1S/C24H40N8O6/c25-11-5-4-9-17(30-20(34)16(26)14-33)21(35)31-18(10-6-12-29-24(27)28)22(36)32-19(23(37)38)13-15-7-2-1-3-8-15/h1-3,7-8,16-19,33H,4-6,9-14,25-26H2,(H,30,34)(H,31,35)(H,32,36)(H,37,38)(H4,27,28,29)",SXXSDKKOOKEFTK-UHFFFAOYSA-N,SXXSDKKOOKEFTK,0.2384532429581002,0.2384532429581002,0.2384532429581002,Score column,0.2384532429581002,0,0.0003979932312598016,True,0.05960799206011741,357.0,199.0
88874_19838838,88874,19838838,"InChI=1S/C32H44N2O3S/c1-35-29-12-7-11-27(25-29)13-15-30-28(14-16-31(36-2)32(30)37-3)18-21-33-19-8-23-38-24-22-34-20-17-26-9-5-4-6-10-26/h4-7,9-12,14,16,25,33-34H,8,13,15,17-24H2,1-3H3",UZKYPLCHSUMDGF-UHFFFAOYSA-N,UZKYPLCHSUMDGF,0.0633250466243816,0.0633250466243816,0.0633250466243816,Score column,0.0633250466243816,0,0.00039759310620781697,True,0.05954806478234372,358.0,429.0
88874_59253463,88874,59253463,"InChI=1S/C31H44N2O4Si/c1-23-12-14-24(15-13-23)21-25-16-18-27(19-17-25)32-22-34-35-28-9-5-8-26(28)7-3-4-11-30-31(37-36-30)20-6-10-29(31)33-38-2/h12-19,26,28-30,32-33H,3-11,20-22H2,1-2H3",ORGVRZWWNFUJBR-UHFFFAOYSA-N,ORGVRZWWNFUJBR,0.1479934441181658,0.1479934441181658,0.1479934441181658,Score column,0.1479934441181658,0,0.00039743004275732724,True,0.05952364254573603,359.0,243.0
88874_57934556,88874,57934556,"InChI=1S/C35H40N2O3/c1-25(2)37(24-26-9-15-32(16-10-26)40-20-19-36-30-7-5-4-6-8-30)35-23-33(39-3)17-18-34(35)29-12-11-28-22-31(38)14-13-27(28)21-29/h4-10,13-18,22-23,25,29,36,38H,11-12,19-21,24H2,1-3H3",REPCQTIWWZQWJX-UHFFFAOYSA-N,REPCQTIWWZQWJX,0.0629701052192771,0.0629701052192771,0.0629701052192771,Score column,0.0629701052192771,0,0.00039449777528816695,True,0.05908447282552099,360.0,432.0
88874_69590102,88874,69590102,"InChI=1S/C32H44N2O3S/c1-3-4-12-24(22-33)31(37)34-20-11-9-7-5-6-8-10-13-29-28-19-18-27(36)21-30(28)38-23-32(29,2)25-14-16-26(35)17-15-25/h14-19,21,24,29,35-36H,3-13,20,23H2,1-2H3,(H,34,37)",POIBKQAESAPNAK-UHFFFAOYSA-N,POIBKQAESAPNAK,0.1344364119507529,0.1344364119507529,0.1344364119507529,Score column,0.1344364119507529,0,0.0003935696943679617,True,0.0589454728733167,361.0,257.0
88874_166086099,88874,166086099,"InChI=1S/C35H40N2O3/c1-4-17-36-20-25(2)23-39-35-19-34(32-15-9-14-31(32)33(35)21-37-18-16-29(37)22-38)40-24-28-12-8-13-30(26(28)3)27-10-6-5-7-11-27/h4-8,10-13,17,19-20,29,38H,2,9,14-16,18,21-24H2,1,3H3/b17-4-,36-20?",LFBRONUSCGQBRD-MCVKGPLHSA-N,LFBRONUSCGQBRD,0.0782799483681443,0.0782799483681443,0.0782799483681443,Score column,0.0782799483681443,0,0.00039039774416917643,True,0.05847040554198097,362.0,394.0
88874_143061484,88874,143061484,"InChI=1S/C27H42ClFN6O2/c1-6-7-8-21(2)25(37-5)9-10-32-15-16-34(23(18-32)19-33-13-11-31(4)12-14-33)26(36)20-35-22(3)27(28)24(17-29)30-35/h6,8-9,23H,1,7,10-20H2,2-5H3/b21-8-,25-9+/t23-/m1/s1",HRGHLPZGSQZNCZ-IAZDHIHQSA-N,HRGHLPZGSQZNCZ,0.266353509872327,0.266353509872327,0.266353509872327,Score column,0.266353509872327,0,0.00038997710978182334,True,0.058407406552922314,363.0,174.0
88874_160736334,88874,160736334,"InChI=1S/C35H40N2O3/c1-26-10-8-12-29(20-26)24-39-34-16-6-4-14-31(34)22-37(19-18-33(36)28(3)38)23-32-15-5-7-17-35(32)40-25-30-13-9-11-27(2)21-30/h4-17,20-21,33H,18-19,22-25,36H2,1-3H3",RUZPZEXBKZAJQI-UHFFFAOYSA-N,RUZPZEXBKZAJQI,0.0225976993019141,0.0225976993019141,0.0225976993019141,Score column,0.0225976993019141,0,0.0003897384956345372,True,0.05837166898484398,364.0,497.0
88874_145036541,88874,145036541,"InChI=1S/C33H37FN6/c1-3-10-30(40-15-8-5-9-16-40)33-23(2)38-31(39-33)18-28-29(35)14-13-27(32(28)34)26-17-25(21-37-22-26)20-36-19-24-11-6-4-7-12-24/h3-4,6-7,10-14,17,21-22,36H,1,5,8-9,15-16,18-20,35H2,2H3,(H,38,39)/b30-10+",LGRPHVIPGICMQD-WXMAUWIXSA-N,LGRPHVIPGICMQD,0.0968136066801419,0.0968136066801419,0.0968136066801419,Score column,0.0968136066801419,0,0.0003894845936842076,True,0.058333641741537885,365.0,343.0
88874_145787052,88874,145787052,"InChI=1S/C32H41FN2O4/c1-21(2)35-20-26(27-10-8-9-17-34-27)30(22-11-13-23(33)14-12-22)28(35)16-15-24-18-25(38-32(6,7)37-24)19-29(36)39-31(3,4)5/h8-14,17,20-21,24-25H,15-16,18-19H2,1-7H3/t24-,25-/m1/s1",GMLBHMNZIFAYLS-JWQCQUIFSA-N,GMLBHMNZIFAYLS,0.0304745524385397,0.0304745524385397,0.0304745524385397,Score column,0.0304745524385397,0,0.0003855196117921009,True,0.05773980096591694,366.0,489.0
88874_60040345,88874,60040345,"InChI=1S/C35H40N2O3/c1-39-34-26-31(21-22-33(34)40-28-30-17-9-5-10-18-30)27-37(25-23-32-19-12-13-24-36-32)35(38)20-11-3-2-6-14-29-15-7-4-8-16-29/h4-5,7-10,12-13,15-19,21-22,24,26H,2-3,6,11,14,20,23,25,27-28H2,1H3",YNJHUWAUGQGPEO-UHFFFAOYSA-N,YNJHUWAUGQGPEO,0.0626489352388933,0.0626489352388933,0.0626489352388933,Score column,0.0626489352388933,0,0.00038506035810433086,True,0.05767101791127171,367.0,433.0
88874_20040849,88874,20040849,"InChI=1S/C32H44N2O3S/c1-3-4-5-8-20-38(37)21-17-25-23-33-34(24-25)19-7-6-9-31-30-15-14-29(36)22-26(30)16-18-32(31,2)27-10-12-28(35)13-11-27/h10-15,22-24,31,35-36H,3-9,16-21H2,1-2H3",AVUNZOANLUKDSN-UHFFFAOYSA-N,AVUNZOANLUKDSN,0.1064655690510668,0.1064655690510668,0.1064655690510668,Score column,0.1064655690510668,0,0.0003834230749310901,True,0.05742579976501889,368.0,315.0
88874_146426619,88874,146426619,"InChI=1S/C27H44N4O5S/c1-19-11-10-12-20-22(19)31(18-34-15-16-37(7,8)9)29-23(20)27(5,6)28-24(32)21-17-30(13-14-35-21)25(33)36-26(2,3)4/h10-12,21H,13-18H2,1-9H3,(H,28,32)/t21-/m0/s1",HUESBWDPXPQDRC-NRFANRHFSA-N,HUESBWDPXPQDRC,0.0884678340674596,0.0884678340674596,0.0884678340674596,Score column,0.0884678340674596,0,0.0003828501379178355,True,0.05733999020280869,369.0,363.0
88874_42704914,88874,42704914,"InChI=1S/C35H40N2O3/c1-3-4-23-36-35(38)37(24-22-32(30-16-10-6-11-17-30)31-18-12-7-13-19-31)26-29-20-21-33(34(25-29)39-2)40-27-28-14-8-5-9-15-28/h5-21,25,32H,3-4,22-24,26-27H2,1-2H3,(H,36,38)",UAUXNYMOHIDSSM-UHFFFAOYSA-N,UAUXNYMOHIDSSM,0.0640051938765946,0.0640051938765946,0.0640051938765946,Score column,0.0640051938765946,0,0.0003811284823274324,True,0.057082135483927765,370.0,427.0
88874_167696403,88874,167696403,"InChI=1S/C35H40N2O3/c1-6-34(37-18-20-39-21-19-37,24-26-10-8-7-9-11-26)32(38)28-13-15-31-27(23-28)16-17-35(40-31)33(3,4)29-22-25(2)12-14-30(29)36(35)5/h7-17,22-23H,6,18-21,24H2,1-5H3",XSIBCSMUFZEFMU-UHFFFAOYSA-N,XSIBCSMUFZEFMU,0.0566466251602307,0.0566466251602307,0.0566466251602307,Score column,0.0566466251602307,0,0.00037899928731923734,True,0.05676324302753801,371.0,445.0
88874_122428236,88874,122428236,"InChI=1S/C30H38F2N6O/c1-4-24-27(31)21(8-5-7-18(2)34)15-25(28(24)32)26-16-22-17-38(30(39)37-29(22)36-26)23-11-9-20(10-12-23)19(3)35-14-6-13-33/h9-12,15-19,35H,4-8,13-14,33-34H2,1-3H3,(H,36,37,39)/t18-,19-/m0/s1",ZNSLHVHXPGPQEQ-OALUTQOASA-N,ZNSLHVHXPGPQEQ,0.1074338038293675,0.1074338038293675,0.1074338038293675,Score column,0.1074338038293675,0,0.000376865344764217,True,0.05644363952454937,372.0,309.0
88874_101485738,88874,101485738,"InChI=1S/C35H38N2O3/c38-20-6-5-19-36-24-27-11-15-31(16-12-27)39-21-22-40-32-17-13-28(14-18-32)25-37-26-35-33-9-3-1-7-29(33)23-30-8-2-4-10-34(30)35/h1-4,7-18,23,36-38H,5-6,19-22,24-26H2/p+2",WSMVHYDPEXITFL-UHFFFAOYSA-P,WSMVHYDPEXITFL,0.0783628644953628,0.0783628644953628,0.0783628644953628,Score column,0.0783628644953628,0,0.000375426842073688,True,0.05622819300380306,373.0,393.0
88874_172256402,88874,172256402,"InChI=1S/C35H40N2O3/c1-24(31-13-12-27-10-6-7-11-32(27)36-31)23-40-34-21-30-28(20-33(34)39-2)19-29(35(30)38)18-25-14-16-37(17-15-25)22-26-8-4-3-5-9-26/h3-11,13,20-21,24-25,29,36H,12,14-19,22-23H2,1-2H3",WSDRTTDCYCUPSP-UHFFFAOYSA-N,WSDRTTDCYCUPSP,0.0605038445127898,0.0605038445127898,0.0605038445127898,Score column,0.0605038445127898,0,0.00037478685081799944,True,0.05613234063574425,374.0,439.0
88874_75180810,88874,75180810,"InChI=1S/C27H44N4O5S/c32-27(11-10-25-12-15-28-16-13-25)29-14-6-1-2-7-23-37(33,34)31(18-17-30-19-21-35-22-20-30)36-24-26-8-4-3-5-9-26/h10-13,15-16,26H,1-9,14,17-24H2,(H,29,32)",ORONBHGSKLFPRS-UHFFFAOYSA-N,ORONBHGSKLFPRS,0.2365253335615008,0.2365253335615008,0.2365253335615008,Score column,0.2365253335615008,0,0.00037439417887590194,True,0.056073529620459674,375.0,206.0
88874_23157395,88874,23157395,"InChI=1S/C35H40N2O3/c1-27(2)26-40-34-19-15-31(22-36-33-17-13-28(14-18-33)16-20-35(38)39)21-32(34)25-37(23-29-9-5-3-6-10-29)24-30-11-7-4-8-12-30/h3-15,17-19,21,27,36H,16,20,22-26H2,1-2H3,(H,38,39)",UBRNNSLEIZYVIT-UHFFFAOYSA-N,UBRNNSLEIZYVIT,0.0579166814872593,0.0579166814872593,0.0579166814872593,Score column,0.0579166814872593,0,0.0003734105599406207,True,0.05592621166357172,376.0,441.0
88874_20593259,88874,20593259,"InChI=1S/C28H39BN5O5/c29-34-39-28(38)24-15-13-23(14-16-24)27(37)33-20-8-4-3-7-19-32-26(36)22-11-9-21(10-12-22)25(35)31-18-6-2-1-5-17-30/h9-16,26,32,36H,1-8,17-20,30H2,(H,31,35)(H,33,37)",HEUGMEXDLZPLRP-UHFFFAOYSA-N,HEUGMEXDLZPLRP,0.1188977689742194,0.1188977689742194,0.1188977689742194,Score column,0.1188977689742194,0,0.00037339697034364865,True,0.05592417633099623,377.0,280.0
88874_90725174,88874,90725174,"InChI=1S/C27H44N4O5S/c32-27(13-12-25-11-8-14-28-23-25)29-15-6-1-2-7-22-37(33,34)31(17-16-30-18-20-35-21-19-30)36-24-26-9-4-3-5-10-26/h8,11-14,23,26H,1-7,9-10,15-22,24H2,(H,29,32)",RCXAZFLDKVQKEZ-UHFFFAOYSA-N,RCXAZFLDKVQKEZ,0.2365257428365409,0.2365257428365409,0.2365257428365409,Score column,0.2365257428365409,0,0.0003732177151798374,True,0.0558973290392788,378.0,205.0
88874_173780367,88874,173780367,"InChI=1S/C26H44N4O6Si/c1-25(2,3)35-24(33)28-14-13-27-23-29-15-19(16-30-23)18-9-11-20(12-10-18)34-17-21(22(31)32)36-37(7,8)26(4,5)6/h9-12,19,21H,13-17H2,1-8H3,(H,28,33)(H,31,32)(H2,27,29,30)",AJBIOOCXYOFOFV-UHFFFAOYSA-N,AJBIOOCXYOFOFV,0.0741652897338741,0.0741652897338741,0.0741652897338741,Score column,0.0741652897338741,0,0.00037303352661355457,True,0.055869742865107444,379.0,403.0
88874_166847766,88874,166847766,"InChI=1S/C35H40N2O3/c1-26-9-7-11-28(21-26)17-18-30-13-3-4-14-31(30)23-37(20-19-33(36)35(38)39)24-32-15-5-6-16-34(32)40-25-29-12-8-10-27(2)22-29/h3-16,21-22,33H,17-20,23-25,36H2,1-2H3,(H,38,39)",STPRAIJWLFHWOY-UHFFFAOYSA-N,STPRAIJWLFHWOY,0.0535904476475071,0.0535904476475071,0.0535904476475071,Score column,0.0535904476475071,0,0.00037224417681228105,True,0.05575152086284366,380.0,459.0
88874_19045617,88874,19045617,"InChI=1S/C35H40N2O3/c1-39-31-24-27-16-20-34(26-28(27)25-32(31)40-2)18-9-10-23-37(34)33(38)17-21-35(19-11-22-36,29-12-5-3-6-13-29)30-14-7-4-8-15-30/h3-8,12-15,24-25H,9-11,16-21,23,26H2,1-2H3",BNQGWUPZSFGAGH-UHFFFAOYSA-N,BNQGWUPZSFGAGH,0.0484975260437986,0.0484975260437986,0.0484975260437986,Score column,0.0484975260437986,0,0.0003714066303990597,True,0.05562608038791084,381.0,465.0
88874_69356984,88874,69356984,"InChI=1S/C35H40N2O3/c1-4-22-37-30-17-14-24-26-15-16-28(34(26,2)20-18-27(24)35(30,3)21-19-31(37)38)33(40)36-29-13-9-8-12-25(29)32(39)23-10-6-5-7-11-23/h4-13,19,21,24,26-28,30H,1,14-18,20,22H2,2-3H3,(H,36,40)/t24-,26-,27-,28+,30+,34-,35+/m0/s1",NVDDUFKWOZBHSP-RRPAVUGJSA-N,NVDDUFKWOZBHSP,0.1012165567809878,0.1012165567809878,0.1012165567809878,Score column,0.1012165567809878,0,0.0003704031497744842,True,0.055475787718578654,382.0,328.0
88874_160308397,88874,160308397,"InChI=1S/C28H40N8OS/c1-19-26-27(30-21-2-4-22(5-3-21)34-10-12-35(13-11-34)23-6-7-23)31-25(32-28(26)38-33-19)16-20-17-29-36(18-20)24-8-14-37-15-9-24/h17-18,21-24H,2-16H2,1H3,(H,30,31,32)",PTYFQNTURUNYKH-UHFFFAOYSA-N,PTYFQNTURUNYKH,0.2528421657187418,0.2528421657187418,0.2528421657187418,Score column,0.2528421657187418,0,0.00036991360543746213,True,0.05540246799185385,383.0,191.0
88874_86604495,88874,86604495,"InChI=1S/C35H40N2O3/c1-35(2,3)40-34(38)37-21-20-32(30-18-19-31(36-23-30)15-9-12-26-10-5-4-6-11-26)33(24-37)39-25-27-16-17-28-13-7-8-14-29(28)22-27/h4-8,10-11,13-14,16-19,22-23,32-33H,9,12,15,20-21,24-25H2,1-3H3",XETAZVXYSDZJQV-UHFFFAOYSA-N,XETAZVXYSDZJQV,0.0482625207107115,0.0482625207107115,0.0482625207107115,Score column,0.0482625207107115,0,0.0003687149684828976,True,0.055222946491338666,384.0,466.0
88874_60082839,88874,60082839,"InChI=1S/C35H40N2O3/c1-3-27-15-17-28(18-16-27)25-37(26-32(30-11-6-4-7-12-30)31-13-8-5-9-14-31)21-10-22-40-34-23-29(24-35(36)38)19-20-33(34)39-2/h4-9,11-20,23,32H,3,10,21-22,24-26H2,1-2H3,(H2,36,38)",WPPWTOYEWHEBKK-UHFFFAOYSA-N,WPPWTOYEWHEBKK,0.0561830079852775,0.0561830079852775,0.0561830079852775,Score column,0.0561830079852775,0,0.000366948403292624,True,0.0549583656000954,385.0,447.0
88874_60082770,88874,60082770,"InChI=1S/C35H40N2O3/c1-3-27-15-17-28(18-16-27)25-37(26-32(30-11-6-4-7-12-30)31-13-8-5-9-14-31)21-10-22-40-33-20-19-29(24-35(36)38)23-34(33)39-2/h4-9,11-20,23,32H,3,10,21-22,24-26H2,1-2H3,(H2,36,38)",BMFXTMOYLNYYAB-UHFFFAOYSA-N,BMFXTMOYLNYYAB,0.0561830079852775,0.0561830079852775,0.0561830079852775,Score column,0.0561830079852775,0,0.00036686381752700355,True,0.05494569707397614,386.0,447.0
88874_155648514,88874,155648514,"InChI=1S/C32H41FN2O4/c33-24-8-9-26(29-10-12-32(13-14-32)21-39-29)27(19-24)30(31(36)37)35-16-11-25(20-35)38-17-2-1-4-22-6-7-23-5-3-15-34-28(23)18-22/h6-9,18-19,25,29-30,34H,1-5,10-17,20-21H2,(H,36,37)/t25-,29+,30+/m1/s1",YVLZRDGEJHIBCV-CPESWEKQSA-N,YVLZRDGEJHIBCV,0.1255040213281628,0.1255040213281628,0.1255040213281628,Score column,0.1255040213281628,0,0.0003666586071403863,True,0.054914962432943644,387.0,268.0
88874_155376789,88874,155376789,"InChI=1S/C32H41FN2O4/c33-24-8-9-26(29-20-32(11-12-32)13-17-39-29)27(19-24)30(31(36)37)35-15-10-25(21-35)38-16-2-1-4-22-6-7-23-5-3-14-34-28(23)18-22/h6-9,18-19,25,29-30,34H,1-5,10-17,20-21H2,(H,36,37)/t25-,29+,30+/m1/s1",RIFFOFBIMONVNR-CPESWEKQSA-N,RIFFOFBIMONVNR,0.1255040213281628,0.1255040213281628,0.1255040213281628,Score column,0.1255040213281628,0,0.00036617720501686587,True,0.05484286217670135,388.0,268.0
88874_177386597,88874,177386597,"InChI=1S/C28H45FN2O5Si/c1-19(24(33)35-11)30-23(32)22(31-25(34)36-26(2,3)4)14-12-13-20-15-17-21(18-16-20)37(29,27(5,6)7)28(8,9)10/h12-13,15-19,22H,14H2,1-11H3,(H,30,32)(H,31,34)/b13-12+/t19-,22-/m0/s1",URSRRLCINDRLMD-WXZJWSGTSA-N,URSRRLCINDRLMD,0.0462611494379722,0.0462611494379722,0.0462611494379722,Score column,0.0462611494379722,0,0.0003648955004844302,True,0.05465089953112819,389.0,471.0
88874_124837380,88874,124837380,"InChI=1S/C35H40N2O3/c1-22-6-5-7-32(23(22)2)40-21-26-18-24(8-14-33(26)39-4)20-36-37-34-15-13-31-30-11-9-25-19-27(38)10-12-28(25)29(30)16-17-35(31,34)3/h5-8,10,12,14,18-20,29-31,38H,9,11,13,15-17,21H2,1-4H3/b36-20-,37-34-/t29-,30-,31-,35-/m1/s1",HKRBWQFLFNXGLI-SGTIZIESSA-N,HKRBWQFLFNXGLI,0.0357388411365022,0.0357388411365022,0.0357388411365022,Score column,0.0357388411365022,0,0.00036335912198682543,True,0.05442079401652767,390.0,481.0
88874_92375930,88874,92375930,"InChI=1S/C35H40N2O3/c1-40-29-18-16-27(17-19-29)33-32(35(39)36-22-20-26(21-23-36)24-25-10-4-2-5-11-25)30-14-8-9-15-31(30)34(38)37(33)28-12-6-3-7-13-28/h2,4-5,8-11,14-19,26,28,32-33H,3,6-7,12-13,20-24H2,1H3/t32-,33-/m0/s1",DPMQHUCAUMNHNI-LQJZCPKCSA-N,DPMQHUCAUMNHNI,0.0764185967519291,0.0764185967519291,0.0764185967519291,Score column,0.0764185967519291,0,0.0003632485500601433,True,0.054404233507428366,391.0,400.0
88874_125895844,88874,125895844,"InChI=1S/C35H40N2O3/c1-34(2)17-27-32(29(38)19-34)31(33-28(37(27)15-16-40-5)18-35(3,4)20-30(33)39)25-22-36(21-23-11-7-6-8-12-23)26-14-10-9-13-24(25)26/h6-14,22,31H,15-21H2,1-5H3",YONASNNMLVUHEI-UHFFFAOYSA-N,YONASNNMLVUHEI,0.0577893097665112,0.0577893097665112,0.0577893097665112,Score column,0.0577893097665112,0,0.000362867242833062,True,0.054347124601097516,392.0,443.0
88874_20673667,88874,20673667,"InChI=1S/C35H40N2O3/c1-4-6-30-22-28(24(3)25-12-16-32(38)17-13-25)14-18-33(30)39-20-21-40-34-19-15-29(23-31(34)7-5-2)26-8-10-27(11-9-26)35(36)37/h8-19,22-24,38H,4-7,20-21H2,1-3H3,(H3,36,37)",YUJZTJYUQVNOBX-UHFFFAOYSA-N,YUJZTJYUQVNOBX,0.0559127257786555,0.0559127257786555,0.0559127257786555,Score column,0.0559127257786555,0,0.0003599509090824179,True,0.053910341295756406,393.0,449.0
88874_58230554,88874,58230554,"InChI=1S/C35H40N2O3/c1-4-8-30(23-34(38)39-5-2)29-15-17-31(18-16-29)40-25-28-13-11-27(12-14-28)24-37-21-19-35(20-22-37)26-36(3)33-10-7-6-9-32(33)35/h6-7,9-18,30H,5,19-26H2,1-3H3/t30-/m0/s1",YEFYUCWHQLTUEI-PMERELPUSA-N,YEFYUCWHQLTUEI,0.0622369499846131,0.0622369499846131,0.0622369499846131,Score column,0.0622369499846131,0,0.00035902649072538744,True,0.05377188989066171,394.0,435.0
88874_118724736,88874,118724736,"InChI=1S/C35H40N2O3/c1-23(2)25-16-17-28-27(21-25)30(38)22-31-34(28,3)18-11-19-35(31,4)33(40)37-29(20-24-12-7-5-8-13-24)32(39)36-26-14-9-6-10-15-26/h5-10,12-17,21,23,29,31H,11,18-20,22H2,1-4H3,(H,36,39)(H,37,40)/t29-,31-,34-,35-/m1/s1",AXRWZTUNCVDSAC-PEWUYPRLSA-N,AXRWZTUNCVDSAC,0.0612313952290991,0.0612313952290991,0.0612313952290991,Score column,0.0612313952290991,0,0.00035766646344802006,True,0.05356819674016705,395.0,438.0
88874_90425262,88874,90425262,"InChI=1S/C35H40N2O3/c1-3-27-17-21-29(22-18-27)11-5-7-13-31-15-9-25-36-33(31)39-35(38)40-34-32(16-10-26-37-34)14-8-6-12-30-23-19-28(4-2)20-24-30/h9-10,15-26H,3-8,11-14H2,1-2H3",QTRZIMOBMAHNKJ-UHFFFAOYSA-N,QTRZIMOBMAHNKJ,0.0713600430103502,0.0713600430103502,0.0713600430103502,Score column,0.0713600430103502,0,0.00035706574073424374,True,0.05347822567548395,396.0,408.0
88874_18245912,88874,18245912,"InChI=1S/C24H40N8O6/c25-11-5-4-10-17(21(35)32-19(14-33)23(37)38)30-22(36)18(13-15-7-2-1-3-8-15)31-20(34)16(26)9-6-12-29-24(27)28/h1-3,7-8,16-19,33H,4-6,9-14,25-26H2,(H,30,36)(H,31,34)(H,32,35)(H,37,38)(H4,27,28,29)",PUDNLIDSPUNVLX-UHFFFAOYSA-N,PUDNLIDSPUNVLX,0.1906693273531287,0.1906693273531287,0.1906693273531287,Score column,0.1906693273531287,0,0.0003561585526663469,True,0.05334235487442269,397.0,227.0
88874_18245158,88874,18245158,"InChI=1S/C24H40N8O6/c25-11-5-4-10-17(30-20(34)16(26)9-6-12-29-24(27)28)21(35)31-18(13-15-7-2-1-3-8-15)22(36)32-19(14-33)23(37)38/h1-3,7-8,16-19,33H,4-6,9-14,25-26H2,(H,30,34)(H,31,35)(H,32,36)(H,37,38)(H4,27,28,29)",HUPYFOQXHAZREB-UHFFFAOYSA-N,HUPYFOQXHAZREB,0.1906693273531287,0.1906693273531287,0.1906693273531287,Score column,0.1906693273531287,0,0.0003561585526663469,True,0.05334235487442269,397.0,227.0
88874_18307485,88874,18307485,"InChI=1S/C24H40N8O6/c25-11-5-4-9-16(26)20(34)31-18(13-15-7-2-1-3-8-15)22(36)30-17(10-6-12-29-24(27)28)21(35)32-19(14-33)23(37)38/h1-3,7-8,16-19,33H,4-6,9-14,25-26H2,(H,30,36)(H,31,34)(H,32,35)(H,37,38)(H4,27,28,29)",SKBMRYHKLVRDLL-UHFFFAOYSA-N,SKBMRYHKLVRDLL,0.1905329479949627,0.1905329479949627,0.1905329479949627,Score column,0.1905329479949627,0,0.0003560311557635513,True,0.053323274465576824,398.0,228.0
88874_18302982,88874,18302982,"InChI=1S/C24H40N8O6/c25-11-5-4-9-16(26)20(34)30-17(10-6-12-29-24(27)28)21(35)31-18(13-15-7-2-1-3-8-15)22(36)32-19(14-33)23(37)38/h1-3,7-8,16-19,33H,4-6,9-14,25-26H2,(H,30,34)(H,31,35)(H,32,36)(H,37,38)(H4,27,28,29)",QVWIEKHTXUCUIL-UHFFFAOYSA-N,QVWIEKHTXUCUIL,0.1905329479949627,0.1905329479949627,0.1905329479949627,Score column,0.1905329479949627,0,0.0003560311557635513,True,0.053323274465576824,398.0,228.0
88874_143949118,88874,143949118,"InChI=1S/C30H41ClN6O/c1-2-20-13-22-15-30(14-20,12-11-27(22)36-24-7-9-25(38)10-8-24)19-35-28-23(16-32)18-34-29(37-28)33-17-21-5-3-4-6-26(21)31/h3-6,18,20,22,24-25,27,36,38H,2,7-15,17,19H2,1H3,(H2,33,34,35,37)",QDFWRNAYLRLJDT-UHFFFAOYSA-N,QDFWRNAYLRLJDT,0.1474304850448705,0.1474304850448705,0.1474304850448705,Score column,0.1474304850448705,0,0.0003555642997668,True,0.05325335280268954,399.0,244.0
88874_144675535,88874,144675535,"InChI=1S/C35H40N2O3/c1-39-31-12-9-26(10-13-31)8-11-30-23-35(16-4-7-29-22-32(40-2)14-15-33(29)34(30)38)17-19-37(20-18-35)25-28-6-3-5-27(21-28)24-36/h3,5-6,9-10,12-15,21-22,30H,4,7-8,11,16-20,23,25H2,1-2H3",OCLQRRVGLLEXHR-UHFFFAOYSA-N,OCLQRRVGLLEXHR,0.0631373865657692,0.0631373865657692,0.0631373865657692,Score column,0.0631373865657692,0,0.0003539899270320658,True,0.05301755683908823,400.0,430.0
88874_66994733,88874,66994733,"InChI=1S/C35H40N2O3/c1-5-25-13-10-14-26(6-2)33(25)32-20-17-30(24-37-22-21-27-11-8-9-12-29(27)23-37)35(4,36-32)40-31-18-15-28(16-19-31)34(38)39-7-3/h8-20,36H,5-7,21-24H2,1-4H3",IKGGULWATUDPLC-UHFFFAOYSA-N,IKGGULWATUDPLC,0.0149890248839796,0.0149890248839796,0.0149890248839796,Score column,0.0149890248839796,0,0.0003531209352316101,True,0.05288740674538461,401.0,505.0
88874_67116073,88874,67116073,"InChI=1S/C35H40N2O3/c1-4-8-31(30(5-2)34(38)39)28-15-17-29(18-16-28)40-24-27-13-11-26(12-14-27)23-37-21-19-35(20-22-37)25-36(3)33-10-7-6-9-32(33)35/h6-7,9-18,30-31H,5,19-25H2,1-3H3,(H,38,39)/t30?,31-/m1/s1",SFDCWYFXIAYFCZ-NLIBRCFJSA-N,SFDCWYFXIAYFCZ,0.0622369499846131,0.0622369499846131,0.0622369499846131,Score column,0.0622369499846131,0,0.0003530456170042478,True,0.052876126231179925,402.0,435.0
88874_71377377,88874,71377377,"InChI=1S/C24H40N8O6/c25-11-5-4-9-17(30-20(34)16(26)13-15-7-2-1-3-8-15)21(35)31-18(10-6-12-29-24(27)28)22(36)32-19(14-33)23(37)38/h1-3,7-8,16-19,33H,4-6,9-14,25-26H2,(H,30,34)(H,31,35)(H,32,36)(H,37,38)(H4,27,28,29)/t16-,17-,18-,19-/m0/s1",XBMAIMPBLPDGJA-VJANTYMQSA-N,XBMAIMPBLPDGJA,0.1859652666663739,0.1859652666663739,0.1859652666663739,Score column,0.1859652666663739,0,0.00035092783123580405,True,0.05255894255227455,403.0,229.0
88874_20002149,88874,20002149,"InChI=1S/C24H40N8O6/c25-11-5-4-9-17(22(36)32-19(14-33)23(37)38)31-21(35)18(10-6-12-29-24(27)28)30-20(34)16(26)13-15-7-2-1-3-8-15/h1-3,7-8,16-19,33H,4-6,9-14,25-26H2,(H,30,34)(H,31,35)(H,32,36)(H,37,38)(H4,27,28,29)",GJIDAKONRDSPFD-UHFFFAOYSA-N,GJIDAKONRDSPFD,0.1859652666663739,0.1859652666663739,0.1859652666663739,Score column,0.1859652666663739,0,0.00035092783123580405,True,0.05255894255227455,403.0,229.0
88874_142316234,88874,142316234,"InChI=1S/C35H40N2O3/c1-2-3-4-8-19-39-26-12-16-28-24(21-26)10-14-30-32(23-36)35(37)31-15-11-25-22-27(40-20-9-6-5-7-18-38)13-17-29(25)34(31)33(28)30/h12-13,16-18,21-22H,2-11,14-15,19-20,37H2,1H3",SDSSJCUROREZES-UHFFFAOYSA-N,SDSSJCUROREZES,0.0842311300347965,0.0842311300347965,0.0842311300347965,Score column,0.0842311300347965,0,0.0003506658065688926,True,0.052519698758566366,404.0,379.0
88874_177535054,88874,177535054,"InChI=1S/C34H41N4P/c1-21(2)35-27-17-11-12-18-28(27)36(22(3)4)33(35)31-25-15-9-10-16-26(25)32(39-31)34-37(23(5)6)29-19-13-14-20-30(29)38(34)24(7)8/h9-24,39H,1-8H3",BCAQDDOETMGAEJ-UHFFFAOYSA-N,BCAQDDOETMGAEJ,0.0137102608013344,0.0137102608013344,0.0137102608013344,Score column,0.0137102608013344,0,0.0003504131302188021,True,0.05248185507508889,405.0,508.0
88874_145396624,88874,145396624,"InChI=1S/C35H40N2O3/c1-7-26-17-21(3)31(30(26)20-38)34(39)36(6)28-13-9-24(10-14-28)19-25-11-15-29(16-12-25)37-23(5)33-27(8-2)18-22(4)32(33)35(37)40/h7-16,20-22,26-27,30-33H,1-2,5,17-19H2,3-4,6H3",YUEMQXBIUUMGPW-UHFFFAOYSA-N,YUEMQXBIUUMGPW,0.0975132476040594,0.0975132476040594,0.0975132476040594,Score column,0.0975132476040594,0,0.00034804449048103295,True,0.05212710065317246,406.0,340.0
88874_163898230,88874,163898230,"InChI=1S/C29H42F2N2O5/c1-17-12-21-15-22(16-23(30)26(21)31)33-28(35)18(2)10-8-6-7-9-11-24(38-29(32)36)19(3)14-20(4)27(34)25(13-17)37-5/h10,14-17,20,24-25,27,34H,6-9,11-13H2,1-5H3,(H2,32,36)(H,33,35)/b18-10+,19-14+/t17-,20+,24-,25+,27-/m1/s1",QHOHSSRPFQAWCC-CXPBHYMHSA-N,QHOHSSRPFQAWCC,0.1232734782686959,0.1232734782686959,0.1232734782686959,Score column,0.1232734782686959,0,0.0003475925883373636,True,0.052059418649369214,407.0,272.0
88874_60082709,88874,60082709,"InChI=1S/C35H40N2O3/c1-2-3-23-39-32-20-18-28(19-21-32)26-37(22-11-24-40-33-17-10-16-31(25-33)35(36)38)27-34(29-12-6-4-7-13-29)30-14-8-5-9-15-30/h4-10,12-21,25,34H,2-3,11,22-24,26-27H2,1H3,(H2,36,38)",FYQISCNQKHVJPS-UHFFFAOYSA-N,FYQISCNQKHVJPS,0.0672663078202464,0.0672663078202464,0.0672663078202464,Score column,0.0672663078202464,0,0.00034702147351992497,True,0.05197388199992536,408.0,418.0
88874_154719927,88874,154719927,"InChI=1S/C35H40N2O3/c1-2-40-35(38)34-31(20-19-28-13-6-3-7-14-28)37(22-12-21-36-23-25-39-26-24-36)32(27-29-15-8-4-9-16-29)33(34)30-17-10-5-11-18-30/h3-11,13-18H,2,12,19-27H2,1H3",VWVNXKVVMRVGAW-UHFFFAOYSA-N,VWVNXKVVMRVGAW,0.0667450031232332,0.0667450031232332,0.0667450031232332,Score column,0.0667450031232332,0,0.00034628196565984146,True,0.05186312489354764,409.0,419.0
88874_169433517,88874,169433517,"InChI=1S/C30H41FO7/c1-25(2,3)15-24(35)36-16-22(34)30-23(37-26(4,5)38-30)13-20-19-9-8-17-12-18(32)10-11-27(17,6)29(19,31)21(33)14-28(20,30)7/h10-12,19-21,23,33H,8-9,13-16H2,1-7H3/t19-,20-,21-,23+,27-,28-,29-,30+/m0/s1/i1+1D3",TZIZWYVVGLXXFV-KEECISBMSA-N,TZIZWYVVGLXXFV,0.1467928582727126,0.1467928582727126,0.1467928582727126,Score column,0.1467928582727126,0,0.0003432812423301873,True,0.05141370244522496,410.0,245.0
88874_123744851,88874,123744851,"InChI=1S/C38H38N3/c1-25(2)32-22-30(28-14-8-7-9-15-28)23-33(26(3)4)38(32)41-35-18-11-10-16-31(35)27(5)37(41)36-24-29(19-21-40(36)6)34-17-12-13-20-39-34/h7-26H,1-6H3/q+1",UIHHMHOPLKVWRP-UHFFFAOYSA-N,UIHHMHOPLKVWRP,0.0312412748413357,0.0312412748413357,0.0312412748413357,Score column,0.0312412748413357,0,0.0003429601617986856,True,0.05136561377368694,411.0,488.0
88874_143574366,88874,143574366,"InChI=1S/C29H42F2N2O5/c1-7-20-13-19(5)27(38-29(32)36)17(3)9-8-10-18(4)28(35)33-22-14-21(25(31)23(30)15-22)11-16(2)12-24(37-6)26(20)34/h10,13-17,20,24,26-27,34H,7-9,11-12H2,1-6H3,(H2,32,36)(H,33,35)/b18-10+,19-13+/t16-,17+,20+,24+,26-,27-/m1/s1",MKFLRJGRMORMLX-VNTQOVGOSA-N,MKFLRJGRMORMLX,0.1120150793063707,0.1120150793063707,0.1120150793063707,Score column,0.1120150793063707,0,0.00034287581375058176,True,0.05135298085084615,412.0,293.0
88874_162214449,88874,162214449,"InChI=1S/C35H40N2O3/c1-26-9-13-29(17-20-37-18-5-6-19-37)31(21-26)24-35(39)36-32-15-11-27(12-16-32)22-28-10-14-30(23-28)34(38)25-40-33-7-3-2-4-8-33/h2-9,11-13,15-16,18-19,21,28,30,34,38H,10,14,17,20,22-25H2,1H3,(H,36,39)/t28-,30-,34+/m0/s1",HLHZGHZLCJXJAX-CUQOEXLPSA-N,HLHZGHZLCJXJAX,0.0648398225545819,0.0648398225545819,0.0648398225545819,Score column,0.0648398225545819,0,0.0003427488074282671,True,0.051333958939774556,413.0,425.0
88874_139979264,88874,139979264,"InChI=1S/C35H40N2O3/c1-24-13-25(2)16-30(15-24)31-17-26(3)14-29(18-31)21-35(39)37-33(20-27-9-6-5-7-10-27)34(38)23-36-22-28-11-8-12-32(19-28)40-4/h5-19,33-34,36,38H,20-23H2,1-4H3,(H,37,39)/t33-,34+/m0/s1",RERABHRKTXUSOB-SZAHLOSFSA-N,RERABHRKTXUSOB,0.0557899099217859,0.0557899099217859,0.0557899099217859,Score column,0.0557899099217859,0,0.0003427016975105401,True,0.05132690322278929,414.0,451.0
88874_52927447,88874,52927447,"InChI=1S/C26H49O9P/c1-2-3-4-5-6-7-8-9-10-11-12-13-14-15-16-17-18-19-26(30)33-21-25(29)23-35-36(31,32)34-22-24(28)20-27/h6-7,9-10,24-25,27-29H,2-5,8,11-23H2,1H3,(H,31,32)/b7-6-,10-9-/t24-,25+/m0/s1",ALJXGNMOATZBMV-XTYNSLPVSA-N,ALJXGNMOATZBMV,0.0915855434943951,0.0915855434943951,0.0915855434943951,Score column,0.0915855434943951,0,0.0003425828454422102,True,0.05130910258551987,415.0,355.0
88874_143105792,88874,143105792,"InChI=1S/C27H44N4O5S/c1-18(2)21(17-37(35,36)16-20-12-9-8-10-13-20)29-26(34)30-23(27(5,6)7)25(33)31-15-11-14-22(31)24(32)28-19(3)4/h8-10,12-13,18-19,21-23H,11,14-17H2,1-7H3,(H,28,32)(H2,29,30,34)/t21?,22-,23?/m0/s1",QBQCHPDIOUIVMN-KOENEWCDSA-N,QBQCHPDIOUIVMN,0.0933350132065273,0.0933350132065273,0.0933350132065273,Score column,0.0933350132065273,0,0.0003425648062645301,True,0.051306400833139504,416.0,353.0
88874_140677733,88874,140677733,"InChI=1S/C35H40N2O3/c1-3-4-24-40-33(38)27-20-22-28(23-21-27)34(2,39)32-25-37(26-36-32)35(29-14-8-5-9-15-29,30-16-10-6-11-17-30)31-18-12-7-13-19-31/h5-19,25-28,39H,3-4,20-24H2,1-2H3",XWDXUCIIVQBJKE-UHFFFAOYSA-N,XWDXUCIIVQBJKE,0.0572700670045408,0.0572700670045408,0.0572700670045408,Score column,0.0572700670045408,0,0.00034246413034013106,True,0.05129132246187368,417.0,444.0
88874_144561473,88874,144561473,"InChI=1S/C40H40O/c1-30-17-11-13-25-36(30)40(34-21-7-3-8-22-34,35-23-9-4-10-24-35)37-26-14-12-19-32(37)29-33-20-16-27-38-39(33)31(2)18-6-5-15-28-41-38/h3-4,6-14,16-23,25-27,31,35H,5,15,24,28-29H2,1-2H3/b18-6-/t31?,35-,40?/m0/s1",NDVKJBBHGVQWKH-YQDKHQLYSA-N,NDVKJBBHGVQWKH,0.0547663287422328,0.0547663287422328,0.0547663287422328,Score column,0.0547663287422328,0,0.0003417892842958555,True,0.05119024984432778,418.0,455.0
88874_171536685,88874,171536685,"InChI=1S/C26H44N4O6Si/c1-18(2)29-20(31)15-21(32)30(24(29)35)19-9-11-26(5,12-10-19)16-28-23(34)27(22(33)25(28,3)4)17-36-13-14-37(6,7)8/h18-19H,9-17H2,1-8H3",DRFQNDKDBNHNNT-UHFFFAOYSA-N,DRFQNDKDBNHNNT,0.1634877826713469,0.1634877826713469,0.1634877826713469,Score column,0.1634877826713469,0,0.0003406438643909981,True,0.051018698734329945,419.0,238.0
88874_21105994,88874,21105994,"InChI=1S/C24H40N8O6/c1-5-37-19(34)13-32(18(33)12-31-16-30-20-21(26)28-15-29-22(20)31)17(14-36-10-8-6-7-9-25)11-27-23(35)38-24(2,3)4/h15-17H,5-14,25H2,1-4H3,(H,27,35)(H2,26,28,29)",UFSHGSOQHGDTGX-UHFFFAOYSA-N,UFSHGSOQHGDTGX,0.1406988086899398,0.1406988086899398,0.1406988086899398,Score column,0.1406988086899398,0,0.00033937523695447253,True,0.050828694663345386,420.0,251.0
88874_21106003,88874,21106003,"InChI=1S/C24H40N8O6/c1-5-37-19(34)13-31(18(33)12-32-16-29-20-21(26)27-15-28-22(20)32)11-17(14-36-10-8-6-7-9-25)30-23(35)38-24(2,3)4/h15-17H,5-14,25H2,1-4H3,(H,30,35)(H2,26,27,28)",UQWAVAMBFNTXIX-UHFFFAOYSA-N,UQWAVAMBFNTXIX,0.1409225355051029,0.1409225355051029,0.1409225355051029,Score column,0.1409225355051029,0,0.00033845111760706843,True,0.05069028804133249,421.0,250.0
88874_166840944,88874,166840944,"InChI=1S/C30H38F2N6O/c1-7-37-12-10-21(11-13-37)28(19(4)39)22-8-9-27(34-16-22)36-29(25(32)17-33-6)23-14-24(31)30-26(15-23)38(18(2)3)20(5)35-30/h8-9,14-19,21,28,39H,6-7,10-13H2,1-5H3/b25-17+,36-29?",CRTUXAZOVKMBNR-OGXCZJHISA-N,CRTUXAZOVKMBNR,0.1065383894882968,0.1065383894882968,0.1065383894882968,Score column,0.1065383894882968,0,0.00033650827023933786,True,0.05039930512661527,422.0,313.0
88874_156543886,88874,156543886,"InChI=1S/C28H40N8OS/c1-16(2)29-12-13-30-20-9-10-21(24-18(4)33-19(5)38-24)34-23(20)17(3)11-14-36(8)26-22-25(31-15-32-26)35-27(37)28(22,6)7/h9-10,15-17,29-30H,11-14H2,1-8H3,(H,31,32,35,37)",GSTPMZUUXIZFAJ-UHFFFAOYSA-N,GSTPMZUUXIZFAJ,0.1018099785936959,0.1018099785936959,0.1018099785936959,Score column,0.1018099785936959,0,0.00033568710873114343,True,0.05027631864137885,423.0,327.0
88874_162676881,88874,162676881,"InChI=1S/C35H40N2O3/c1-4-7-30(22-34(38)39)29-14-16-31(17-15-29)40-24-28-12-10-27(11-13-28)23-36-20-18-35(19-21-36)25-37(26(2)3)33-9-6-5-8-32(33)35/h5-6,8-17,26,30H,18-25H2,1-3H3,(H,38,39)/t30-/m0/s1",DQWYVKIYWPYHFR-PMERELPUSA-N,DQWYVKIYWPYHFR,0.0558347972053726,0.0558347972053726,0.0558347972053726,Score column,0.0558347972053726,0,0.00033424047850028245,True,0.05005965484777077,424.0,450.0
88874_123918493,88874,123918493,"InChI=1S/C40H40O/c1-27-35(15-7-16-36(27)38-17-8-18-39-37-14-4-3-9-29(37)23-24-40(38)39)30-21-19-28(20-22-30)31-10-5-11-32(25-31)33-12-6-13-34(26-33)41-2/h3-4,6-9,11-16,18-19,21,23,25-27,36,38,40H,5,10,17,20,22,24H2,1-2H3",MUKHHFKYFKJHSK-UHFFFAOYSA-N,MUKHHFKYFKJHSK,0.0715248740587193,0.0715248740587193,0.0715248740587193,Score column,0.0715248740587193,0,0.0003338573252484816,True,0.050002269459786,425.0,407.0
88874_140847292,88874,140847292,"InChI=1S/C38H38N3/c1-25(2)35-30(28-15-9-7-10-16-28)23-31(29-17-11-8-12-18-29)36(26(3)4)37(35)41-34-20-14-13-19-33(34)40(6)38(41)32-24-39-22-21-27(32)5/h7-26H,1-6H3/q+1",NVCPSDLDYNMGCX-UHFFFAOYSA-N,NVCPSDLDYNMGCX,0.0423805245839964,0.0423805245839964,0.0423805245839964,Score column,0.0423805245839964,0,0.00033356435334724383,True,0.049958390656351236,426.0,473.0
88874_123633377,88874,123633377,"InChI=1S/C30H41ClN6O/c1-8-10-17-25(27-20(5)18-36(27)30-34-22(7)33-29(32)35-30)37(23-15-12-11-13-16-23)28(38)26(21(6)19(3)4)24(31)14-9-2/h9,11-17,19-21,27H,8,10,18H2,1-7H3,(H2,32,33,34,35)",PMIVJSVOTHSOGN-UHFFFAOYSA-N,PMIVJSVOTHSOGN,0.0938122531917064,0.0938122531917064,0.0938122531917064,Score column,0.0938122531917064,0,0.0003335130812377184,True,0.04995071156219221,427.0,349.0
88874_146433077,88874,146433077,"InChI=1S/C32H41FN2O4/c33-23-8-11-26(28-20-32(12-13-32)14-17-39-28)27(19-23)29(31(36)37)22-7-10-25(18-22)38-16-2-1-5-24-9-6-21-4-3-15-34-30(21)35-24/h6,8-9,11,19,22,25,28-29H,1-5,7,10,12-18,20H2,(H,34,35)(H,36,37)/t22?,25-,28?,29+/m1/s1",DWHHOWNEHRYAEX-MYZUAMEWSA-N,DWHHOWNEHRYAEX,0.1173617265369079,0.1173617265369079,0.1173617265369079,Score column,0.1173617265369079,0,0.00033314026883110316,True,0.0498948749367725,428.0,284.0
88874_166055303,88874,166055303,"InChI=1S/C29H46NO6S/c1-23-17-19-24(20-18-23)37(33,34)29(30-8,21-13-9-11-15-25(31)35-27(2,3)4)22-14-10-12-16-26(32)36-28(5,6)7/h8,17-20H,9-16,21-22H2,1-7H3/q+1",NBDAPJIHWGIIBW-UHFFFAOYSA-N,NBDAPJIHWGIIBW,0.0625904197439295,0.0625904197439295,0.0625904197439295,Score column,0.0625904197439295,0,0.00033043988579097006,True,0.04949043486550291,429.0,434.0
88874_143525579,88874,143525579,"InChI=1S/C32H41FN2O4/c33-30-18-26(6-9-31(30)34-12-10-23(19-34)15-22-3-1-4-24(16-22)20-36)35-13-11-25-17-27(7-8-29(25)32(35)37)39-21-28-5-2-14-38-28/h6-9,17-18,22-24,28,36H,1-5,10-16,19-21H2/t22?,23?,24-,28+/m1/s1",PDISMWOISDSUNU-VLBKSENGSA-N,PDISMWOISDSUNU,0.1053766666303623,0.1053766666303623,0.1053766666303623,Score column,0.1053766666303623,0,0.0003304330772439934,True,0.04948941514008487,430.0,317.0
88874_69216108,88874,69216108,"InChI=1S/C35H40N2O3/c1-24(2)40-30-15-9-14-27(19-30)35-21-28(36(23-25(35)3)18-10-13-26-11-5-4-6-12-26)20-29(22-35)37-33(38)31-16-7-8-17-32(31)34(37)39/h4-9,11-12,14-17,19,24-25,28-29H,10,13,18,20-23H2,1-3H3",CVEDMNXSRYPGRO-UHFFFAOYSA-N,CVEDMNXSRYPGRO,0.0411640478994769,0.0411640478994769,0.0411640478994769,Score column,0.0411640478994769,0,0.00032809864355382387,True,0.049139783804828155,431.0,476.0
88874_142129907,88874,142129907,"InChI=1S/C35H40N2O3/c1-27-17-19-32(39-2)24-31(27)25-37(21-10-22-40-33-16-9-11-28(23-33)18-20-35(36)38)26-34(29-12-5-3-6-13-29)30-14-7-4-8-15-30/h3-9,11-17,19,23-24,34H,10,18,20-22,25-26H2,1-2H3,(H2,36,38)",VFOSVOUDNQACEF-UHFFFAOYSA-N,VFOSVOUDNQACEF,0.047172661342594,0.047172661342594,0.047172661342594,Score column,0.047172661342594,0,0.00032727768841582733,True,0.0490168282279393,432.0,467.0
88874_145589762,88874,145589762,"InChI=1S/C38H38N3/c1-27-15-18-31(30(4)24-27)35-13-7-10-22-40(35)38-26-29(3)17-20-33(38)36-14-8-11-23-41(36)37-25-28(2)16-19-32(37)34-12-6-9-21-39(34)5/h6-16,18-19,21-26H,17,20H2,1-5H3/q+3",RYVGCBWCDGLZLM-UHFFFAOYSA-N,RYVGCBWCDGLZLM,0.0466301037463851,0.0466301037463851,0.0466301037463851,Score column,0.0466301037463851,0,0.00032620874946375834,True,0.0488567317751278,433.0,468.0
88874_53833245,88874,53833245,"InChI=1S/C26H57BrO2Si2/c1-25(2,3)30(7,8)28-22-18-14-10-11-16-20-24-31(9,26(4,5)6)29-23-19-15-12-13-17-21-27/h10-24H2,1-9H3",GDYAHNGGSXIYQH-UHFFFAOYSA-N,GDYAHNGGSXIYQH,0.1151081125325674,0.1151081125325674,0.1151081125325674,Score column,0.1151081125325674,0,0.00032504637106688133,True,0.04868264076852305,434.0,289.0
88874_169568512,88874,169568512,"InChI=1S/C30H38F2N6O/c1-6-15-35-29(19(4)36-17-18(3)22-13-14-26(34-5)28(32)27(22)31)37-21-11-12-23(20(7-2)16-21)30(39)38-25-10-8-9-24(25)33/h6,11-17,24-25,34H,7-10,33H2,1-5H3,(H,35,37)(H,38,39)/b15-6-,18-17+,36-19?",HGAMTLMOIPOELU-XSWHOTBLSA-N,HGAMTLMOIPOELU,0.0803239881338651,0.0803239881338651,0.0803239881338651,Score column,0.0803239881338651,0,0.00032468307851787,True,0.04862822994523236,435.0,386.0
88874_171536633,88874,171536633,"InChI=1S/C26H44N4O6Si/c1-7-8-13-27-21(31)16-22(32)30(25(27)35)20-11-9-19(10-12-20)17-29-24(34)28(23(33)26(29,2)3)18-36-14-15-37(4,5)6/h19-20H,7-18H2,1-6H3",BJWWCWLLVSRWQB-UHFFFAOYSA-N,BJWWCWLLVSRWQB,0.1633358734425037,0.1633358734425037,0.1633358734425037,Score column,0.1633358734425037,0,0.00032396050301441255,True,0.04852000882112784,436.0,239.0
88874_95065571,88874,95065571,"InChI=1S/C27H44N4O5S/c28-27(18-32,19-33)14-13-20-9-11-21(12-10-20)36-16-6-2-1-5-15-29-24(34)8-4-3-7-23-25-22(17-37-23)30-26(35)31-25/h9-12,22-23,25,32-33H,1-8,13-19,28H2,(H,29,34)(H2,30,31,35)/t22-,23+,25-/m1/s1",MCIRXDNUQSPCHF-GIFXNVAJSA-N,MCIRXDNUQSPCHF,0.1377188295416455,0.1377188295416455,0.1377188295416455,Score column,0.1377188295416455,0,0.00032285001808233697,True,0.04835368996991393,437.0,254.0
88874_140874912,88874,140874912,"InChI=1S/C26H44N4O6Si/c1-11-12-15-34-22-27-19-13-14-29(18-33-16-17-37(8,9)10)20(19)21(28-22)30(23(31)35-25(2,3)4)24(32)36-26(5,6)7/h13-14H,11-12,15-18H2,1-10H3",DLIPQBILZQIRGQ-UHFFFAOYSA-N,DLIPQBILZQIRGQ,0.0418413700455588,0.0418413700455588,0.0418413700455588,Score column,0.0418413700455588,0,0.00032188916160034146,True,0.048209781176871386,438.0,474.0
88874_166058201,88874,166058201,"InChI=1S/C30H38F2N6O/c1-19(35-22-12-15-37(16-13-22)27-25(28(31)32)11-14-33-30(27)39-2)26-18-38(23-9-10-23)36-29(26)34-17-21-5-3-4-6-24(21)20-7-8-20/h3-6,11,14,18-20,22-23,28,35H,7-10,12-13,15-17H2,1-2H3,(H,34,36)",NMPNFJYKGMCUSQ-UHFFFAOYSA-N,NMPNFJYKGMCUSQ,0.0832313974285109,0.0832313974285109,0.0832313974285109,Score column,0.0832313974285109,0,0.0003211301559225797,True,0.048096103855600376,439.0,383.0
88874_76593861,88874,76593861,"InChI=1S/C38H38N3/c1-37(27-29-16-11-14-26-39-29)31-18-9-10-19-32(31)40(2)34(37)20-5-4-6-21-35-38(24-12-13-25-38)36-30-17-8-7-15-28(30)22-23-33(36)41(35)3/h4-11,14-23,26H,12-13,24-25,27H2,1-3H3/q+1",JAHPBKQZGJGGMR-UHFFFAOYSA-N,JAHPBKQZGJGGMR,0.0551151686449704,0.0551151686449704,0.0551151686449704,Score column,0.0551151686449704,0,0.00031980804807562083,True,0.047898089950201325,440.0,454.0
88874_59534305,88874,59534305,"InChI=1S/C30H38F2N6O/c1-21(2)25-19-35-38-29(34-18-23-11-8-9-13-26(23)31)16-28(37-30(25)38)36-24(20-39)12-7-5-3-4-6-10-22-14-15-27(32)33-17-22/h8-9,11,13-17,19,21,24,34,39H,3-7,10,12,18,20H2,1-2H3,(H,36,37)/t24-/m1/s1",XFCDYQGVIYQZDB-XMMPIXPASA-N,XFCDYQGVIYQZDB,0.0657327814505829,0.0657327814505829,0.0657327814505829,Score column,0.0657327814505829,0,0.00031948679081152164,True,0.04784997480917979,441.0,422.0
88874_22960508,88874,22960508,"InChI=1S/C32H41FN2O4/c1-3-37-20-17-34(18-21-38-4-2)19-22-39-30-12-5-25(6-13-30)23-32-31-14-11-29(36)24-26(31)15-16-35(32)28-9-7-27(33)8-10-28/h5-14,24,32,36H,3-4,15-23H2,1-2H3",SWLVOUBMWUGGFL-UHFFFAOYSA-N,SWLVOUBMWUGGFL,0.0244475418125032,0.0244475418125032,0.0244475418125032,Score column,0.0244475418125032,0,0.0003193313318198304,True,0.04782669150279523,442.0,494.0
88874_129143076,88874,129143076,"InChI=1S/C32H41FN2O4/c1-3-38-29-28(24-6-8-25(33)9-7-24)27(23-4-5-23)15-26(34-29)17-35-19-32(20-35)16-22(18-39-32)14-21-10-12-31(2,13-11-21)30(36)37/h6-9,15,21-23H,3-5,10-14,16-20H2,1-2H3,(H,36,37)",KZFUYCGBYPRZHF-UHFFFAOYSA-N,KZFUYCGBYPRZHF,0.0870430768556321,0.0870430768556321,0.0870430768556321,Score column,0.0870430768556321,0,0.00031776099536711116,True,0.047591500058686724,443.0,370.0
88874_89399328,88874,89399328,"InChI=1S/C28H40N8OS/c1-19(10-13-29)33-24-8-5-9-25(18-24)38-35-26(17-21-6-4-7-22(16-21)27(30)31)20(2)36-14-11-23(12-15-36)34-28(37)32-3/h4-9,16,18,23,26,33,35H,1-2,10-15,17,29H2,3H3,(H3,30,31)(H2,32,34,37)/t26-/m0/s1",UNNHVQWEGXBSPT-SANMLTNESA-N,UNNHVQWEGXBSPT,0.0920482317735401,0.0920482317735401,0.0920482317735401,Score column,0.0920482317735401,0,0.00031763165398441536,True,0.04757212842241952,444.0,354.0
88874_166697744,88874,166697744,"InChI=1S/C32H44N2O3S/c1-10-14-27(21-25(7)34-38-32-16-13-12-15-31(32)37-9)33-28(29(35)11-2)19-23(5)20-30(36)26(8)24(6)18-17-22(3)4/h10,12-18,21,28-29,33-35H,5,7-8,11,19-20H2,1-4,6,9H3/b14-10-,24-18-,27-21+",GSSKCXZPDOEXFJ-LODYLLBDSA-N,GSSKCXZPDOEXFJ,0.0894138531028252,0.0894138531028252,0.0894138531028252,Score column,0.0894138531028252,0,0.0003176181191396861,True,0.047570101290162516,445.0,359.0
88874_123510197,88874,123510197,"InChI=1S/C38H38N3/c1-5-37(3)33-16-8-7-15-30(33)36-19-11-14-23-41(36)38(37,6-2)27-29-26-31-28(20-24-40-22-13-10-18-35(31)40)25-32(29)34-17-9-12-21-39(34)4/h7-26H,5-6,27H2,1-4H3/q+3",DYNWYMBKZUYNGI-UHFFFAOYSA-N,DYNWYMBKZUYNGI,0.0397161359332114,0.0397161359332114,0.0397161359332114,Score column,0.0397161359332114,0,0.00031705748604921735,True,0.04748613450334174,446.0,478.0
88874_91143889,88874,91143889,"InChI=1S/C28H40N8OS/c1-20(24(10-5-6-16-33-28(31)32)35-38-19-22-8-3-2-4-9-22)36-17-7-11-25(36)27(37)34-18-21-12-14-23(15-13-21)26(29)30/h2-4,8-9,12-15,24-25,35H,1,5-7,10-11,16-19H2,(H3,29,30)(H,34,37)(H4,31,32,33)",RCQDJEQHUAAGQC-UHFFFAOYSA-N,RCQDJEQHUAAGQC,0.0861494916501167,0.0861494916501167,0.0861494916501167,Score column,0.0861494916501167,0,0.0003160975139169689,True,0.04734235816057363,447.0,374.0
88874_57094013,88874,57094013,"InChI=1S/C35H40N2O3/c1-25(2)23-27-15-17-28(18-16-27)26(3)34(20-10-22-36-34)35(21-19-32(38)39,40-30-12-6-5-7-13-30)33(4)24-29-11-8-9-14-31(29)37-33/h5-18,20,22,25-26,37H,19,21,23-24H2,1-4H3,(H,38,39)",ZFPFPSCFMWVSLP-UHFFFAOYSA-N,ZFPFPSCFMWVSLP,0.0464669094292252,0.0464669094292252,0.0464669094292252,Score column,0.0464669094292252,0,0.0003160185985984538,True,0.04733053890509388,448.0,470.0
88874_58116394,88874,58116394,"InChI=1S/C27H44N4O5S/c1-20-15-25(36-6)16-21(2)27(20)37(34,35)30(5)19-24(32)7-8-26(33)29(4)17-22-9-13-31(14-10-22)23-11-12-28(3)18-23/h15-16,22-23H,7-14,17-19H2,1-6H3",MELJDXNEHXIAIT-UHFFFAOYSA-N,MELJDXNEHXIAIT,0.1187234510167818,0.1187234510167818,0.1187234510167818,Score column,0.1187234510167818,0,0.0003150847555365591,True,0.04719067594902647,449.0,281.0
88874_140416477,88874,140416477,"InChI=1S/C35H40N2O3/c1-25-7-6-10-27(21-25)11-14-33(39)36(2)29-15-17-35(40)32-22-28-12-13-30(38)23-31(28)34(35,24-29)18-20-37(32)19-16-26-8-4-3-5-9-26/h3-14,21,23,29,32,38,40H,15-20,22,24H2,1-2H3/t29-,32-,34-,35-/m1/s1",URCTXOBLCBXQRV-DFVAHILBSA-N,URCTXOBLCBXQRV,0.0290536219926926,0.0290536219926926,0.0290536219926926,Score column,0.0290536219926926,0,0.0003130157481268215,True,0.04688079787179994,450.0,490.0
88874_144851995,88874,144851995,"InChI=1S/C35H40N2O3/c1-5-39-25-23-36(31-15-7-27(3)8-16-31)33-19-11-29(12-20-33)35(38)30-13-21-34(22-14-30)37(24-26-40-6-2)32-17-9-28(4)10-18-32/h7-22H,5-6,23-26H2,1-4H3",REOYGWBWTFVEKO-UHFFFAOYSA-N,REOYGWBWTFVEKO,0.0137092916950855,0.0137092916950855,0.0137092916950855,Score column,0.0137092916950855,0,0.00031261611581936516,True,0.04682094439305001,451.0,509.0
88874_170736987,88874,170736987,"InChI=1S/C30H38F2N6O/c1-19(2)25-16-38(27(39)26-24(25)14-22(35-26)15-37-11-6-5-7-12-37)23-10-8-9-21(13-23)29(17-30(31,32)18-29)28(34)36(4)20(3)33/h8-10,13-14,16,19,33-35H,5-7,11-12,15,17-18H2,1-4H3",QKUOJLHPKVFVBE-UHFFFAOYSA-N,QKUOJLHPKVFVBE,0.0771312073602956,0.0771312073602956,0.0771312073602956,Score column,0.0771312073602956,0,0.0003113807623194826,True,0.046635923805188884,452.0,398.0
88874_16753334,88874,16753334,"InChI=1S/C24H40N8O6/c1-13(2)17(25)21(36)28-12-8-7-11-27-18(33)14(3)29-19(34)15-9-10-16(30-15)20(35)31-22(26)32-23(37)38-24(4,5)6/h9-10,13-14,17,30H,7-8,11-12,25H2,1-6H3,(H,27,33)(H,28,36)(H,29,34)(H3,26,31,32,35,37)/t14-,17-/m0/s1",OOSPVDHQCJVQEM-YOEHRIQHSA-N,OOSPVDHQCJVQEM,0.1101542488412914,0.1101542488412914,0.1101542488412914,Score column,0.1101542488412914,0,0.00030999496021471065,True,0.04642837032344583,453.0,301.0
88874_174271710,88874,174271710,"InChI=1S/C27H44N4O5S/c1-21(35-5)30-15-11-27(12-16-30)19-29(20-27)18-22-7-6-8-24(17-22)37(33,34)31-13-9-23(10-14-31)28-25(32)36-26(2,3)4/h6-8,17,21,23H,9-16,18-20H2,1-5H3,(H,28,32)",NABZUSGNRGSISV-UHFFFAOYSA-N,NABZUSGNRGSISV,0.084952096170503,0.084952096170503,0.084952096170503,Score column,0.084952096170503,0,0.00030719477058063164,True,0.04600898208172458,454.0,377.0
88874_143631895,88874,143631895,"InChI=1S/C27H44N4O5S/c1-20-16-23(35-6)17-21(2)26(20)37(34)30(5)14-15-36-19-25(32)29(4)18-22-9-12-31(13-10-22)27(33)24-8-7-11-28(24)3/h16-17,22,24H,7-15,18-19H2,1-6H3/t24-,37?/m0/s1",JMPDRSAKGOPKIL-OISKDISKSA-N,JMPDRSAKGOPKIL,0.102123161785366,0.102123161785366,0.102123161785366,Score column,0.102123161785366,0,0.00030676699365746386,True,0.04594491334528157,455.0,326.0
88874_153290583,88874,153290583,"InChI=1S/C33H37FN6/c1-20-15-26(32-31-25(9-12-38(32)4)24-7-5-6-8-27(24)36-31)30-28(16-20)40(33(37-30)39-13-10-35-11-14-39)19-23-17-21(2)29(34)22(3)18-23/h5-8,15-18,32,35-36H,9-14,19H2,1-4H3",WXFTVPKTTPOVBI-UHFFFAOYSA-N,WXFTVPKTTPOVBI,0.0257524362970662,0.0257524362970662,0.0257524362970662,Score column,0.0257524362970662,0,0.0003044975865781561,True,0.045605021134712175,456.0,492.0
88874_59772595,88874,59772595,"InChI=1S/C30H41ClN6O/c1-2-25-19-36(30-28(31)16-23(17-34-30)29-32-9-10-33-29)13-14-37(25)26-7-11-35(12-8-26)18-21-3-5-22(6-4-21)27-15-24(27)20-38/h3-6,16-17,24-27,38H,2,7-15,18-20H2,1H3,(H,32,33)/t24?,25-,27?/m0/s1",SWMUSWBIGPBYQU-AYIJWJHJSA-N,SWMUSWBIGPBYQU,0.1005607827833543,0.1005607827833543,0.1005607827833543,Score column,0.1005607827833543,0,0.0003042506214768336,True,0.04556803283279518,457.0,332.0
88874_123854358,88874,123854358,"InChI=1S/C24H40N8O6/c1-8-37-18(34)15-31(13-12-29(6)23(36)38-24(2,3)4)17(33)14-32-16-26-19-20(32)27-22(35)30(7)21(19)28(5)11-9-10-25/h16H,8-15,25H2,1-7H3",YQNNQEDGHKOEHB-UHFFFAOYSA-N,YQNNQEDGHKOEHB,0.1029992224194113,0.1029992224194113,0.1029992224194113,Score column,0.1029992224194113,0,0.0003032205702794235,True,0.04541376065233024,458.0,324.0
88874_173754117,88874,173754117,"InChI=1S/C33H37FN6/c1-6-22(3)38-32-19-28(15-12-26(32)7-2)39-23(4)33(35)29-21-40(24(5)30-9-8-17-36-30)18-16-31(29)37-20-25-10-13-27(34)14-11-25/h6,8-15,17,19,36,38-39H,1,3-5,7,16,18,20-21,35H2,2H3",HXFIGGCVTLWKLX-UHFFFAOYSA-N,HXFIGGCVTLWKLX,0.0196539323451036,0.0196539323451036,0.0196539323451036,Score column,0.0196539323451036,0,0.0003021733138249328,True,0.04525691161691678,459.0,500.0
88874_160104159,88874,160104159,"InChI=1S/C38H38N3/c1-4-39-33(24-20-30-13-7-10-16-36(30)39)23-19-29(27-34-25-21-31-14-8-11-17-37(31)40(34)5-2)28-35-26-22-32-15-9-12-18-38(32)41(35)6-3/h7-18,20-28H,4-6,19H2,1-3H3/q+1/b33-23-",AZBSFVHLOSMPRY-SNCSUOKWSA-N,AZBSFVHLOSMPRY,0.0199223090058033,0.0199223090058033,0.0199223090058033,Score column,0.0199223090058033,0,0.0003019379326027174,True,0.04522165824845997,460.0,499.0
88874_144774166,88874,144774166,"InChI=1S/C35H40N2O3/c1-4-19-37-21-29-32(38-3)20-31(37)33-28-17-11-12-18-30(28)36(2)34(33)35(29,24-39-22-26-13-7-5-8-14-26)25-40-23-27-15-9-6-10-16-27/h4-18,29,31-32H,1,19-25H2,2-3H3/t29-,31?,32?/m1/s1",ZFBMWSGFEYBVHD-UOCXPQTGSA-N,ZFBMWSGFEYBVHD,0.0133569913947312,0.0133569913947312,0.0133569913947312,Score column,0.0133569913947312,0,0.0003014701295363994,True,0.04515159474166485,461.0,510.0
88874_142326919,88874,142326919,"InChI=1S/C28H40N8OS/c1-4-37-24-13-25(27-23(14-29)16-33-36(27)18-24)22-5-6-26(32-15-22)35-10-7-28(30,8-11-35)20-34(12-9-31-3)17-21(2)19-38/h5-6,13,15-16,18,21,31,38H,4,7-12,17,19-20,30H2,1-3H3",WYCRPLJUVUTKSH-UHFFFAOYSA-N,WYCRPLJUVUTKSH,0.0896342949396876,0.0896342949396876,0.0896342949396876,Score column,0.0896342949396876,0,0.0003001417417537002,True,0.044952640281677565,462.0,358.0
88874_144951027,88874,144951027,"InChI=1S/C27H44N4O5S/c1-17(2)14-23(30-25(33)21(10-13-37-7)31-27(35)36-16-18(3)4)26(34)29-22(24(32)19(5)6)15-20-8-11-28-12-9-20/h8-9,11-12,17-19,21-23H,10,13-16H2,1-7H3,(H,29,34)(H,30,33)(H,31,35)",XJOSLBQSAQMMJI-UHFFFAOYSA-N,XJOSLBQSAQMMJI,0.1166448793894797,0.1166448793894797,0.1166448793894797,Score column,0.1166448793894797,0,0.0002979253173305415,True,0.044620683356180885,463.0,286.0
88874_20631191,88874,20631191,"InChI=1S/C29H46NO6S/c1-9-35-25(31)27(4,5)19-11-13-21-29(30-8,37(33,34)24-17-15-23(3)16-18-24)22-14-12-20-28(6,7)26(32)36-10-2/h8,15-18H,9-14,19-22H2,1-7H3/q+1",YGWCCKXYEAKOEW-UHFFFAOYSA-N,YGWCCKXYEAKOEW,0.0577900185833414,0.0577900185833414,0.0577900185833414,Score column,0.0577900185833414,0,0.00029718839666189933,True,0.04451031373701345,464.0,442.0
88874_143761914,88874,143761914,"InChI=1S/C27H44N4O5S/c1-20-17-24(35-6)18-21(2)26(20)37(34)29(4)15-16-36-19-25(32)30(5)23-9-7-22(8-10-23)27(33)31-13-11-28(3)12-14-31/h17-18,22-23H,7-16,19H2,1-6H3",YEUYIZNAUBUECN-UHFFFAOYSA-N,YEUYIZNAUBUECN,0.1009194455376291,0.1009194455376291,0.1009194455376291,Score column,0.1009194455376291,0,0.0002971806735351766,True,0.04450915703373257,465.0,330.0
88874_129182685,88874,129182685,"InChI=1S/C30H38F2N6O/c1-20-5-6-21(27(15-20)36-12-9-33-10-13-36)17-37-14-11-34-29(37)35-28(39)25-19-38(30(2,3)4)18-24(25)23-8-7-22(31)16-26(23)32/h5-8,11,14-16,24-25,33H,9-10,12-13,17-19H2,1-4H3,(H,34,35,39)/t24-,25?/m0/s1",DZICVWISXZQKIQ-SKCDSABHSA-N,DZICVWISXZQKIQ,0.0354152674587295,0.0354152674587295,0.0354152674587295,Score column,0.0354152674587295,0,0.00029676756078971157,True,0.044447284571294786,466.0,482.0
88874_68868612,88874,68868612,"InChI=1S/C27H44N4O5S/c1-21-17-25(35-4)18-22(2)27(21)37(33,34)31(24-5-6-24)15-16-36-20-26(32)30-9-7-23(8-10-30)19-29-13-11-28(3)12-14-29/h17-18,23-24H,5-16,19-20H2,1-4H3",DQPPRGLCRGKVJO-UHFFFAOYSA-N,DQPPRGLCRGKVJO,0.1119198242857782,0.1119198242857782,0.1119198242857782,Score column,0.1119198242857782,0,0.00029588950813430956,True,0.044315777420919654,467.0,294.0
88874_59076958,88874,59076958,"InChI=1S/C38H38N3/c1-4-39-26-23-30(33-13-7-10-16-36(33)39)21-19-29(32-25-28-41(6-3)38-18-12-9-15-35(32)38)20-22-31-24-27-40(5-2)37-17-11-8-14-34(31)37/h7-27H,4-6,28H2,1-3H3/q+1",PAKCKMCEDFEVJO-UHFFFAOYSA-N,PAKCKMCEDFEVJO,0.023990756227448,0.023990756227448,0.023990756227448,Score column,0.023990756227448,0,0.0002944921357818038,True,0.044106491047305886,468.0,495.0
88874_57793767,88874,57793767,"InChI=1S/C38H37N3/c1-4-39-26-23-30(33-13-7-10-16-36(33)39)21-19-29(32-25-28-41(6-3)38-18-12-9-15-35(32)38)20-22-31-24-27-40(5-2)37-17-11-8-14-34(31)37/h7-28H,4-6H2,1-3H3/q+2/p+1",HIAODMANEGWKPD-UHFFFAOYSA-O,HIAODMANEGWKPD,0.0217710062981237,0.0217710062981237,0.0217710062981237,Score column,0.0217710062981237,0,0.00029377336154891813,True,0.04399883924470802,469.0,498.0
88874_101113046,88874,101113046,"InChI=1S/C31H44N2O4Si/c1-18(2)38(19(3)4,20(5)6)37-22-15-23-24(16-22)29-28-26(36-7)17-25(32-30(28)34)27(23)31(35)33(29)14-13-21-11-9-8-10-12-21/h8-12,17-20,22,25,27-29H,13-16H2,1-7H3,(H,32,34)/t22-,25-,27-,28+,29+/m1/s1",ZAWWATIFCKYVQQ-PACMUOCQSA-N,ZAWWATIFCKYVQQ,0.0535561761153787,0.0535561761153787,0.0535561761153787,Score column,0.0535561761153787,0,0.00029238247595869866,True,0.04379052440237792,470.0,460.0
88874_140887305,88874,140887305,"InChI=1S/C27H40N8O2Si/c1-32(2)26(36)23-17-20-18-29-27(31-25(20)35(23)21-7-5-6-8-21)30-24-10-9-22(19-28-24)34-13-11-33(12-14-34)15-16-38(3,4)37/h9-10,17-19,21,37H,5-8,11-16H2,1-4H3,(H,28,29,30,31)",GDXDVQBAMJNXBK-UHFFFAOYSA-N,GDXDVQBAMJNXBK,0.0875124775286391,0.0875124775286391,0.0875124775286391,Score column,0.0875124775286391,0,0.0002922013685666445,True,0.043763399699896365,471.0,366.0
88874_143632364,88874,143632364,"InChI=1S/C27H44N4O5S/c1-21-16-24(35-5)17-22(2)27(21)37(34)29(4)14-15-36-20-26(33)28(3)18-23-8-12-31(13-9-23)25(32)19-30-10-6-7-11-30/h16-17,23H,6-15,18-20H2,1-5H3",UBUXIIAJCXOXBI-UHFFFAOYSA-N,UBUXIIAJCXOXBI,0.1030344660638107,0.1030344660638107,0.1030344660638107,Score column,0.1030344660638107,0,0.0002919819896730848,True,0.04373054302214818,472.0,323.0
88874_134343961,88874,134343961,"InChI=1S/C27H44N4O5S/c1-16(25(35)18(3)14-26(5,6)22(32)13-24(33)34)9-8-10-27(7)23(36-27)12-21(30-31-28)17(2)11-20-15-37-19(4)29-20/h11,15-16,18,21-23,25,32,35H,8-10,12-14H2,1-7H3,(H,33,34)/b17-11+",BAAKFWVSEWBHRM-GZTJUZNOSA-N,BAAKFWVSEWBHRM,0.1204705730062288,0.1204705730062288,0.1204705730062288,Score column,0.1204705730062288,0,0.00029151807349682234,True,0.04366106166020722,473.0,277.0
88874_59335,88874,59335,"InChI=1S/C35H40N2O3/c1-2-40-34(39)35(31-12-7-4-8-13-31)21-26-37(27-22-35)32-17-15-30(16-18-32)33(38)14-9-23-36-24-19-29(20-25-36)28-10-5-3-6-11-28/h3-8,10-13,15-19H,2,9,14,20-27H2,1H3",TZKLOSMKBJLQIO-UHFFFAOYSA-N,TZKLOSMKBJLQIO,0.0516145564405711,0.0516145564405711,0.0516145564405711,Score column,0.0516145564405711,0,0.00029024446153292033,True,0.04347031104972163,474.0,462.0
88874_22883924,88874,22883924,"InChI=1S/C35H40N2O3/c1-29(36-34(38)39)24-26-37(28-30-16-6-2-7-17-30)25-14-15-27-40-35(31-18-8-3-9-19-31,32-20-10-4-11-21-32)33-22-12-5-13-23-33/h2-13,16-23,29,36H,14-15,24-28H2,1H3,(H,38,39)/t29-/m1/s1",GHUBMYTVWVXGSY-GDLZYMKVSA-N,GHUBMYTVWVXGSY,0.0409259915363631,0.0409259915363631,0.0409259915363631,Score column,0.0409259915363631,0,0.0002896739177597879,True,0.04338485992636665,475.0,477.0
88874_168174667,88874,168174667,"InChI=1S/C24H36F4N6O3/c1-22(2,3)37-21(35)33-20(15-5-7-23(25,26)8-6-15)17-11-34-19(32-17)9-16(10-31-34)18(12-36-4)30-14-24(27,28)13-29/h9-11,15,18,20,30H,5-8,12-14,29H2,1-4H3,(H,33,35)/t18-,20+/m1/s1/i13D2,14D2",WCKCPIGYHVFRSA-ICKDKIIISA-N,WCKCPIGYHVFRSA,0.0975367567612544,0.0975367567612544,0.0975367567612544,Score column,0.0975367567612544,0,0.0002895302653718514,True,0.0433633449112182,476.0,339.0
88874_164064546,88874,164064546,"InChI=1S/C35H40N2O3/c1-35-21-30(33-28-16-14-27(38)20-26(28)13-15-29(33)31(35)17-18-32(35)39)25-11-9-23(10-12-25)8-5-19-36-34(40)37-22-24-6-3-2-4-7-24/h2-12,20,29-32,39H,13-19,21-22H2,1H3,(H2,36,37,40)/b8-5+/t29?,30-,31?,32+,35+/m1/s1",WJUVHCGXRBCRNE-HDTWENKZSA-N,WJUVHCGXRBCRNE,0.0146298709887802,0.0146298709887802,0.0146298709887802,Score column,0.0146298709887802,0,0.0002891995074981157,True,0.04331380685086212,477.0,506.0
88874_3719937,88874,3719937,"InChI=1S/C29H42F2N2O5/c1-28-11-10-25(38-27(37)33-21-6-4-3-5-7-21)29(2,17-34)24(28)9-8-23(35)22(28)15-26(36)32-16-18-12-19(30)14-20(31)13-18/h12-14,21-25,34-35H,3-11,15-17H2,1-2H3,(H,32,36)(H,33,37)",FMVZQICQVGSMTJ-UHFFFAOYSA-N,FMVZQICQVGSMTJ,0.1315449793737142,0.1315449793737142,0.1315449793737142,Score column,0.1315449793737142,0,0.00028753069743147496,True,0.043063866878548296,478.0,259.0
88874_24945652,88874,24945652,"InChI=1S/C27H44N4O5S/c1-21-17-25(35-4)18-22(2)27(21)37(33,34)31-10-6-5-7-24(31)19-36-20-26(32)30-11-8-23(9-12-30)29-15-13-28(3)14-16-29/h17-18,23-24H,5-16,19-20H2,1-4H3",LFYFOBQBVZSOCA-UHFFFAOYSA-N,LFYFOBQBVZSOCA,0.1116254763190134,0.1116254763190134,0.1116254763190134,Score column,0.1116254763190134,0,0.0002875273819306304,True,0.04306337031143987,479.0,296.0
88874_130300622,88874,130300622,"InChI=1S/C32H44N2O3S/c1-19-30(34-38-33-19)37-18-32(31(35)36)16-3-2-7-29(32)22-10-11-24-21(17-22)9-13-28-26(24)15-14-25-23-6-4-5-20(23)8-12-27(25)28/h2,4-5,7,20-29H,3,6,8-18H2,1H3,(H,35,36)",MWBCFHGTEXQXHI-UHFFFAOYSA-N,MWBCFHGTEXQXHI,0.1608293594951534,0.1608293594951534,0.1608293594951534,Score column,0.1608293594951534,0,0.0002873025641770186,True,0.04302969904816274,480.0,241.0
88874_9893383,88874,9893383,"InChI=1S/C28H40N8OS/c1-2-3-13-22-34-25-26(18-10-4-5-11-19(18)32-27(25)29)36(22)16-9-8-15-31-23(37)14-7-6-12-21-24-20(17-38-21)33-28(30)35-24/h4-5,10-11,20-21,24H,2-3,6-9,12-17H2,1H3,(H2,29,32)(H,31,37)(H3,30,33,35)",GHJZUESLXANMNC-UHFFFAOYSA-N,GHJZUESLXANMNC,0.0874613416475286,0.0874613416475286,0.0874613416475286,Score column,0.0874613416475286,0,0.0002861635759373071,True,0.0428591112174743,481.0,367.0
88874_123488347,88874,123488347,"InChI=1S/C35H40N2O3/c1-2-17-37-22-35(38)19-29-28(35)18-31(37)32-27-15-9-10-16-30(27)36-33(32)34(29,23-39-20-25-11-5-3-6-12-25)24-40-21-26-13-7-4-8-14-26/h3-16,28-29,31,36,38H,2,17-24H2,1H3",YWFDAIOXZNQMCL-UHFFFAOYSA-N,YWFDAIOXZNQMCL,0.0154307861638735,0.0154307861638735,0.0154307861638735,Score column,0.0154307861638735,0,0.00028535254345975376,True,0.04273764177104812,482.0,504.0
88874_91609399,88874,91609399,"InChI=1S/C27H44N4O5S/c1-19(2)14-15-24(32)31(30(18-20(3)4)27(34)21(5)28)23(12-8-10-22-11-9-17-37-22)26(33)29-36-25-13-6-7-16-35-25/h8-11,17,19-21,23,25H,6-7,12-16,18,28H2,1-5H3,(H,29,33)/t21-,23?,25?/m1/s1",HRRPXALWGVDSBD-HMBUKTRKSA-N,HRRPXALWGVDSBD,0.115161750173402,0.115161750173402,0.115161750173402,Score column,0.115161750173402,0,0.00028445208055869094,True,0.042602778207446595,483.0,288.0
88874_143763699,88874,143763699,"InChI=1S/C32H41FN2O4/c1-7-25-13-8-9-14-26(25)20-23(3)24(4)29(36)19-18-28(16-11-17-30(37)39-6)35(5)32(38)34-21-27-15-10-12-22(2)31(27)33/h7-10,12-15,20,24,28H,3,11,16-19,21H2,1-2,4-6H3,(H,34,38)/b25-7-,26-20-",NHDZHKGOJJKBTF-OTYLGLFYSA-N,NHDZHKGOJJKBTF,0.0519928874549999,0.0519928874549999,0.0519928874549999,Score column,0.0519928874549999,0,0.0002828788475407653,True,0.04236715294079473,484.0,461.0
88874_89332929,88874,89332929,"InChI=1S/C30H41ClN6O/c1-7-26-19-36(29-13-12-28(34-21(29)3)30(33-6)38-23(5)32)20(2)18-37(26)27-14-16-35(17-15-27)22(4)24-8-10-25(31)11-9-24/h8-13,20,26-27H,4-5,7,14-19,32H2,1-3,6H3/t20-,26+/m1/s1",CJLJFMUVLKQYMC-IBVKSMDESA-N,CJLJFMUVLKQYMC,0.0683687636994728,0.0683687636994728,0.0683687636994728,Score column,0.0683687636994728,0,0.0002825475578593921,True,0.04231753523087946,485.0,415.0
88874_142262152,88874,142262152,"InChI=1S/C27H44N4O5S/c1-6-24(31(28)19-21(4)29-26(33)36-8-3)25(7-2)37(34,35)23-13-11-22(12-14-23)30(5)18-17-27(20-32)15-9-10-16-27/h11-14,20-21H,6-10,15-19,28H2,1-5H3,(H,29,33)/b25-24+",PYLCQKQNMQJKSV-OCOZRVBESA-N,PYLCQKQNMQJKSV,0.0910848259765339,0.0910848259765339,0.0910848259765339,Score column,0.0910848259765339,0,0.0002817172174707733,True,0.042193174012133815,486.0,357.0
88874_10437200,88874,10437200,"InChI=1S/C35H40N2O3/c1-22-5-10-25(11-6-22)36-32-37(26-12-7-23(2)8-13-26)31(39)35(40-32)20-17-30-28-14-9-24-21-27(38)15-18-33(24,3)29(28)16-19-34(30,35)4/h5-8,10-13,21,28-30H,9,14-20H2,1-4H3/t28-,29+,30+,33+,34+,35+/m1/s1",SENIIARZYAVNLJ-GLVHTUAPSA-N,SENIIARZYAVNLJ,0.0378551361444264,0.0378551361444264,0.0378551361444264,Score column,0.0378551361444264,0,0.0002739420832505538,True,0.04102868149702706,487.0,480.0
88874_141570155,88874,141570155,"InChI=1S/C35H40N2O3/c38-29-15-14-26-20-30-35(39)17-16-28(33-34(35,31(26)32(29)40-33)18-19-37(30)22-24-10-11-24)36-21-27-9-5-4-8-25(27)13-12-23-6-2-1-3-7-23/h1-9,14-15,24,28,30,33,36,38-39H,10-13,16-22H2/t28-,30-,33+,34+,35-/m1/s1",MXKMHYUGXCLOSI-QQDOSJPLSA-N,MXKMHYUGXCLOSI,0.0335235284980652,0.0335235284980652,0.0335235284980652,Score column,0.0335235284980652,0,0.0002734591138478766,True,0.04095634650723606,488.0,485.0
88874_123171059,88874,123171059,"InChI=1S/C35H40N2O3/c1-5-10-25(2)26(3)27(4)35(38)36-24-29-11-6-16-33-31(21-29)23-34(37-33)30-14-7-15-32(22-30)40-19-9-13-28-12-8-18-39-20-17-28/h5,7,10-12,14-16,21-23,37H,1,8-9,13,17-20,24H2,2-4H3,(H,36,38)",DQDHBNJAQSZLKY-UHFFFAOYSA-N,DQDHBNJAQSZLKY,0.0554512723324441,0.0554512723324441,0.0554512723324441,Score column,0.0554512723324441,0,0.00027236519971452286,True,0.04079250948727219,489.0,452.0
88874_123343251,88874,123343251,"InChI=1S/C33H37FN6/c1-25(37-32-13-15-38(16-14-32)23-28-5-3-27(21-35)4-6-28)33-12-9-30(22-36-33)26(2)40-19-17-39(18-20-40)24-29-7-10-31(34)11-8-29/h3-12,22,32H,2,13-20,23-24H2,1H3",HJQWKGMPIMEILH-UHFFFAOYSA-N,HJQWKGMPIMEILH,0.0562075555791368,0.0562075555791368,0.0562075555791368,Score column,0.0562075555791368,0,0.0002721666733957529,True,0.04076277592824782,490.0,446.0
88874_88381408,88874,88381408,"InChI=1S/C35H40N2O3/c36-33(35(23-13-25-38,30-18-9-3-10-19-30)31-20-11-4-12-21-31)32(40)22-24-34(26-37-27-39,28-14-5-1-6-15-28)29-16-7-2-8-17-29/h1-12,14-21,27,32-33,38,40H,13,22-26,36H2,(H,37,39)",FCZRWSPZKBCISC-UHFFFAOYSA-N,FCZRWSPZKBCISC,0.0,0.0,0.0,Score column,0.0,0,0.0002716010069512112,True,0.04067805528908472,491.0,515.0
88874_139418085,88874,139418085,"InChI=1S/C32H44N2O3S/c1-4-23-17-22(9-13-28(35)34-31-33-19-20(2)38-31)30-27-11-8-21-18-24(37-29-7-5-6-16-36-29)10-12-25(21)26(27)14-15-32(23,30)3/h10,12,18-19,22-23,26-27,29-30H,4-9,11,13-17H2,1-3H3,(H,33,34,35)/t22-,23+,26?,27?,29?,30?,32-/m1/s1",DRPMSIWVUPLNCM-UUWLYHBUSA-N,DRPMSIWVUPLNCM,0.0872141732223371,0.0872141732223371,0.0872141732223371,Score column,0.0872141732223371,0,0.00027043750638216585,True,0.04050379621321535,492.0,368.0
88874_18309443,88874,18309443,"InChI=1S/C24H40N8O6/c1-14(20(34)31-18(23(37)38)6-4-12-29-24(27)28)30-22(36)19(13-15-7-9-16(33)10-8-15)32-21(35)17(26)5-2-3-11-25/h7-10,14,17-19,33H,2-6,11-13,25-26H2,1H3,(H,30,36)(H,31,34)(H,32,35)(H,37,38)(H4,27,28,29)",CIRPBVGZGGLECD-UHFFFAOYSA-N,CIRPBVGZGGLECD,0.1089928200769249,0.1089928200769249,0.1089928200769249,Score column,0.1089928200769249,0,0.00026856421883824586,True,0.0402232313687057,493.0,305.0
88874_18302681,88874,18302681,"InChI=1S/C24H40N8O6/c1-14(30-21(35)17(26)5-2-3-11-25)20(34)32-19(13-15-7-9-16(33)10-8-15)22(36)31-18(23(37)38)6-4-12-29-24(27)28/h7-10,14,17-19,33H,2-6,11-13,25-26H2,1H3,(H,30,35)(H,31,36)(H,32,34)(H,37,38)(H4,27,28,29)",PPBYOMNANGZEED-UHFFFAOYSA-N,PPBYOMNANGZEED,0.1085795563220781,0.1085795563220781,0.1085795563220781,Score column,0.1085795563220781,0,0.00026805458313742804,True,0.040146902530871595,494.0,307.0
88874_54021014,88874,54021014,"InChI=1S/C35H40N2O3/c38-29-14-13-27-21-30-35(39)17-15-28(33-34(35,31(27)32(29)40-33)18-20-37(30)23-26-11-12-26)36(22-25-9-5-2-6-10-25)19-16-24-7-3-1-4-8-24/h1-10,13-14,26,28,30,33,38-39H,11-12,15-23H2/t28-,30-,33+,34+,35-/m1/s1",KYXQMCCUGYEDQJ-QQDOSJPLSA-N,KYXQMCCUGYEDQJ,0.0142702947442517,0.0142702947442517,0.0142702947442517,Score column,0.0142702947442517,0,0.00026530927362608406,True,0.03973573376039586,495.0,507.0
88874_23364364,88874,23364364,"InChI=1S/C34H45ClO3/c35-24-10-20-34(21-11-25-36-28-31-14-4-1-5-15-31,22-12-26-37-29-32-16-6-2-7-17-32)23-13-27-38-30-33-18-8-3-9-19-33/h1-9,14-19H,10-13,20-30H2",PJUHGRWXQIUQQQ-UHFFFAOYSA-N,PJUHGRWXQIUQQQ,0.0,0.0,0.0,Score column,0.0,0,0.0002644765208763486,True,0.03961101123901743,496.0,515.0
88874_177967529,88874,177967529,"InChI=1S/C30H38F2N6O/c1-19-14-28(39)37-25-5-2-6-26(29(25)36-19)38-13-3-4-21-15-23(24(30(31)32)16-27(21)38)22(17-33)18-35-12-9-20-7-10-34-11-8-20/h2,5-6,15-20,30,34,36H,3-4,7-14,33H2,1H3,(H,37,39)/b22-17+,35-18?",QBKAVTJGOSNSOT-ODUFWFJBSA-N,QBKAVTJGOSNSOT,0.0683319041760768,0.0683319041760768,0.0683319041760768,Score column,0.0683319041760768,0,0.000264464438143785,True,0.039609201591590926,497.0,416.0
88874_76370186,88874,76370186,"InChI=1S/C30H38F2N6O/c1-3-38-15-18(12-23-25(31)5-4-6-26(23)32)11-22(17-38)33-30(39)20-8-10-28-24(14-20)29(35-34-28)19-7-9-27-21(13-19)16-37(2)36-27/h4-7,9,13,16,18,20,22,24,28-29,34-35H,3,8,10-12,14-15,17H2,1-2H3,(H,33,39)",HQHCWHUMARRROH-UHFFFAOYSA-N,HQHCWHUMARRROH,0.065189639686029,0.065189639686029,0.065189639686029,Score column,0.065189639686029,0,0.0002639006019392453,True,0.03952475506998295,498.0,423.0
88874_68225980,88874,68225980,"InChI=1S/C33H37FN6/c1-25(37-32-13-15-38(16-14-32)23-28-5-3-27(21-35)4-6-28)33-12-9-30(22-36-33)26(2)40-19-17-39(18-20-40)24-29-7-10-31(34)11-8-29/h3-12,22,32,37H,1-2,13-20,23-24H2",GCBADZAXFYQVEJ-UHFFFAOYSA-N,GCBADZAXFYQVEJ,0.0562075555791368,0.0562075555791368,0.0562075555791368,Score column,0.0562075555791368,0,0.000263683379455089,True,0.039492221360628445,499.0,446.0
88874_163815792,88874,163815792,"InChI=1S/C27H44N4O5S/c1-21-17-25(35-4)18-22-7-6-10-31(37(33,34)27(21)22)15-16-36-20-26(32)29(3)23-8-5-9-24(19-23)30-13-11-28(2)12-14-30/h17-18,23-24H,5-16,19-20H2,1-4H3/t23-,24+/m0/s1",NRFJIAOEIQUXDQ-BJKOFHAPSA-N,NRFJIAOEIQUXDQ,0.093475614924235,0.093475614924235,0.093475614924235,Score column,0.093475614924235,0,0.00026351762337220634,True,0.03946739584477454,500.0,350.0
88874_89891687,88874,89891687,"InChI=1S/C27H44N4O5S/c1-21-17-25(35-4)18-23-9-10-31(37(33,34)27(21)23)15-16-36-20-26(32)29(3)19-22-5-7-24(8-6-22)30-13-11-28(2)12-14-30/h17-18,22,24H,5-16,19-20H2,1-4H3",UJXJUOWVVUHGGN-UHFFFAOYSA-N,UJXJUOWVVUHGGN,0.0939951399459625,0.0939951399459625,0.0939951399459625,Score column,0.0939951399459625,0,0.0002632849985990122,True,0.039432555313467885,501.0,348.0
88874_18944429,88874,18944429,"InChI=1S/C35H40N2O3/c38-35(39-25-13-23-36(27-31-15-5-1-6-16-31)28-32-17-7-2-8-18-32)40-26-14-24-37(29-33-19-9-3-10-20-33)30-34-21-11-4-12-22-34/h1-12,15-22H,13-14,23-30H2",BHGYWPQWSIZHDX-UHFFFAOYSA-N,BHGYWPQWSIZHDX,0.0027410785689982,0.0027410785689982,0.0027410785689982,Score column,0.0027410785689982,0,0.0002626412354107119,True,0.03933613801788893,502.0,514.0
88874_19954376,88874,19954376,"InChI=1S/C24H40N8O6/c1-14(20(34)32-19(23(37)38)6-4-12-29-24(27)28)30-22(36)18(5-2-3-11-25)31-21(35)17(26)13-15-7-9-16(33)10-8-15/h7-10,14,17-19,33H,2-6,11-13,25-26H2,1H3,(H,30,36)(H,31,35)(H,32,34)(H,37,38)(H4,27,28,29)",QTWCDXKRVMDXFS-UHFFFAOYSA-N,QTWCDXKRVMDXFS,0.104425138748336,0.104425138748336,0.104425138748336,Score column,0.104425138748336,0,0.0002621896784719689,True,0.03926850771590092,503.0,321.0
88874_57347195,88874,57347195,"InChI=1S/C24H40N8O6/c1-14(30-21(35)17(26)13-15-7-9-16(33)10-8-15)20(34)31-18(5-2-3-11-25)22(36)32-19(23(37)38)6-4-12-29-24(27)28/h7-10,14,17-19,33H,2-6,11-13,25-26H2,1H3,(H,30,35)(H,31,34)(H,32,36)(H,37,38)(H4,27,28,29)/t14-,17-,18-,19-/m0/s1",QVSVFXRKGVINTR-QZHFEQFPSA-N,QVSVFXRKGVINTR,0.1040118749934892,0.1040118749934892,0.1040118749934892,Score column,0.1040118749934892,0,0.0002616703547366813,True,0.039190727887857955,504.0,322.0
88874_148128443,88874,148128443,"InChI=1S/C27H44N4O5S/c1-6-30(37(33,34)27-21(3)17-25(35-5)18-22(27)4)15-16-36-20-26(32)31(7-2)24-10-8-9-23(19-24)29-13-11-28-12-14-29/h6,17-18,23-24,28H,1,7-16,19-20H2,2-5H3/t23-,24+/m1/s1",JUOXNXHOTBPABA-RPWUZVMVSA-N,JUOXNXHOTBPABA,0.086822051553272,0.086822051553272,0.086822051553272,Score column,0.086822051553272,0,0.0002611252577519891,True,0.0391090879649058,505.0,371.0
88874_173233286,88874,173233286,"InChI=1S/C27H44N4O5S/c1-18(2)16-23(25(32)29-31(17-19(3)4)27(34)20(5)28)22(12-8-10-21-11-9-15-37-21)26(33)30-36-24-13-6-7-14-35-24/h8-11,15,18-20,22-24H,6-7,12-14,16-17,28H2,1-5H3,(H,29,32)(H,30,33)/t20-,22?,23-,24?/m1/s1",BUHQPFKJRSYXHP-KRPFDRHASA-N,BUHQPFKJRSYXHP,0.0975068753877406,0.0975068753877406,0.0975068753877406,Score column,0.0975068753877406,0,0.00026062317326829877,True,0.03903389008321674,506.0,341.0
88874_152106430,88874,152106430,"InChI=1S/C30H41BN2O6/c1-7-28(4)15-24(29(5)18(2)10-12-30(19(3)27(28)36)13-11-23(34)26(29)30)39-25(35)17-38-21-9-8-20-16-32-33(6)31(37)22(20)14-21/h7-9,14,16,18-19,24,26-27,36-37H,1,10-13,15,17H2,2-6H3/t18-,19+,24-,26+,27+,28-,29+,30+/m1/s1",VCHUFLARWZZCNF-HMBPLSHCSA-N,VCHUFLARWZZCNF,0.0617762807750476,0.0617762807750476,0.0617762807750476,Score column,0.0617762807750476,0,0.0002600016324346002,True,0.03894080106016258,507.0,436.0
88874_15866852,88874,15866852,"InChI=1S/C35H40N2O3/c1-3-12-30(13-4-1)26-36-20-11-21-37(27-31-14-5-2-6-15-31)29-33-17-8-10-19-35(33)40-25-23-38-22-24-39-34-18-9-7-16-32(34)28-36/h1-10,12-19H,11,20-29H2",HNNWCASTLFTWKX-UHFFFAOYSA-N,HNNWCASTLFTWKX,0.0129752832952356,0.0129752832952356,0.0129752832952356,Score column,0.0129752832952356,0,0.00025931037048877395,True,0.0388372698105284,508.0,511.0
88874_130227814,88874,130227814,"InChI=1S/C24H40N8O6/c1-2-3-10-37-23(35)14-4-6-15(7-5-14)31-24(36)27-9-8-26-11-16-18(33)19(34)22(38-16)32-13-30-17-20(25)28-12-29-21(17)32/h4-7,16-22,26,28-30,33-34H,2-3,8-13,25H2,1H3,(H2,27,31,36)/t16-,17?,18-,19-,20?,21?,22-/m1/s1",IHNQHYFEDGPKSN-PGLDKHLQSA-N,IHNQHYFEDGPKSN,0.0979452361117715,0.0979452361117715,0.0979452361117715,Score column,0.0979452361117715,0,0.00025874786422009174,True,0.0387530224752377,509.0,338.0
88874_145033630,88874,145033630,"InChI=1S/C33H37FN6/c1-10-25(18-27(11-2)38-21(6)17-20(4)5)33-30(34)29-28(19-37-33)40-32(29)24(9)39-23(8)22(7)31(36-12-3)26-13-15-35-16-14-26/h10-16,18-20,38-39H,2-3,6,9,17H2,1,4-5,7-8H3/b23-22+,25-10+,27-18+,36-31?",VIARUIXKDVMSII-PRXBAFFDSA-N,VIARUIXKDVMSII,0.0762302704083251,0.0762302704083251,0.0762302704083251,Score column,0.0762302704083251,0,0.000258260680541684,True,0.03868005630759102,510.0,402.0
88874_18239946,88874,18239946,"InChI=1S/C24H40N8O6/c1-14(26)20(34)32-19(13-15-7-9-16(33)10-8-15)22(36)30-17(5-2-3-11-25)21(35)31-18(23(37)38)6-4-12-29-24(27)28/h7-10,14,17-19,33H,2-6,11-13,25-26H2,1H3,(H,30,36)(H,31,35)(H,32,34)(H,37,38)(H4,27,28,29)",DMVCLWVZCPMJNY-UHFFFAOYSA-N,DMVCLWVZCPMJNY,0.1006089595096103,0.1006089595096103,0.1006089595096103,Score column,0.1006089595096103,0,0.0002575916488763026,True,0.03857985451754603,511.0,331.0
88874_18237299,88874,18237299,"InChI=1S/C24H40N8O6/c1-14(26)20(34)30-17(5-2-3-11-25)21(35)32-19(13-15-7-9-16(33)10-8-15)22(36)31-18(23(37)38)6-4-12-29-24(27)28/h7-10,14,17-19,33H,2-6,11-13,25-26H2,1H3,(H,30,34)(H,31,36)(H,32,35)(H,37,38)(H4,27,28,29)",ZAWAYKUCTKOKOG-UHFFFAOYSA-N,ZAWAYKUCTKOKOG,0.1006089595096103,0.1006089595096103,0.1006089595096103,Score column,0.1006089595096103,0,0.0002575916488763026,True,0.03857985451754603,511.0,331.0
88874_19950421,88874,19950421,"InChI=1S/C24H40N8O6/c1-14(20(34)32-19(23(37)38)5-2-3-11-25)30-22(36)18(6-4-12-29-24(27)28)31-21(35)17(26)13-15-7-9-16(33)10-8-15/h7-10,14,17-19,33H,2-6,11-13,25-26H2,1H3,(H,30,36)(H,31,35)(H,32,34)(H,37,38)(H4,27,28,29)",ZXQPFCZHNBRVAG-UHFFFAOYSA-N,ZXQPFCZHNBRVAG,0.1004298906688502,0.1004298906688502,0.1004298906688502,Score column,0.1004298906688502,0,0.00025712514844800007,True,0.038509986108632946,512.0,334.0
88874_101745735,88874,101745735,"InChI=1S/C24H38N8O6/c1-17-15-31(23(37)27-21(17)35)9-3-5-19(33)29(11-7-25)13-14-30(12-8-26)20(34)6-4-10-32-16-18(2)22(36)28-24(32)38/h15-16H,3-14,25-26H2,1-2H3,(H,27,35,37)(H,28,36,38)/p+2",VMYTUUUQMHKTIT-UHFFFAOYSA-P,VMYTUUUQMHKTIT,0.1011175938753677,0.1011175938753677,0.1011175938753677,Score column,0.1011175938753677,0,0.000256694696096092,True,0.03844551666955837,513.0,329.0
88874_19950051,88874,19950051,"InChI=1S/C24H40N8O6/c1-14(30-21(35)17(26)13-15-7-9-16(33)10-8-15)20(34)31-18(6-4-12-29-24(27)28)22(36)32-19(23(37)38)5-2-3-11-25/h7-10,14,17-19,33H,2-6,11-13,25-26H2,1H3,(H,30,35)(H,31,34)(H,32,36)(H,37,38)(H4,27,28,29)",USFHIYUIECLUMA-UHFFFAOYSA-N,USFHIYUIECLUMA,0.1000166269140034,0.1000166269140034,0.1000166269140034,Score column,0.1000166269140034,0,0.0002565955748160756,True,0.038430671139513796,514.0,336.0
88874_155065465,88874,155065465,"InChI=1S/C40H40O/c1-2-12-27-25(11-1)23-36(29-14-4-3-13-28(27)29)40-33-18-7-5-16-31(33)39(32-17-6-8-19-34(32)40)26-21-22-38-35(24-26)30-15-9-10-20-37(30)41-38/h4-7,9-10,14-15,17-18,20,22-24,26,28-29,31,34,40H,1-3,8,11-13,16,19,21H2",OZZRQGIXPQVYHT-UHFFFAOYSA-N,OZZRQGIXPQVYHT,0.0598257370244881,0.0598257370244881,0.0598257370244881,Score column,0.0598257370244881,0,0.00025518843476856473,True,0.038219921844823534,515.0,440.0
88874_143908561,88874,143908561,"InChI=1S/C32H41F5O/c33-28-17-27(18-29(34)30(28)35)38-32(36,37)26-11-7-24(8-12-26)22-3-1-21(2-4-22)23-5-9-25(10-6-23)31-15-13-20(19-31)14-16-31/h13,15,17-18,20-26H,1-12,14,16,19H2/t20?,21?,22?,23?,24?,25?,26?,31-/m0/s1",PBQVSTHARQQEQW-GAOMWKBPSA-N,PBQVSTHARQQEQW,0.1060777536862038,0.1060777536862038,0.1060777536862038,Score column,0.1060777536862038,0,0.0002545666525716289,True,0.03812679667246632,516.0,316.0
88874_88206488,88874,88206488,"InChI=1S/C30H39FN5O3/c1-22(38)26-18-27(23(2)39)20-29(19-26)35(21-32)30(33)34-11-3-12-36(13-4-16-37)14-9-25(10-15-36)17-24-5-7-28(31)8-6-24/h5-8,18-20,25,37H,3-4,9-17H2,1-2H3,(H2,33,34)/q+1",LTPGNEXYUQBLKY-UHFFFAOYSA-N,LTPGNEXYUQBLKY,0.0554094047050937,0.0554094047050937,0.0554094047050937,Score column,0.0554094047050937,0,0.00025334492196219026,True,0.03794381640358963,517.0,453.0
88874_88071641,88874,88071641,"InChI=1S/C27H44N4O5S/c1-17(2)15-21(25(33)30-29)23(26(34)31-36-22-10-6-7-13-35-22)27(16-18(3)4,24(32)19(5)28)12-11-20-9-8-14-37-20/h8-9,11-12,14,17-19,21-23H,6-7,10,13,15-16,28-29H2,1-5H3,(H,30,33)(H,31,34)/b12-11+/t19-,21-,22?,23?,27?/m1/s1",SPJFAXGPKJNZQP-PNWGCRHYSA-N,SPJFAXGPKJNZQP,0.0866500636992985,0.0866500636992985,0.0866500636992985,Score column,0.0866500636992985,0,0.00025157090093979825,True,0.037678118842144934,518.0,372.0
88874_18433273,88874,18433273,"InChI=1S/C30H39FN5O3/c1-22(38)26-18-27(23(2)39)20-29(19-26)35-30(34-21-32)33-11-3-12-36(13-4-16-37)14-9-25(10-15-36)17-24-5-7-28(31)8-6-24/h5-8,18-20,25,37H,3-4,9-17H2,1-2H3,(H2,33,34,35)/q+1",UZRFNYRIRSIRFC-UHFFFAOYSA-N,UZRFNYRIRSIRFC,0.053904400072322,0.053904400072322,0.053904400072322,Score column,0.053904400072322,0,0.00024962711877611393,True,0.03738699592175573,519.0,456.0
88874_18244909,88874,18244909,"InChI=1S/C24H40N8O6/c1-14(20(34)32-19(23(37)38)13-15-7-9-16(33)10-8-15)30-22(36)18(6-2-3-11-25)31-21(35)17(26)5-4-12-29-24(27)28/h7-10,14,17-19,33H,2-6,11-13,25-26H2,1H3,(H,30,36)(H,31,35)(H,32,34)(H,37,38)(H4,27,28,29)",QXIUBPWEFRJEPU-UHFFFAOYSA-N,QXIUBPWEFRJEPU,0.0942680481302917,0.0942680481302917,0.0942680481302917,Score column,0.0942680481302917,0,0.00024958995839199054,True,0.037381430360063216,520.0,346.0
88874_57766275,88874,57766275,"InChI=1S/C27H44N4O5S/c1-17(2)36-26-23(25(32)29-24-21-11-20-12-22(24)15-27(33,13-20)14-21)16-28-31(26)10-7-19-5-8-30(9-6-19)37(34,35)18(3)4/h16-22,24,33H,5-15H2,1-4H3,(H,29,32)",KNHZXNCMLIULNC-UHFFFAOYSA-N,KNHZXNCMLIULNC,0.1065178123865378,0.1065178123865378,0.1065178123865378,Score column,0.1065178123865378,0,0.00024947321259888457,True,0.037363945182522666,521.0,314.0
88874_18302736,88874,18302736,"InChI=1S/C24H40N8O6/c1-14(20(34)32-19(23(37)38)13-15-7-9-16(33)10-8-15)30-22(36)18(6-4-12-29-24(27)28)31-21(35)17(26)5-2-3-11-25/h7-10,14,17-19,33H,2-6,11-13,25-26H2,1H3,(H,30,36)(H,31,35)(H,32,34)(H,37,38)(H4,27,28,29)",TUOAEQOZXSYLJL-UHFFFAOYSA-N,TUOAEQOZXSYLJL,0.0941316687721257,0.0941316687721257,0.0941316687721257,Score column,0.0941316687721257,0,0.00024940934980241617,True,0.03735438036391313,522.0,347.0
88874_153565184,88874,153565184,"InChI=1S/C30H41ClN6O/c1-21(38)32-24-14-18-36(19-15-24)30(23-9-10-23)29-25-5-2-3-6-26(25)37(34-29)20-13-22-11-16-35(17-12-22)28-8-4-7-27(31)33-28/h4,7-8,22,24H,2-3,5-6,9-20H2,1H3,(H,32,38)",ZZTSCBINPZFKGM-UHFFFAOYSA-N,ZZTSCBINPZFKGM,0.0837167860333702,0.0837167860333702,0.0837167860333702,Score column,0.0837167860333702,0,0.00024892997602576455,True,0.03728258389596308,523.0,382.0
88874_140095623,88874,140095623,"InChI=1S/C30H38F2N6O/c1-21(14-22-6-9-29-33-20-34-38(29)17-22)16-35-18-23-4-2-3-5-25(23)26(19-35)30(39)37-12-10-36(11-13-37)24-7-8-27(31)28(32)15-24/h6-9,15,17,20-21,23,25-26H,2-5,10-14,16,18-19H2,1H3/t21-,23-,25+,26-/m1/s1",KUHJMKMRUIRJSL-VBSYDLGNSA-N,KUHJMKMRUIRJSL,0.0631294014901016,0.0631294014901016,0.0631294014901016,Score column,0.0631294014901016,0,0.00024751221592841195,True,0.03707024402184352,524.0,431.0
88874_163750534,88874,163750534,"InChI=1S/C29H46NO6S/c1-5-13-24(30(34)7-3)15-10-11-16-25(31)20-18-23-19-21-26(36-28(33)14-6-2)29(23)37-22-12-8-9-17-27(32)35-4/h10,13,15,18,20,23,25,31H,5-9,11-12,14,16-17,19,21-22H2,1-4H3/q-1/b15-10-,20-18+,24-13+/t23-,25?/m0/s1",MTXZBCIGKHRYOV-GDTHUVDZSA-N,MTXZBCIGKHRYOV,0.1084410279528174,0.1084410279528174,0.1084410279528174,Score column,0.1084410279528174,0,0.00024445761892786583,True,0.03661275283994813,525.0,308.0
88874_18240757,88874,18240757,"InChI=1S/C24H40N8O6/c1-14(30-21(35)17(26)5-4-12-29-24(27)28)20(34)31-18(6-2-3-11-25)22(36)32-19(23(37)38)13-15-7-9-16(33)10-8-15/h7-10,14,17-19,33H,2-6,11-13,25-26H2,1H3,(H,30,35)(H,31,34)(H,32,36)(H,37,38)(H4,27,28,29)",VGYAZMKMRUKEAO-UHFFFAOYSA-N,VGYAZMKMRUKEAO,0.0892691132946373,0.0892691132946373,0.0892691132946373,Score column,0.0892691132946373,0,0.0002428820734212572,True,0.03637678122869484,526.0,360.0
88874_18302364,88874,18302364,"InChI=1S/C24H40N8O6/c1-14(30-21(35)17(26)5-2-3-11-25)20(34)31-18(6-4-12-29-24(27)28)22(36)32-19(23(37)38)13-15-7-9-16(33)10-8-15/h7-10,14,17-19,33H,2-6,11-13,25-26H2,1H3,(H,30,35)(H,31,34)(H,32,36)(H,37,38)(H4,27,28,29)",MVYZVRJIMJMKLQ-UHFFFAOYSA-N,MVYZVRJIMJMKLQ,0.0891327339364713,0.0891327339364713,0.0891327339364713,Score column,0.0891327339364713,0,0.00024269647304433041,True,0.03634898360570716,527.0,361.0
88874_22651296,88874,22651296,"InChI=1S/C24H40N8O6/c1-14(20(34)31-18(23(37)38)6-2-3-11-25)30-22(36)19(13-15-7-9-16(33)10-8-15)32-21(35)17(26)5-4-12-29-24(27)28/h7-10,14,17-19,33H,2-6,11-13,25-26H2,1H3,(H,30,36)(H,31,34)(H,32,35)(H,37,38)(H4,27,28,29)",ITSFSCRXHURHQM-UHFFFAOYSA-N,ITSFSCRXHURHQM,0.0885095499709818,0.0885095499709818,0.0885095499709818,Score column,0.0885095499709818,0,0.00024201610772498923,True,0.03624708435876546,528.0,362.0
88874_59157866,88874,59157866,"InChI=1S/C32H41FN2O4/c1-19-7-6-8-21(11-19)17-35-26-13-23-9-10-24-25-12-20(2)32(39-5,28(38)18-36)30(25,4)15-27(37)31(24,33)29(23,3)14-22(26)16-34-35/h6-8,11,13,16,20,24-25,27,36-37H,9-10,12,14-15,17-18H2,1-5H3/t20-,24+,25+,27+,29+,30+,31+,32+/m1/s1",YTWCFWMRTCNTRM-LPLDKWTBSA-N,YTWCFWMRTCNTRM,0.0253550642840638,0.0253550642840638,0.0253550642840638,Score column,0.0253550642840638,0,0.00024199714352721998,True,0.03624424406485775,529.0,493.0
88874_18240889,88874,18240889,"InChI=1S/C24H40N8O6/c1-14(30-21(35)17(26)5-4-12-29-24(27)28)20(34)32-19(13-15-7-9-16(33)10-8-15)22(36)31-18(23(37)38)6-2-3-11-25/h7-10,14,17-19,33H,2-6,11-13,25-26H2,1H3,(H,30,35)(H,31,36)(H,32,34)(H,37,38)(H4,27,28,29)",PKZVOAPCNWNPAO-UHFFFAOYSA-N,PKZVOAPCNWNPAO,0.0880962862161349,0.0880962862161349,0.0880962862161349,Score column,0.0880962862161349,0,0.00024145044273957467,True,0.036162363938137834,530.0,364.0
88874_19954395,88874,19954395,"InChI=1S/C24H40N8O6/c1-14(23(37)38)30-21(35)19(6-4-12-29-24(27)28)32-22(36)18(5-2-3-11-25)31-20(34)17(26)13-15-7-9-16(33)10-8-15/h7-10,14,17-19,33H,2-6,11-13,25-26H2,1H3,(H,30,35)(H,31,34)(H,32,36)(H,37,38)(H4,27,28,29)",MYJQHFIDERAXIP-UHFFFAOYSA-N,MYJQHFIDERAXIP,0.0863993719883438,0.0863993719883438,0.0863993719883438,Score column,0.0863993719883438,0,0.00023847865069704977,True,0.035717274568365334,531.0,373.0
88874_19950628,88874,19950628,"InChI=1S/C24H40N8O6/c1-14(23(37)38)30-21(35)18(5-2-3-11-25)32-22(36)19(6-4-12-29-24(27)28)31-20(34)17(26)13-15-7-9-16(33)10-8-15/h7-10,14,17-19,33H,2-6,11-13,25-26H2,1H3,(H,30,35)(H,31,34)(H,32,36)(H,37,38)(H4,27,28,29)",WYMWPOPGDVXELZ-UHFFFAOYSA-N,WYMWPOPGDVXELZ,0.0863993719883438,0.0863993719883438,0.0863993719883438,Score column,0.0863993719883438,0,0.00023847865069704977,True,0.035717274568365334,531.0,373.0
88874_59809997,88874,59809997,"InChI=1S/C32H41FN2O4/c1-5-20-6-8-21(9-7-20)17-35-26-13-23-10-11-24-25-12-19(2)32(39,28(38)18-36)30(25,4)15-27(37)31(24,33)29(23,3)14-22(26)16-34-35/h6-9,13,16,19,24-25,27,36-37,39H,5,10-12,14-15,17-18H2,1-4H3/t19-,24+,25+,27+,29+,30+,31+,32+/m1/s1",VVRWFFCOWFAIEF-UOWDCGDYSA-N,VVRWFFCOWFAIEF,0.0321005459297627,0.0321005459297627,0.0321005459297627,Score column,0.0321005459297627,0,0.0002321018352138325,True,0.03476221016817627,532.0,487.0
88874_170966359,88874,170966359,"InChI=1S/C24H40N8O6/c1-14(2)19(27-3)22(35)32-18(6-5-10-30-23(26)36)21(34)31-16-8-7-15(13-38-24(37)28-4)17(12-16)20(33)29-11-9-25/h7-8,12,14,18-19,27H,5-6,9-11,13,25H2,1-4H3,(H,28,37)(H,29,33)(H,31,34)(H,32,35)(H3,26,30,36)/t18-,19-/m0/s1",ZAQVHEJSYDDHPR-OALUTQOASA-N,ZAQVHEJSYDDHPR,0.0772193508480243,0.0772193508480243,0.0772193508480243,Score column,0.0772193508480243,0,0.00023185944550572728,True,0.034725907129176205,533.0,396.0
88874_173947385,88874,173947385,"InChI=1S/C40H40O/c1-6-27-21(5)12-31-22-10-11-23-13-24-15-26-17-39-37(20-35(26)29(8-3)33(24)18-32(23)27)30(9-4)36-19-34(28(31)7-2)25(14-22)16-38(36)40(39)41/h10,12-13,16-20,27-30H,5-9,11,14-15H2,1-4H3",DMXIMPHDAQAPQZ-UHFFFAOYSA-N,DMXIMPHDAQAPQZ,0.0181036642765113,0.0181036642765113,0.0181036642765113,Score column,0.0181036642765113,0,0.0002318594210651821,True,0.034725903468682234,534.0,502.0
88874_21383337,88874,21383337,"InChI=1S/C28H40N8OS/c1-23-22-24(2)31-26(30-23)32-27(33-28(38)29-11-7-13-35-18-20-37-21-19-35)36-16-14-34(15-17-36)12-6-10-25-8-4-3-5-9-25/h3-6,8-10,22H,7,11-21H2,1-2H3,(H2,29,30,31,32,33,38)/b10-6+",GTZLOPKTRHADFB-UXBLZVDNSA-N,GTZLOPKTRHADFB,0.0353746741926831,0.0353746741926831,0.0353746741926831,Score column,0.0353746741926831,0,0.0002301247497699782,True,0.03446609936984335,535.0,483.0
88874_73057813,88874,73057813,"InChI=1S/C22H39F3N8O4/c23-22(24,25)18(35)14-6-2-4-11-30-17(34)9-13-29-15(7-1-3-10-26)19(36)33-16(20(37)32-14)8-5-12-31-21(27)28/h14-16,29H,1-13,26H2,(H,30,34)(H,32,37)(H,33,36)(H4,27,28,31)/t14-,15-,16-/m0/s1",XPRWNQLQIDIUIM-JYJNAYRXSA-N,XPRWNQLQIDIUIM,0.120079348784119,0.120079348784119,0.120079348784119,Score column,0.120079348784119,0,0.00022873403474828768,True,0.03425781007379575,536.0,278.0
88874_177953795,88874,177953795,"InChI=1S/C30H38F2N6O/c1-19-25-24(17-36(2)26(19)22-7-3-4-8-23(22)27(31)32)28(37-15-20-9-10-21(16-37)33-20)35-29(34-25)39-18-30-11-5-13-38(30)14-6-12-30/h3-4,7-8,20-21,27,33H,5-6,9-18H2,1-2H3",VBCPZTDEOIYBOH-UHFFFAOYSA-N,VBCPZTDEOIYBOH,0.035047150784906,0.035047150784906,0.035047150784906,Score column,0.035047150784906,0,0.00022845281296040069,True,0.034215691100951816,537.0,484.0
88874_18239756,88874,18239756,"InChI=1S/C24H40N8O6/c1-14(26)20(34)32-19(13-15-7-9-16(33)10-8-15)22(36)30-17(6-4-12-29-24(27)28)21(35)31-18(23(37)38)5-2-3-11-25/h7-10,14,17-19,33H,2-6,11-13,25-26H2,1H3,(H,30,36)(H,31,35)(H,32,34)(H,37,38)(H4,27,28,29)",UTYKVZJXSCGGDV-UHFFFAOYSA-N,UTYKVZJXSCGGDV,0.0787939808112566,0.0787939808112566,0.0787939808112566,Score column,0.0787939808112566,0,0.0002279606945301584,True,0.03414198584875528,538.0,390.0
88874_18233346,88874,18233346,"InChI=1S/C24H40N8O6/c1-14(26)20(34)30-17(6-4-12-29-24(27)28)21(35)32-19(13-15-7-9-16(33)10-8-15)22(36)31-18(23(37)38)5-2-3-11-25/h7-10,14,17-19,33H,2-6,11-13,25-26H2,1H3,(H,30,34)(H,31,36)(H,32,35)(H,37,38)(H4,27,28,29)",RFHNKVRKJAYGBD-UHFFFAOYSA-N,RFHNKVRKJAYGBD,0.0787939808112566,0.0787939808112566,0.0787939808112566,Score column,0.0787939808112566,0,0.0002279606945301584,True,0.03414198584875528,538.0,390.0
88874_172955998,88874,172955998,"InChI=1S/C30H38F2N6O/c1-36-11-13-37(14-12-36)9-4-10-38(29-34-27-17-25(31)26(32)18-28(27)35-29)24-7-8-30(19-23(30)16-24)22-6-3-5-21(15-22)20-33-39-2/h3,5-6,15,17-18,20,23-24H,4,7-14,16,19H2,1-2H3,(H,34,35)/b33-20+/t23-,24+,30?/m0/s1",DCXKBEUXVLUXJH-FFHGAXQKSA-N,DCXKBEUXVLUXJH,0.0452264375628142,0.0452264375628142,0.0452264375628142,Score column,0.0452264375628142,0,0.00022781741045432903,True,0.03412052599621622,539.0,472.0
88874_59810494,88874,59810494,"InChI=1S/C32H41FN2O4/c1-5-20-7-6-8-21(12-20)16-35-17-22-14-29(3)23(13-26(22)34-35)9-10-24-25-11-19(2)32(39,28(38)18-36)30(25,4)15-27(37)31(24,29)33/h6-8,12-13,17,19,24-25,27,36-37,39H,5,9-11,14-16,18H2,1-4H3/t19-,24+,25+,27+,29+,30+,31+,32+/m1/s1",VNVJTSVFBPTNDN-UOWDCGDYSA-N,VNVJTSVFBPTNDN,0.0321009403958209,0.0321009403958209,0.0321009403958209,Score column,0.0321009403958209,0,0.00022470941708860488,True,0.03365503756747948,540.0,486.0
88874_143575340,88874,143575340,"InChI=1S/C27H44N4O5S/c1-16(2)24(28)21(25(29)36-23-14-19(33)13-20(15-32)37-23)12-18-10-8-17(9-11-18)6-5-7-22(34)31-27(3,4)26(30)35/h8-11,16,19-20,23,25,32-33H,5-7,12-15,28-29H2,1-4H3,(H2,30,35)(H,31,34)/b24-21-",KWPMKZXRRVIQTF-FLFQWRMESA-N,KWPMKZXRRVIQTF,0.0561518341437207,0.0561518341437207,0.0561518341437207,Score column,0.0561518341437207,0,0.0002228344898714902,True,0.03337422714686679,541.0,448.0
88874_169846190,88874,169846190,"InChI=1S/C38H38N3/c1-26-15-17-27(18-16-26)38(34-13-7-5-11-30(34)33-24-40(25-39)22-21-35(33)38)28-19-20-37-32(23-28)31-12-6-8-14-36(31)41(37)29-9-3-2-4-10-29/h2-7,9,11-13,15,17,19-24,29,31-33,35-37H,8,10,14,16,18H2,1H3/q+1",OKELVRFACHMFTI-UHFFFAOYSA-N,OKELVRFACHMFTI,0.0115666716619919,0.0115666716619919,0.0115666716619919,Score column,0.0115666716619919,0,0.0002214640375687292,True,0.03316897262602188,542.0,512.0
88874_75181350,88874,75181350,"InChI=1S/C27H44N4O5S/c32-27(14-13-25-10-9-15-28-24-25)29-16-7-2-1-3-8-23-37(33,34)31(26-11-5-4-6-12-26)36-22-19-30-17-20-35-21-18-30/h9-10,13-15,24,26H,1-8,11-12,16-23H2,(H,29,32)",OFQFXBCQFLAFQN-UHFFFAOYSA-N,OFQFXBCQFLAFQN,0.0840570974917618,0.0840570974917618,0.0840570974917618,Score column,0.0840570974917618,0,0.00021845807287535228,True,0.03271876517146635,543.0,381.0
88874_131667623,88874,131667623,"InChI=1S/C30H53BrOSi/c1-21(10-9-19-31)25-13-14-26-24-12-11-22-20-23(32-33(7,8)28(2,3)4)15-17-29(22,5)27(24)16-18-30(25,26)6/h11,21,23-27H,9-10,12-20H2,1-8H3/t21-,23+,24+,25-,26+,27+,29+,30-/m1/s1",GRPMVEFKZYTBJO-NXUCFJMCSA-N,GRPMVEFKZYTBJO,0.0698962524194021,0.0698962524194021,0.0698962524194021,Score column,0.0698962524194021,0,0.00021758400792330125,True,0.03258785526489089,544.0,411.0
88874_18233214,88874,18233214,"InChI=1S/C24H40N8O6/c1-14(26)20(34)30-18(6-4-12-29-24(27)28)21(35)31-17(5-2-3-11-25)22(36)32-19(23(37)38)13-15-7-9-16(33)10-8-15/h7-10,14,17-19,33H,2-6,11-13,25-26H2,1H3,(H,30,34)(H,31,35)(H,32,36)(H,37,38)(H4,27,28,29)",LHYVBVQFZKHZFV-UHFFFAOYSA-N,LHYVBVQFZKHZFV,0.069857137332191,0.069857137332191,0.069857137332191,Score column,0.069857137332191,0,0.00021449341901153614,True,0.03212497352509235,545.0,412.0
88874_13857660,88874,13857660,"InChI=1S/C24H40N8O6/c1-14(26)20(34)30-17(5-2-3-11-25)21(35)31-18(6-4-12-29-24(27)28)22(36)32-19(23(37)38)13-15-7-9-16(33)10-8-15/h7-10,14,17-19,33H,2-6,11-13,25-26H2,1H3,(H,30,34)(H,31,35)(H,32,36)(H,37,38)(H4,27,28,29)",CAXHDAHWNQSBNX-UHFFFAOYSA-N,CAXHDAHWNQSBNX,0.069857137332191,0.069857137332191,0.069857137332191,Score column,0.069857137332191,0,0.00021449341901153614,True,0.03212497352509235,545.0,412.0
88874_143495630,88874,143495630,"InChI=1S/C30H41ClN6O/c1-3-26(33-4-2)21-34-28-7-5-25(31)6-8-29(28)35-27-13-19-37(20-14-27)30(38)24-11-17-36(18-12-24)22-23-9-15-32-16-10-23/h3-5,9-10,15-16,24,27,34-35H,1-2,6-8,11-14,17-22H2",WHZCKWCRHZSXCQ-UHFFFAOYSA-N,WHZCKWCRHZSXCQ,0.067527103393176,0.067527103393176,0.067527103393176,Score column,0.067527103393176,0,0.00021432500960463948,True,0.03209975061726206,546.0,417.0
88874_68382941,88874,68382941,"InChI=1S/C24H40N8O6/c25-11-1-3-16(27)22(36)30-18(9-10-20(28)34)24(38)31-17(4-2-12-26)23(37)32-19(21(29)35)13-14-5-7-15(33)8-6-14/h5-8,16-19,33H,1-4,9-13,25-27H2,(H2,28,34)(H2,29,35)(H,30,36)(H,31,38)(H,32,37)/t16-,17-,18-,19?/m0/s1",MCEJZHHQMMWZGT-CMIFXSJHSA-N,MCEJZHHQMMWZGT,0.0780263547953844,0.0780263547953844,0.0780263547953844,Score column,0.0780263547953844,0,0.00021278566298817077,True,0.03186920056342876,547.0,395.0
88874_143883958,88874,143883958,"InChI=1S/C30H38F2N6O/c1-3-22(19-33-21(2)37-15-4-5-16-37)27(38-17-13-30(31,32)14-18-38)20-34-29(39)25-7-6-8-26-24(25)11-12-28(36-26)35-23-9-10-23/h3,6-8,11-12,19,23,27H,1,4-5,9-10,13-18,20H2,2H3,(H,34,39)(H,35,36)/b22-19+,33-21?",RSMSSMRQDGKICG-GXVIAJBKSA-N,RSMSSMRQDGKICG,0.0414437605424975,0.0414437605424975,0.0414437605424975,Score column,0.0414437605424975,0,0.0002070493291687338,True,0.03101006198039096,548.0,475.0
88874_172563505,88874,172563505,"InChI=1S/C23H44N4O10/c24-22(34)3-1-2-21-4-27(26-25-21)14-23(15-35-11-18(5-28)6-29,16-36-12-19(7-30)8-31)17-37-13-20(9-32)10-33/h4,18-20,28-33H,1-3,5-17H2,(H2,24,34)",XSLNWVVXSHBEPZ-UHFFFAOYSA-N,XSLNWVVXSHBEPZ,0.0961998864834984,0.0961998864834984,0.0961998864834984,Score column,0.0961998864834984,0,0.00020556884115653125,True,0.030788327260438245,549.0,344.0
88874_224776,88874,224776,"InChI=1S/C26H49O9P/c1-6-11-16-31-23(27)21-22(25(28)32-17-12-7-2)24(26(29)33-18-13-8-3)36(30,34-19-14-9-4)35-20-15-10-5/h22,24H,6-21H2,1-5H3",MOIBJQDWOFUMFH-UHFFFAOYSA-N,MOIBJQDWOFUMFH,0.0690595476995908,0.0690595476995908,0.0690595476995908,Score column,0.0690595476995908,0,0.00020383099301905463,True,0.030528047361575404,550.0,413.0
88874_155062810,88874,155062810,"InChI=1S/C24H40N8O6/c1-5-19(34)18(7-6-11-27-24(25)38)28-23(37)22(15(2)3)29-21(36)14-32-13-17(30-31-32)8-9-20(35)26-12-10-16(4)33/h13,15,18,22H,5-12,14H2,1-4H3,(H,26,35)(H,28,37)(H,29,36)(H3,25,27,38)/t18-,22?/m0/s1",QIZVVJKRFCMSBI-HXBUSHRASA-N,QIZVVJKRFCMSBI,0.0870969735052075,0.0870969735052075,0.0870969735052075,Score column,0.0870969735052075,0,0.00020369247749689324,True,0.03050730170185887,551.0,369.0
88874_126541521,88874,126541521,"InChI=1S/C23H44N4O10/c1-26-16-18(31)20-13(8-12(25)21(36-20)33-11-4-2-3-10(29)7-11)34-22(16)37-23-19(32)17(30)15(27-6-5-24)14(9-28)35-23/h10-23,26-32H,2-9,24-25H2,1H3/t10-,11-,12+,13+,14?,15-,16?,17+,18?,19?,20?,21+,22?,23-/m1/s1",QSMXOSALHJZDPG-BHHBOMARSA-N,QSMXOSALHJZDPG,0.1121456895496723,0.1121456895496723,0.1121456895496723,Score column,0.1121456895496723,0,0.00020277581749205493,True,0.030370012275811924,552.0,292.0
88874_89222807,88874,89222807,"InChI=1S/C23H44N4O10/c1-4-25-11-7-6-10-15(23(36)37-3)27-21(34)14(24)9-5-8-12-26-22(35)20(33)19(32)18(31)17(30)16(29)13(2)28/h13-15,17-20,25,28,30-33H,4-12,24H2,1-3H3,(H,26,35)(H,27,34)/t13?,14-,15?,17?,18?,19-,20+/m0/s1",DUCLLYHUPLCYLD-QCLHIJLKSA-N,DUCLLYHUPLCYLD,0.0840991733638079,0.0840991733638079,0.0840991733638079,Score column,0.0840991733638079,0,0.00019983654117852176,True,0.02992979283136311,553.0,380.0
88874_102078058,88874,102078058,"InChI=1S/C24H40N8O6/c25-9-1-5-15-21(35)27-13-19(33)32-12-4-8-18(32)24(38)30-16(6-2-10-26)22(36)28-14-20(34)31-11-3-7-17(31)23(37)29-15/h15-18H,1-14,25-26H2,(H,27,35)(H,28,36)(H,29,37)(H,30,38)/t15-,16-,17-,18-/m0/s1",DSMKNVLNQIPGEX-XSLAGTTESA-N,DSMKNVLNQIPGEX,0.0799941680910542,0.0799941680910542,0.0799941680910542,Score column,0.0799941680910542,0,0.0001992977020869201,True,0.02984909016164131,554.0,387.0
88874_19927344,88874,19927344,"InChI=1S/C24H40N8O6/c1-14(29-19(33)15-6-2-10-27-15)21(35)31-12-4-8-17(31)20(34)30-16(7-3-11-28-24(25)26)22(36)32-13-5-9-18(32)23(37)38/h14-18,27H,2-13H2,1H3,(H,29,33)(H,30,34)(H,37,38)(H4,25,26,28)",ZYFWBKULUFHTHC-UHFFFAOYSA-N,ZYFWBKULUFHTHC,0.1053715799281276,0.1053715799281276,0.1053715799281276,Score column,0.1053715799281276,0,0.000199088546211637,True,0.02981776459936042,555.0,318.0
88874_11883013,88874,11883013,"InChI=1S/C27H44N4O5S/c1-25(2,3)23(35)30-24-29-22-17(14-21(34)28-8-9-31-10-12-36-13-11-31)26(4)7-6-20(33)27(5,16-32)19(26)15-18(22)37-24/h17,19-20,32-33H,6-16H2,1-5H3,(H,28,34)(H,29,30,35)/t17-,19+,20-,26+,27+/m1/s1",QYWAVBUKAUKHDH-CLFWJIOASA-N,QYWAVBUKAUKHDH,0.0638906570198478,0.0638906570198478,0.0638906570198478,Score column,0.0638906570198478,0,0.00019724677517472073,True,0.029541920025326962,556.0,428.0
88874_158870890,88874,158870890,"InChI=1S/C23H44N4O10/c1-22(28)2-3-23(29)25-4-6-30-8-10-32-12-14-34-16-18-36-20-21-37-19-17-35-15-13-33-11-9-31-7-5-26-27-24/h2-21H2,1H3,(H,25,29)",JBVDJGAWYHVUQA-UHFFFAOYSA-N,JBVDJGAWYHVUQA,0.0914768932695961,0.0914768932695961,0.0914768932695961,Score column,0.0914768932695961,0,0.00019463422112460252,True,0.029150634222341994,557.0,356.0
88874_144317415,88874,144317415,"InChI=1S/C32H44N2O3S/c1-22-4-6-27(24-9-16-36-18-24)33-20-31(11-8-26(22)33)13-15-32(38-21-31)14-12-30(3)23(2)5-7-28(34(30)29(32)35)25-10-17-37-19-25/h9-10,16-18,22-23,25-29,35H,4-8,11-12,14,19-21H2,1-3H3/t22-,23-,25+,26+,27?,28?,29-,30+,31+,32+/m1/s1",XBRCOTDXWCEWNV-PBUVEXDFSA-N,XBRCOTDXWCEWNV,0.0685766132185989,0.0685766132185989,0.0685766132185989,Score column,0.0685766132185989,0,0.00018969618690357356,True,0.028411058064958705,558.0,414.0
88874_22651505,88874,22651505,"InChI=1S/C24H40N8O6/c1-14(23(37)38)30-21(35)18(6-2-3-11-25)31-22(36)19(13-15-7-9-16(33)10-8-15)32-20(34)17(26)5-4-12-29-24(27)28/h7-10,14,17-19,33H,2-6,11-13,25-26H2,1H3,(H,30,35)(H,31,36)(H,32,34)(H,37,38)(H4,27,28,29)",CQWNRRZBBAAOAF-UHFFFAOYSA-N,CQWNRRZBBAAOAF,0.053843763333088,0.053843763333088,0.053843763333088,Score column,0.053843763333088,0,0.0001887484067908353,True,0.028269107737672963,559.0,457.0
88874_18245240,88874,18245240,"InChI=1S/C24H40N8O6/c1-14(23(37)38)30-22(36)19(13-15-7-9-16(33)10-8-15)32-21(35)18(6-2-3-11-25)31-20(34)17(26)5-4-12-29-24(27)28/h7-10,14,17-19,33H,2-6,11-13,25-26H2,1H3,(H,30,36)(H,31,34)(H,32,35)(H,37,38)(H4,27,28,29)",XNFPJURIUWNDBH-UHFFFAOYSA-N,XNFPJURIUWNDBH,0.053843763333088,0.053843763333088,0.053843763333088,Score column,0.053843763333088,0,0.0001887484067908353,True,0.028269107737672963,559.0,457.0
88874_18309462,88874,18309462,"InChI=1S/C24H40N8O6/c1-14(23(37)38)30-21(35)18(6-4-12-29-24(27)28)31-22(36)19(13-15-7-9-16(33)10-8-15)32-20(34)17(26)5-2-3-11-25/h7-10,14,17-19,33H,2-6,11-13,25-26H2,1H3,(H,30,35)(H,31,36)(H,32,34)(H,37,38)(H4,27,28,29)",WUYLDWIRNLUJSB-UHFFFAOYSA-N,WUYLDWIRNLUJSB,0.053707383974922,0.053707383974922,0.053707383974922,Score column,0.053707383974922,0,0.00018850921746264683,True,0.028233284023962073,560.0,458.0
88874_18303065,88874,18303065,"InChI=1S/C24H40N8O6/c1-14(23(37)38)30-22(36)19(13-15-7-9-16(33)10-8-15)32-21(35)18(6-4-12-29-24(27)28)31-20(34)17(26)5-2-3-11-25/h7-10,14,17-19,33H,2-6,11-13,25-26H2,1H3,(H,30,36)(H,31,34)(H,32,35)(H,37,38)(H4,27,28,29)",HBMYVAWBXKBBJG-UHFFFAOYSA-N,HBMYVAWBXKBBJG,0.053707383974922,0.053707383974922,0.053707383974922,Score column,0.053707383974922,0,0.00018850921746264683,True,0.028233284023962073,560.0,458.0
88874_153494411,88874,153494411,"InChI=1S/C23H44N4O10/c1-7-13(6-28)35-23(19(33)15(7)29)34-12-4-8-3-11(26)22(36-20(8)17(31)14(12)27-2)37-21-10(25)5-9(24)16(30)18(21)32/h7-23,27-33H,3-6,24-26H2,1-2H3/t7-,8-,9-,10?,11?,12?,13?,14?,15+,16?,17?,18-,19?,20?,21-,22-,23+/m1/s1",YFDPZLNXIHMMJF-MQQGWPKUSA-N,YFDPZLNXIHMMJF,0.0933915784642094,0.0933915784642094,0.0933915784642094,Score column,0.0933915784642094,0,0.0001873934124394818,True,0.028066168375409636,561.0,351.0
88874_163223210,88874,163223210,"InChI=1S/C30H38F2N6O/c31-30(32)12-8-22-24(30)4-1-5-26(22)36-15-9-23-25(18-36)34-28(39-19-29-10-2-13-38(29)14-3-11-29)35-27(23)37-16-20-6-7-21(17-37)33-20/h1,4-5,20-21,33H,2-3,6-19H2",MQPUGDIXYKORAG-UHFFFAOYSA-N,MQPUGDIXYKORAG,0.0274963570310698,0.0274963570310698,0.0274963570310698,Score column,0.0274963570310698,0,0.00018693725789187162,True,0.02799784948323636,562.0,491.0
88874_121482530,88874,121482530,"InChI=1S/C33H45O4P/c1-10-19-28-31(22-13-4,23-14-5)35-38(34,36-32(24-15-6,25-16-7)29-20-11-2)37-33(26-17-8,27-18-9)30-21-12-3/h4-9H,10-12,19-30H2,1-3H3",HRYKTYKAICIXOO-UHFFFAOYSA-N,HRYKTYKAICIXOO,0.0044065033679343,0.0044065033679343,0.0044065033679343,Score column,0.0044065033679343,0,0.00017312935262429484,True,0.02592982057492738,563.0,513.0
88874_11756967,88874,11756967,"InChI=1S/C24H40N8O6/c33-11-7-29(8-12-34)23-26-20-19(21(27-23)31-5-1-3-17(37)15-31)25-24(30(9-13-35)10-14-36)28-22(20)32-6-2-4-18(38)16-32/h17-18,33-38H,1-16H2",FGRKPWIVBYUSAC-UHFFFAOYSA-N,FGRKPWIVBYUSAC,0.0616546869053262,0.0616546869053262,0.0616546869053262,Score column,0.0616546869053262,0,0.00016680015524889795,True,0.02498188800405082,564.0,437.0
88874_140907675,88874,140907675,"InChI=1S/C23H44N4O10/c1-23(33)5-8-7-34-22(15(29)9(8)3-13(23)27-2)37-20-11(25)4-10(24)19(18(20)32)36-21-14(26)17(31)16(30)12(6-28)35-21/h8-22,27-33H,3-7,24-26H2,1-2H3",CQKFLJYBNCYSFJ-UHFFFAOYSA-N,CQKFLJYBNCYSFJ,0.0734919889468213,0.0734919889468213,0.0734919889468213,Score column,0.0734919889468213,0,0.00016629862303312265,True,0.02490677283628478,565.0,404.0
88874_132062455,88874,132062455,"InChI=1S/C23H44N4O10/c24-7-11-3-10(29)4-19(32-11)33-16-6-20(34-18(16)9-28)36-22-14(30)2-1-12(26)21(22)37-23-13(27)5-15(31)17(8-25)35-23/h10-23,28-31H,1-9,24-27H2/t10-,11+,12-,13+,14-,15-,16-,17+,18+,19+,20?,21?,22+,23?/m0/s1",SPKICYULCYPBON-CFZVVNQBSA-N,SPKICYULCYPBON,0.0772029690145509,0.0772029690145509,0.0772029690145509,Score column,0.0772029690145509,0,0.00016549327463538066,True,0.02478615470228718,566.0,397.0
88874_21665452,88874,21665452,"InChI=1S/C23H44N4O10/c1-2-35-11-12-36-13-14-37-19-20(28)15-24-3-5-25(16-21(29)30)7-9-27(18-23(33)34)10-8-26(6-4-24)17-22(31)32/h20,28H,2-19H2,1H3,(H,29,30)(H,31,32)(H,33,34)",NESUYWWPKVZDNB-UHFFFAOYSA-N,NESUYWWPKVZDNB,0.0465808816411723,0.0465808816411723,0.0465808816411723,Score column,0.0465808816411723,0,0.00014689892433459204,True,0.02200125335714614,567.0,469.0
88874_14973791,88874,14973791,"InChI=1S/C33H45O4P/c34-28(31-10-19-1-20(11-31)3-21(2-19)12-31)38(37,29(35)32-13-22-4-23(14-32)6-24(5-22)15-32)30(36)33-16-25-7-26(17-33)9-27(8-25)18-33/h19-27H,1-18H2",YGKGUHJFDDHDJA-UHFFFAOYSA-N,YGKGUHJFDDHDJA,0.0,0.0,0.0,Score column,0.0,0,0.00013262721832395613,True,0.019863760375485377,568.0,515.0
